rate_date_raw,base_currency_raw,target_currency_raw,exchange_rate_raw,source_system,record_updated_at,ingestion_timestamp,batch_id
2025-01-01 00:00:00,USD,INR,83.5,MOCK_FX_API,2025-01-01 00:50:00,2026-08-05 02:59:59,BATCH_202501_RAW_FX_RATES_API
2025-01-01 00:00:00,EUR,INR,90.0,MOCK_FX_API,2025-01-01 00:38:00,2026-08-05 02:59:59,BATCH_202501_RAW_FX_RATES_API
2025-01-01 00:00:00,SGD,INR,61.8,MOCK_FX_API,2025-01-01 00:39:00,2026-08-05 02:59:59,BATCH_202501_RAW_FX_RATES_API
2025-01-01 00:00:00,AED,INR,22.7,MOCK_FX_API,2025-01-01 02:31:00,2026-08-05 02:59:59,BATCH_202501_RAW_FX_RATES_API
2025-01-02 00:00:00,USD,INR,83.8432,MOCK_FX_API,2025-01-02 01:23:00,2026-08-05 02:59:59,BATCH_202501_RAW_FX_RATES_API
2025-01-02 00:00:00,EUR,INR,90.0866,MOCK_FX_API,2025-01-02 01:35:00,2026-08-05 02:59:59,BATCH_202501_RAW_FX_RATES_API
2025-01-02 00:00:00,SGD,INR,61.8836,MOCK_FX_API,2025-01-02 01:16:00,2026-08-05 02:59:59,BATCH_202501_RAW_FX_RATES_API
2025-01-02 00:00:00,AED,INR,22.7172,MOCK_FX_API,2025-01-02 01:45:00,2026-08-05 02:59:59,BATCH_202501_RAW_FX_RATES_API
2025-01-03 00:00:00,USD,INR,83.9293,MOCK_FX_API,2025-01-07 00:41:00,2026-08-05 02:59:59,BATCH_202501_RAW_FX_RATES_API
2025-01-03 00:00:00,EUR,INR,90.0453,MOCK_FX_API,2025-01-03 00:46:00,2026-08-05 02:59:59,BATCH_202501_RAW_FX_RATES_API
2025-01-03 00:00:00,SGD,INR,61.8043,MOCK_FX_API,2025-01-03 01:20:00,2026-08-05 02:59:59,BATCH_202501_RAW_FX_RATES_API
2025-01-03 00:00:00,AED,INR,22.7378,MOCK_FX_API,2025-01-03 00:33:00,2026-08-05 02:59:59,BATCH_202501_RAW_FX_RATES_API
2025-01-06 00:00:00,USD,INR,83.7354,MOCK_FX_API,2025-01-06 00:43:00,2026-08-05 02:59:59,BATCH_202501_RAW_FX_RATES_API
2025-01-06 00:00:00,EUR,INR,90.3154,MOCK_FX_API,2025-01-06 02:57:00,2026-08-05 02:59:59,BATCH_202501_RAW_FX_RATES_API
2025-01-06 00:00:00,SGD,INR,62.0063,MOCK_FX_API,2025-01-06 00:25:00,2026-08-05 02:59:59,BATCH_202501_RAW_FX_RATES_API
2025-01-06 00:00:00,AED,N/A,22.7735,MOCK_FX_API,2025-01-06 02:44:00,2026-08-05 02:59:59,BATCH_202501_RAW_FX_RATES_API
2025-01-07 00:00:00,USD,INR,83.7776,MOCK_FX_API,2025-01-07 03:00:00,2026-08-05 02:59:59,BATCH_202501_RAW_FX_RATES_API
2025-01-07 00:00:00,EUR,INR,90.5467,MOCK_FX_API,2025-01-07 02:43:00,2026-08-05 02:59:59,BATCH_202501_RAW_FX_RATES_API
2025-01-07 00:00:00,SGD,INR,61.847,MOCK_FX_API,2025-01-07 00:17:00,2026-08-05 02:59:59,BATCH_202501_RAW_FX_RATES_API
2025-01-07 00:00:00,AED,INR,22.7339,MOCK_FX_API,2025-01-07 02:04:00,2026-08-05 02:59:59,BATCH_202501_RAW_FX_RATES_API
2025-01-08 00:00:00,USD,INR,83.7648,MOCK_FX_API,2025-01-08 01:43:00,2026-08-05 02:59:59,BATCH_202501_RAW_FX_RATES_API
2025-01-08 00:00:00,EUR,INR,90.6016,MOCK_FX_API,2025-01-08 02:25:00,2026-08-05 02:59:59,BATCH_202501_RAW_FX_RATES_API
2025-01-08 00:00:00,SGD,INR,61.8619,MOCK_FX_API,2025-01-08 00:03:00,2026-08-05 02:59:59,BATCH_202501_RAW_FX_RATES_API
2025-01-08 00:00:00,AED,INR,22.7402,MOCK_FX_API,2025-01-08 01:54:00,2026-08-05 02:59:59,BATCH_202501_RAW_FX_RATES_API
2025-01-09 00:00:00,USD,INR,83.8705,MOCK_FX_API,2025-01-09 00:46:00,2026-08-05 02:59:59,BATCH_202501_RAW_FX_RATES_API
2025-01-09 00:00:00,EUR,INR,90.6133,MOCK_FX_API,2025-01-09 00:16:00,2026-08-05 02:59:59,BATCH_202501_RAW_FX_RATES_API
2025-01-09 00:00:00,SGD,INR,61.9206,MOCK_FX_API,2025-01-09 01:56:00,2026-08-05 02:59:59,BATCH_202501_RAW_FX_RATES_API
2025-01-09 00:00:00,AED,INR,22.7514,MOCK_FX_API,2025-01-09 02:48:00,2026-08-05 02:59:59,BATCH_202501_RAW_FX_RATES_API
2025-01-10 00:00:00,USD,INR,83.8122,MOCK_FX_API,2025-01-10 03:00:00,2026-08-05 02:59:59,BATCH_202501_RAW_FX_RATES_API
2025-01-10 00:00:00,EUR,INR,90.5126,MOCK_FX_API,2025-01-10 02:20:00,2026-08-05 02:59:59,BATCH_202501_RAW_FX_RATES_API
2025-01-10 00:00:00,SGD,INR,61.8324,MOCK_FX_API,2025-01-10 02:07:00,2026-08-05 02:59:59,BATCH_202501_RAW_FX_RATES_API
2025-01-10 00:00:00,AED,INR,22.7679,MOCK_FX_API,2025-01-10 01:23:00,2026-08-05 02:59:59,BATCH_202501_RAW_FX_RATES_API
2025-01-13 00:00:00,USD,INR,83.814,MOCK_FX_API,2025-01-13 01:07:00,2026-08-05 02:59:59,BATCH_202501_RAW_FX_RATES_API
2025-01-13 00:00:00,EUR,INR,90.7817,MOCK_FX_API,2025-01-13 02:16:00,2026-08-05 02:59:59,BATCH_202501_RAW_FX_RATES_API
2025-01-13 00:00:00,SGD,INR,61.7443,MOCK_FX_API,2025-01-13 02:33:00,2026-08-05 02:59:59,BATCH_202501_RAW_FX_RATES_API
01-14-2025,USD,INR,84.0891,MOCK_FX_API,2025-01-14 01:05:00,2026-08-05 02:59:59,BATCH_202501_RAW_FX_RATES_API
2025-01-14 00:00:00,EUR,INR,90.7004,MOCK_FX_API,2025-01-14 01:29:00,2026-08-05 02:59:59,BATCH_202501_RAW_FX_RATES_API
2025-01-14 00:00:00,SGD,INR,61.6737,MOCK_FX_API,2025-01-14 01:53:00,2026-08-05 02:59:59,BATCH_202501_RAW_FX_RATES_API
2025-01-14 00:00:00,AED,INR,22.8465,MOCK_FX_API,2025-01-19 01:50:00,2026-08-05 02:59:59,BATCH_202501_RAW_FX_RATES_API
2025-01-15 00:00:00,USD,INR,84.1118,MOCK_FX_API,2025-01-15 02:50:00,2026-08-05 02:59:59,BATCH_202501_RAW_FX_RATES_API
2025-01-15 00:00:00,EUR,INR,90.637,MOCK_FX_API,2025-01-15 02:59:00,2026-08-05 02:59:59,BATCH_202501_RAW_FX_RATES_API
2025-01-15 00:00:00,SGD,INR,61.7248,MOCK_FX_API,2025-01-15 01:21:00,2026-08-05 02:59:59,BATCH_202501_RAW_FX_RATES_API
2025-01-15 00:00:00,AED,INR,22.8816,MOCK_FX_API,2025-01-20 02:25:00,2026-08-05 02:59:59,BATCH_202501_RAW_FX_RATES_API
2025-01-16 00:00:00,USD,INR,83.9992,MOCK_FX_API,2025-01-16 01:45:00,2026-08-05 02:59:59,BATCH_202501_RAW_FX_RATES_API
2025-01-16 00:00:00,EUR,INR,90.8921,MOCK_FX_API,2025-01-16 00:56:00,2026-08-05 02:59:59,BATCH_202501_RAW_FX_RATES_API
2025-01-16 00:00:00,SGD,INR,61.6192,MOCK_FX_API,2025-01-16 00:48:00,2026-08-05 02:59:59,BATCH_202501_RAW_FX_RATES_API
2025-01-16T00:00:00+05:30,AED,INR,22.9026,MOCK_FX_API,2025-01-16 01:26:00,2026-08-05 02:59:59,BATCH_202501_RAW_FX_RATES_API
2025-01-17 00:00:00,USD,INR,84.052,MOCK_FX_API,2025-01-17 02:32:00,2026-08-05 02:59:59,BATCH_202501_RAW_FX_RATES_API
2025-01-17T00:00:00Z,EUR,INR,91.178,MOCK_FX_API,2025-01-17 01:07:00,2026-08-05 02:59:59,BATCH_202501_RAW_FX_RATES_API
2025-01-17 00:00:00,SGD,INR,61.5838,MOCK_FX_API,2025-01-17 01:39:00,2026-08-05 02:59:59,BATCH_202501_RAW_FX_RATES_API
2025-01-17 00:00:00,AED,INR,22.9105,MOCK_FX_API,2025-01-17 00:59:00,2026-08-05 02:59:59,BATCH_202501_RAW_FX_RATES_API
2025-01-20 00:00:00,USD,INR,83.8493,MOCK_FX_API,2025-01-22 01:47:00,2026-08-05 02:59:59,BATCH_202501_RAW_FX_RATES_API
2025-01-20 00:00:00,EUR,INR,91.4263,MOCK_FX_API,2025-01-20 02:28:00,2026-08-05 02:59:59,BATCH_202501_RAW_FX_RATES_API
2025-01-20 00:00:00,SGD,INR,61.6852,MOCK_FX_API,2025-01-20 02:33:00,2026-08-05 02:59:59,BATCH_202501_RAW_FX_RATES_API
2025-01-20 00:00:00,AED,INR,22.8782,MOCK_FX_API,2025-01-20 00:41:00,2026-08-05 02:59:59,BATCH_202501_RAW_FX_RATES_API
21/01/2025,USD,INR,83.9783,MOCK_FX_API,2025-01-21 02:41:00,2026-08-05 02:59:59,BATCH_202501_RAW_FX_RATES_API
2025-01-21 00:00:00,EUR,INR,91.5916,MOCK_FX_API,2025-01-21 00:48:00,2026-08-05 02:59:59,BATCH_202501_RAW_FX_RATES_API
2025-01-21 00:00:00,SGD,INR,61.5877,MOCK_FX_API,2025-01-21 01:45:00,2026-08-05 02:59:59,BATCH_202501_RAW_FX_RATES_API
2025-01-21 00:00:00,AED,INR,22.9226,MOCK_FX_API,2025-01-21 00:33:00,2026-08-05 02:59:59,BATCH_202501_RAW_FX_RATES_API
2025-01-22 00:00:00,USD,INR,83.7976,MOCK_FX_API,2025-01-22 00:01:00,2026-08-05 02:59:59,BATCH_202501_RAW_FX_RATES_API
2025-01-22 00:00:00,EUR,INR,91.5255,MOCK_FX_API,2025-01-22 02:15:00,2026-08-05 02:59:59,BATCH_202501_RAW_FX_RATES_API
2025-01-22 00:00:00,SGD,INR,61.5721,MOCK_FX_API,2025-01-22 00:43:00,2026-08-05 02:59:59,BATCH_202501_RAW_FX_RATES_API
2025-01-22 00:00:00,AED,INR,22.9393,MOCK_FX_API,2025-01-22 02:43:00,2026-08-05 02:59:59,BATCH_202501_RAW_FX_RATES_API
2025-01-23 00:00:00,USD,INR,83.8511,MOCK_FX_API,2025-01-23 01:02:00,2026-08-05 02:59:59,BATCH_202501_RAW_FX_RATES_API
2025-01-23 00:00:00,EUR,INR,91.5577,MOCK_FX_API,2025-01-23 02:24:00,2026-08-05 02:59:59,BATCH_202501_RAW_FX_RATES_API
2025-01-23 00:00:00,SGD,INR,61.4925,MOCK_FX_API,2025-01-23 02:02:00,2026-08-05 02:59:59,BATCH_202501_RAW_FX_RATES_API
2025-01-23 00:00:00,AED,INR,22.9924,MOCK_FX_API,2025-01-23 01:40:00,2026-08-05 02:59:59,BATCH_202501_RAW_FX_RATES_API
01-24-2025,USD,INR,83.9391,MOCK_FX_API,2025-01-24 00:12:00,2026-08-05 02:59:59,BATCH_202501_RAW_FX_RATES_API
2025-01-24 00:00:00,EUR,INR,91.4856,MOCK_FX_API,2025-01-24 02:58:00,2026-08-05 02:59:59,BATCH_202501_RAW_FX_RATES_API
2025-01-24 00:00:00,SGD,INR,61.4394,MOCK_FX_API,2025-01-24 02:28:00,2026-08-05 02:59:59,BATCH_202501_RAW_FX_RATES_API
2025-01-24 00:00:00,AED,INR,23.0409,MOCK_FX_API,2025-01-24 01:10:00,2026-08-05 02:59:59,BATCH_202501_RAW_FX_RATES_API
2025-01-27 00:00:00,USD,INR,83.9858,MOCK_FX_API,2025-01-27 02:10:00,2026-08-05 02:59:59,BATCH_202501_RAW_FX_RATES_API
2025-01-27 00:00:00,EUR,INR,91.0953,MOCK_FX_API,2025-01-27 01:55:00,2026-08-05 02:59:59,BATCH_202501_RAW_FX_RATES_API
2025-01-27 00:00:00,SGD,INR,61.3401,MOCK_FX_API,2025-01-27 01:35:00,2026-08-05 02:59:59,BATCH_202501_RAW_FX_RATES_API
2025-01-27 00:00:00,AED,INR,22.9882,MOCK_FX_API,2025-01-27 00:06:00,2026-08-05 02:59:59,BATCH_202501_RAW_FX_RATES_API
2025-01-28 00:00:00,USD,INR,83.9952,MOCK_FX_API,2025-01-28 00:07:00,2026-08-05 02:59:59,BATCH_202501_RAW_FX_RATES_API
2025-01-28 00:00:00,EUR,INR,91.041,MOCK_FX_API,2025-01-28 02:00:00,2026-08-05 02:59:59,BATCH_202501_RAW_FX_RATES_API
2025-01-28 00:00:00,SGD,INR,61.2685,MOCK_FX_API,2025-01-28 01:28:00,2026-08-05 02:59:59,BATCH_202501_RAW_FX_RATES_API
2025-01-28 00:00:00,AED,INR,22.992,MOCK_FX_API,2025-01-28 02:55:00,2026-08-05 02:59:59,BATCH_202501_RAW_FX_RATES_API
2025-01-29 00:00:00,USD,INR,83.898,MOCK_FX_API,2025-01-29 01:33:00,2026-08-05 02:59:59,BATCH_202501_RAW_FX_RATES_API
2025-01-29 00:00:00,EUR,INR,91.0774,MOCK_FX_API,2025-01-29 00:09:00,2026-08-05 02:59:59,BATCH_202501_RAW_FX_RATES_API
2025-01-29 00:00:00,SGD,INR,61.3275,MOCK_FX_API,2025-01-29 01:05:00,2026-08-05 02:59:59,BATCH_202501_RAW_FX_RATES_API
2025-01-29 00:00:00,N/A,INR,23.0044,MOCK_FX_API,2025-01-29 00:07:00,2026-08-05 02:59:59,BATCH_202501_RAW_FX_RATES_API
2025-01-30 00:00:00,USD,INR,83.7662,MOCK_FX_API,2025-01-30 01:05:00,2026-08-05 02:59:59,BATCH_202501_RAW_FX_RATES_API
2025-01-30 00:00:00,EUR,INR,91.2025,MOCK_FX_API,2025-01-30 01:23:00,2026-08-05 02:59:59,BATCH_202501_RAW_FX_RATES_API
2025-01-30 00:00:00,SGD,INR,61.3418,MOCK_FX_API,2025-01-30 02:59:00,2026-08-05 02:59:59,BATCH_202501_RAW_FX_RATES_API
2025-01-30 00:00:00,AED,INR,23.0331,MOCK_FX_API,2025-01-30 01:23:00,2026-08-05 02:59:59,BATCH_202501_RAW_FX_RATES_API
2025-01-31 00:00:00,N/A,INR,83.893,MOCK_FX_API,2025-01-31 03:00:00,2026-08-05 02:59:59,BATCH_202501_RAW_FX_RATES_API
2025-01-31 00:00:00,EUR,INR,91.1512,MOCK_FX_API,2025-01-31 00:48:00,2026-08-05 02:59:59,BATCH_202501_RAW_FX_RATES_API
2025-01-31 00:00:00,AED,INR,23.0086,MOCK_FX_API,2025-01-31 02:00:00,2026-08-05 02:59:59,BATCH_202501_RAW_FX_RATES_API
2025-02-03 00:00:00,USD,INR,83.7928,MOCK_FX_API,2025-02-03 00:55:00,2026-08-05 02:59:59,BATCH_202502_RAW_FX_RATES_API
2025-02-03 00:00:00,EUR,INR,91.2948,MOCK_FX_API,2025-02-03 01:13:00,2026-08-05 02:59:59,BATCH_202502_RAW_FX_RATES_API
2025-02-03 00:00:00,SGD,INR,61.492,MOCK_FX_API,2025-02-03 02:03:00,2026-08-05 02:59:59,BATCH_202502_RAW_FX_RATES_API
2025-02-03 00:00:00,AED,INR,23.0527,MOCK_FX_API,2025-02-03 02:16:00,2026-08-05 02:59:59,BATCH_202502_RAW_FX_RATES_API
2025-02-04 00:00:00,USD,INR,83.8354,MOCK_FX_API,2025-02-04 02:55:00,2026-08-05 02:59:59,BATCH_202502_RAW_FX_RATES_API
2025-02-04 00:00:00,EUR,INR,91.3299,MOCK_FX_API,2025-02-04 01:57:00,2026-08-05 02:59:59,BATCH_202502_RAW_FX_RATES_API
2025-02-04 00:00:00,SGD,INR,61.5711,MOCK_FX_API,2025-02-04 02:12:00,2026-08-05 02:59:59,BATCH_202502_RAW_FX_RATES_API
2025-02-04 00:00:00,AED,INR,22.9987,MOCK_FX_API,2025-02-04 02:38:00,2026-08-05 02:59:59,BATCH_202502_RAW_FX_RATES_API
2025-02-05 00:00:00,USD,INR,83.8079,MOCK_FX_API,2025-02-05 01:44:00,2026-08-05 02:59:59,BATCH_202502_RAW_FX_RATES_API
2025-02-05 00:00:00,EUR,INR,91.2525,MOCK_FX_API,2025-02-05 01:18:00,2026-08-05 02:59:59,BATCH_202502_RAW_FX_RATES_API
2025-02-05 00:00:00,SGD,INR,61.5924,MOCK_FX_API,2025-02-05 02:22:00,2026-08-05 02:59:59,BATCH_202502_RAW_FX_RATES_API
2025-02-05 00:00:00,AED,INR,23.0056,MOCK_FX_API,2025-02-05 01:41:00,2026-08-05 02:59:59,BATCH_202502_RAW_FX_RATES_API
2025-02-06 00:00:00,USD,INR,83.8533,MOCK_FX_API,2025-02-06 00:20:00,2026-08-05 02:59:59,BATCH_202502_RAW_FX_RATES_API
2025-02-06 00:00:00,EUR,INR,91.3466,MOCK_FX_API,2025-02-06 01:29:00,2026-08-05 02:59:59,BATCH_202502_RAW_FX_RATES_API
2025-02-06 00:00:00,SGD,INR,61.5757,MOCK_FX_API,2025-02-06 02:55:00,2026-08-05 02:59:59,BATCH_202502_RAW_FX_RATES_API
2025-02-06 00:00:00,AED,INR,23.0325,MOCK_FX_API,2025-02-06 00:42:00,2026-08-05 02:59:59,BATCH_202502_RAW_FX_RATES_API
2025-02-07 00:00:00,USD,INR,83.8093,MOCK_FX_API,2025-02-07 00:52:00,2026-08-05 02:59:59,BATCH_202502_RAW_FX_RATES_API
2025-02-07 00:00:00,EUR,INR,91.2923,MOCK_FX_API,2025-02-07 00:39:00,2026-08-05 02:59:59,BATCH_202502_RAW_FX_RATES_API
2025-02-07 00:00:00,SGD,INR,61.6068,MOCK_FX_API,2025-02-07 01:00:00,2026-08-05 02:59:59,BATCH_202502_RAW_FX_RATES_API
2025-02-07 00:00:00,AED,INR,23.0393,MOCK_FX_API,2025-02-07 01:25:00,2026-08-05 02:59:59,BATCH_202502_RAW_FX_RATES_API
2025-02-10 00:00:00,USD,INR,83.6648,MOCK_FX_API,2025-02-10 01:07:00,2026-08-05 02:59:59,BATCH_202502_RAW_FX_RATES_API
2025-02-10T00:00:00Z,EUR,INR,91.6458,MOCK_FX_API,2025-02-10 02:16:00,2026-08-05 02:59:59,BATCH_202502_RAW_FX_RATES_API
2025-02-10 00:00:00,SGD,INR,61.5473,MOCK_FX_API,2025-02-10 02:01:00,2026-08-05 02:59:59,BATCH_202502_RAW_FX_RATES_API
2025-02-10 00:00:00,AED,INR,22.9654,MOCK_FX_API,2025-02-10 01:44:00,2026-08-05 02:59:59,BATCH_202502_RAW_FX_RATES_API
2025-02-11 00:00:00,USD,INR,83.6807,MOCK_FX_API,2025-02-11 01:15:00,2026-08-05 02:59:59,BATCH_202502_RAW_FX_RATES_API
2025-02-11T00:00:00Z,EUR,INR,91.8182,MOCK_FX_API,2025-02-11 00:43:00,2026-08-05 02:59:59,BATCH_202502_RAW_FX_RATES_API
2025-02-11 00:00:00,SGD,INR,61.4453,MOCK_FX_API,2025-02-11 00:59:00,2026-08-05 02:59:59,BATCH_202502_RAW_FX_RATES_API
2025-02-11 00:00:00,AED,INR,22.8997,MOCK_FX_API,2025-02-11 01:56:00,2026-08-05 02:59:59,BATCH_202502_RAW_FX_RATES_API
2025-02-12 00:00:00,USD,INR,83.6372,MOCK_FX_API,2025-02-12 01:28:00,2026-08-05 02:59:59,BATCH_202502_RAW_FX_RATES_API
2025-02-12 00:00:00,EUR,INR,91.5906,MOCK_FX_API,2025-02-12 01:51:00,2026-08-05 02:59:59,BATCH_202502_RAW_FX_RATES_API
2025-02-12 00:00:00,SGD,INR,61.1924,MOCK_FX_API,2025-02-12 00:33:00,2026-08-05 02:59:59,BATCH_202502_RAW_FX_RATES_API
2025-02-12 00:00:00,AED,INR,22.952,MOCK_FX_API,2025-02-12 02:25:00,2026-08-05 02:59:59,BATCH_202502_RAW_FX_RATES_API
2025-02-13 00:00:00,USD,INR,83.6637,MOCK_FX_API,2025-02-13 01:26:00,2026-08-05 02:59:59,BATCH_202502_RAW_FX_RATES_API
2025-02-13 00:00:00,EUR,INR,91.5063,MOCK_FX_API,2025-02-13 00:11:00,2026-08-05 02:59:59,BATCH_202502_RAW_FX_RATES_API
2025-02-13 00:00:00, SGD ,INR,61.1559,MOCK_FX_API,2025-02-13 01:05:00,2026-08-05 02:59:59,BATCH_202502_RAW_FX_RATES_API
2025-02-13 00:00:00,AED,INR,23.012,MOCK_FX_API,2025-02-13 02:22:00,2026-08-05 02:59:59,BATCH_202502_RAW_FX_RATES_API
2025-02-14 00:00:00,USD,INR,83.8097,MOCK_FX_API,2025-02-14 02:47:00,2026-08-05 02:59:59,BATCH_202502_RAW_FX_RATES_API
02-14-2025,EUR,INR,91.6314,MOCK_FX_API,2025-02-14 00:58:00,2026-08-05 02:59:59,BATCH_202502_RAW_FX_RATES_API
2025-02-14 00:00:00,SGD,INR,61.1856,MOCK_FX_API,2025-02-14 01:59:00,2026-08-05 02:59:59,BATCH_202502_RAW_FX_RATES_API
2025-02-14 00:00:00,AED,INR,22.9753,MOCK_FX_API,2025-02-14 00:47:00,2026-08-05 02:59:59,BATCH_202502_RAW_FX_RATES_API
2025-02-17 00:00:00,USD,INR,83.7187,MOCK_FX_API,2025-02-17 01:14:00,2026-08-05 02:59:59,BATCH_202502_RAW_FX_RATES_API
2025-02-17 00:00:00,EUR,N/A,91.322,MOCK_FX_API,2025-02-17 02:36:00,2026-08-05 02:59:59,BATCH_202502_RAW_FX_RATES_API
2025-02-17 00:00:00,SGD,INR,61.4249,MOCK_FX_API,2025-02-18 02:19:00,2026-08-05 02:59:59,BATCH_202502_RAW_FX_RATES_API
2025-02-17 00:00:00,AED,INR,22.9674,MOCK_FX_API,2025-02-17 01:19:00,2026-08-05 02:59:59,BATCH_202502_RAW_FX_RATES_API
2025-02-18 00:00:00,USD,INR,83.6542,MOCK_FX_API,2025-02-18 00:26:00,2026-08-05 02:59:59,BATCH_202502_RAW_FX_RATES_API
2025-02-18 00:00:00,EUR,INR,91.3919,MOCK_FX_API,2025-02-18 00:22:00,2026-08-05 02:59:59,BATCH_202502_RAW_FX_RATES_API
2025-02-18 00:00:00,SGD,INR,61.3104,MOCK_FX_API,2025-02-18 02:22:00,2026-08-05 02:59:59,BATCH_202502_RAW_FX_RATES_API
2025-02-18 00:00:00,AED,INR,22.9399,MOCK_FX_API,2025-02-18 02:08:00,2026-08-05 02:59:59,BATCH_202502_RAW_FX_RATES_API
2025-02-19 00:00:00,USD,INR,83.753,MOCK_FX_API,2025-02-19 00:57:00,2026-08-05 02:59:59,BATCH_202502_RAW_FX_RATES_API
2025-02-19 00:00:00,EUR,INR,91.2879,MOCK_FX_API,2025-02-19 02:54:00,2026-08-05 02:59:59,BATCH_202502_RAW_FX_RATES_API
2025-02-19 00:00:00,SGD,INR,61.3066,MOCK_FX_API,2025-02-19 00:23:00,2026-08-05 02:59:59,BATCH_202502_RAW_FX_RATES_API
2025-02-19 00:00:00,AED,inr,22.9636,MOCK_FX_API,2025-02-19 02:08:00,2026-08-05 02:59:59,BATCH_202502_RAW_FX_RATES_API
2025-02-20 00:00:00,USD,INR,83.7674,MOCK_FX_API,2025-02-20 00:53:00,2026-08-05 02:59:59,BATCH_202502_RAW_FX_RATES_API
2025-02-20 00:00:00,EUR,INR,91.2329,MOCK_FX_API,2025-02-20 00:40:00,2026-08-05 02:59:59,BATCH_202502_RAW_FX_RATES_API
2025-02-20 00:00:00,SGD,INR,61.3109,MOCK_FX_API,2025-02-20 00:21:00,2026-08-05 02:59:59,BATCH_202502_RAW_FX_RATES_API
2025-02-20 00:00:00,AED,INR,22.8907,MOCK_FX_API,2025-02-20 01:33:00,2026-08-05 02:59:59,BATCH_202502_RAW_FX_RATES_API
2025-02-21 00:00:00,USD,INR,83.7365,MOCK_FX_API,2025-02-21 01:07:00,2026-08-05 02:59:59,BATCH_202502_RAW_FX_RATES_API
2025-02-21 00:00:00,EUR,INR,91.3802,MOCK_FX_API,2025-02-21 01:01:00,2026-08-05 02:59:59,BATCH_202502_RAW_FX_RATES_API
2025-02-21 00:00:00,SGD,INR,61.4714,MOCK_FX_API,2025-02-21 01:25:00,2026-08-05 02:59:59,BATCH_202502_RAW_FX_RATES_API
2025-02-21 00:00:00,AED,INR,22.9146,MOCK_FX_API,2025-02-21 02:33:00,2026-08-05 02:59:59,BATCH_202502_RAW_FX_RATES_API
2025-02-24 00:00:00,USD,INR,84.0403,MOCK_FX_API,2025-02-24 02:08:00,2026-08-05 02:59:59,BATCH_202502_RAW_FX_RATES_API
2025-02-24 00:00:00,EUR,INR,91.2736,MOCK_FX_API,2025-02-24 01:46:00,2026-08-05 02:59:59,BATCH_202502_RAW_FX_RATES_API
2025-02-24 00:00:00,SGD,INR,61.2807,MOCK_FX_API,2025-02-24 01:54:00,2026-08-05 02:59:59,BATCH_202502_RAW_FX_RATES_API
2025-02-24 00:00:00,AED,INR,22.9769,MOCK_FX_API,2025-02-24 01:05:00,2026-08-05 02:59:59,BATCH_202502_RAW_FX_RATES_API
2025-02-25 00:00:00,USD,INR,84.1691,MOCK_FX_API,2025-02-25 01:16:00,2026-08-05 02:59:59,BATCH_202502_RAW_FX_RATES_API
2025-02-25 00:00:00,EUR,INR,91.3458,MOCK_FX_API,2025-02-25 02:04:00,2026-08-05 02:59:59,BATCH_202502_RAW_FX_RATES_API
2025-02-25 00:00:00,SGD,INR,61.1948,MOCK_FX_API,2025-02-25 01:56:00,2026-08-05 02:59:59,BATCH_202502_RAW_FX_RATES_API
2025-02-25 00:00:00,AED,INR,23.0061,MOCK_FX_API,2025-02-25 01:01:00,2026-08-05 02:59:59,BATCH_202502_RAW_FX_RATES_API
2025-02-26 00:00:00,USD,INR,84.1356,MOCK_FX_API,2025-02-26 02:29:00,2026-08-05 02:59:59,BATCH_202502_RAW_FX_RATES_API
2025-02-26 00:00:00,EUR,INR,91.3516,MOCK_FX_API,2025-02-26 01:53:00,2026-08-05 02:59:59,BATCH_202502_RAW_FX_RATES_API
2025-02-26 00:00:00,SGD,INR,61.2758,MOCK_FX_API,2025-02-26 02:07:00,2026-08-05 02:59:59,BATCH_202502_RAW_FX_RATES_API
2025-02-26 00:00:00,AED,INR,22.9426,MOCK_FX_API,2025-02-26 00:06:00,2026-08-05 02:59:59,BATCH_202502_RAW_FX_RATES_API
2025-02-27 00:00:00,USD,INR,84.2488,MOCK_FX_API,2025-02-27 01:47:00,2026-08-05 02:59:59,BATCH_202502_RAW_FX_RATES_API
2025-02-27 00:00:00,EUR,INR,91.2059,MOCK_FX_API,2025-03-22 02:14:00,2026-08-05 02:59:59,BATCH_202502_RAW_FX_RATES_API
2025-02-27 00:00:00,SGD,INR,61.2218,MOCK_FX_API,2025-02-27 00:39:00,2026-08-05 02:59:59,BATCH_202502_RAW_FX_RATES_API
2025-02-27 00:00:00,AED,INR,22.9842,MOCK_FX_API,2025-02-27 01:13:00,2026-08-05 02:59:59,BATCH_202502_RAW_FX_RATES_API
2025-02-28 00:00:00,USD,INR,84.4049,MOCK_FX_API,2025-02-28 00:14:00,2026-08-05 02:59:59,BATCH_202502_RAW_FX_RATES_API
2025-02-28 00:00:00,EUR,INR,91.0955,MOCK_FX_API,2025-02-28 02:34:00,2026-08-05 02:59:59,BATCH_202502_RAW_FX_RATES_API
45716,SGD,INR,61.1266,MOCK_FX_API,2025-03-05 02:53:00,2026-08-05 02:59:59,BATCH_202502_RAW_FX_RATES_API
2025-02-28 00:00:00,AED,INR,22.9316,MOCK_FX_API,2025-02-28 02:29:00,2026-08-05 02:59:59,BATCH_202502_RAW_FX_RATES_API
2025-03-03 00:00:00,USD,INR,84.1145,MOCK_FX_API,2025-03-03 00:07:00,2026-08-05 02:59:59,BATCH_202503_RAW_FX_RATES_API
2025-03-03 00:00:00,EUR,INR,91.2562,MOCK_FX_API,2025-03-03 01:39:00,2026-08-05 02:59:59,BATCH_202503_RAW_FX_RATES_API
2025-03-03 00:00:00,SGD,INR,61.279,MOCK_FX_API,2025-03-07 01:32:00,2026-08-05 02:59:59,BATCH_202503_RAW_FX_RATES_API
2025-03-03 00:00:00,AED,N/A,22.9534,MOCK_FX_API,2025-03-03 02:00:00,2026-08-05 02:59:59,BATCH_202503_RAW_FX_RATES_API
2025-03-04 00:00:00,USD,INR,84.0492,MOCK_FX_API,2025-03-04 01:12:00,2026-08-05 02:59:59,BATCH_202503_RAW_FX_RATES_API
2025-03-04 00:00:00,EUR,INR,91.387,MOCK_FX_API,2025-03-04 01:59:00,2026-08-05 02:59:59,BATCH_202503_RAW_FX_RATES_API
2025-03-04 00:00:00,SGD,INR,61.1887,MOCK_FX_API,2025-03-04 01:16:00,2026-08-05 02:59:59,BATCH_202503_RAW_FX_RATES_API
2025-03-04 00:00:00,AED,INR,22.9171,MOCK_FX_API,2025-03-04 00:32:00,2026-08-05 02:59:59,BATCH_202503_RAW_FX_RATES_API
2025-03-05 00:00:00,USD,INR,84.3264,MOCK_FX_API,2025-03-05 00:44:00,2026-08-05 02:59:59,BATCH_202503_RAW_FX_RATES_API
2025-03-05 00:00:00,EUR,INR,91.2151,MOCK_FX_API,2025-03-05 02:58:00,2026-08-05 02:59:59,BATCH_202503_RAW_FX_RATES_API
2025-03-05 00:00:00,SGD,INR,61.1144,MOCK_FX_API,2025-03-05 00:45:00,2026-08-05 02:59:59,BATCH_202503_RAW_FX_RATES_API
2025-03-05 00:00:00,AED,INR,22.9084,MOCK_FX_API,2025-03-05 02:42:00,2026-08-05 02:59:59,BATCH_202503_RAW_FX_RATES_API
2025-03-06 00:00:00,USD,INR,84.3421,MOCK_FX_API,2025-03-06 00:57:00,2026-08-05 02:59:59,BATCH_202503_RAW_FX_RATES_API
2025-03-06 00:00:00,EUR,INR,91.3978,MOCK_FX_API,2025-03-06 01:42:00,2026-08-05 02:59:59,BATCH_202503_RAW_FX_RATES_API
2025-03-06 00:00:00,SGD,INR,61.1866,MOCK_FX_API,2025-03-06 02:17:00,2026-08-05 02:59:59,BATCH_202503_RAW_FX_RATES_API
2025-03-06 00:00:00,AED,INR,22.9551,MOCK_FX_API,2025-03-06 00:52:00,2026-08-05 02:59:59,BATCH_202503_RAW_FX_RATES_API
2025-03-07 00:00:00,USD,INR,84.444,MOCK_FX_API,2025-03-07 02:53:00,2026-08-05 02:59:59,BATCH_202503_RAW_FX_RATES_API
07/03/2025,EUR,INR,91.44,MOCK_FX_API,2025-03-07 00:17:00,2026-08-05 02:59:59,BATCH_202503_RAW_FX_RATES_API
2025-03-07 00:00:00,SGD,INR,61.0583,MOCK_FX_API,2025-03-07 02:47:00,2026-08-05 02:59:59,BATCH_202503_RAW_FX_RATES_API
2025-03-07 00:00:00,AED,INR,22.9602,MOCK_FX_API,2025-03-07 00:56:00,2026-08-05 02:59:59,BATCH_202503_RAW_FX_RATES_API
2025-03-10 00:00:00,USD,INR,84.4635,MOCK_FX_API,2025-03-10 01:52:00,2026-08-05 02:59:59,BATCH_202503_RAW_FX_RATES_API
2025-03-10 00:00:00,EUR,INR,91.5283,MOCK_FX_API,2025-03-10 01:03:00,2026-08-05 02:59:59,BATCH_202503_RAW_FX_RATES_API
2025-03-10 00:00:00,AED,INR,23.0273,MOCK_FX_API,2025-03-10 01:34:00,2026-08-05 02:59:59,BATCH_202503_RAW_FX_RATES_API
2025-03-11 00:00:00,USD,INR,84.4828,MOCK_FX_API,2025-03-11 02:01:00,2026-08-05 02:59:59,BATCH_202503_RAW_FX_RATES_API
2025-03-11 00:00:00,EUR,INR,91.6215,MOCK_FX_API,2025-03-11 00:07:00,2026-08-05 02:59:59,BATCH_202503_RAW_FX_RATES_API
2025-03-11 00:00:00,SGD,INR,61.0443,MOCK_FX_API,2025-03-11 01:41:00,2026-08-05 02:59:59,BATCH_202503_RAW_FX_RATES_API
2025-03-11 00:00:00,AED,INR,23.0552,MOCK_FX_API,2025-03-11 00:08:00,2026-08-05 02:59:59,BATCH_202503_RAW_FX_RATES_API
2025-03-12 00:00:00,USD,INR,84.1402,MOCK_FX_API,2025-03-12 02:14:00,2026-08-05 02:59:59,BATCH_202503_RAW_FX_RATES_API
2025-03-12 00:00:00,EUR,INR,91.4879,MOCK_FX_API,2025-03-12 00:19:00,2026-08-05 02:59:59,BATCH_202503_RAW_FX_RATES_API
2025-03-12 00:00:00,SGD,INR,61.0295,MOCK_FX_API,2025-03-12 02:09:00,2026-08-05 02:59:59,BATCH_202503_RAW_FX_RATES_API
2025-03-12 00:00:00,AED,INR,23.0202,MOCK_FX_API,2025-03-12 02:59:00,2026-08-05 02:59:59,BATCH_202503_RAW_FX_RATES_API
2025-03-13 00:00:00,USD,INR,84.0072,MOCK_FX_API,2025-03-13 02:38:00,2026-08-05 02:59:59,BATCH_202503_RAW_FX_RATES_API
2025-03-13 00:00:00,EUR,INR,91.1374,MOCK_FX_API,2025-03-13 01:09:00,2026-08-05 02:59:59,BATCH_202503_RAW_FX_RATES_API
2025-03-13 00:00:00,SGD,INR,61.0894,MOCK_FX_API,2025-03-13 02:21:00,2026-08-05 02:59:59,BATCH_202503_RAW_FX_RATES_API
2025-03-13 00:00:00,AED,INR,23.0087,MOCK_FX_API,2025-03-13 02:20:00,2026-08-05 02:59:59,BATCH_202503_RAW_FX_RATES_API
2025-03-14 00:00:00,USD,INR,83.8944,MOCK_FX_API,2025-03-14 01:14:00,2026-08-05 02:59:59,BATCH_202503_RAW_FX_RATES_API
2025-03-14 00:00:00,EUR,INR,91.3738,MOCK_FX_API,2025-03-14 02:53:00,2026-08-05 02:59:59,BATCH_202503_RAW_FX_RATES_API
2025-03-14 00:00:00,SGD,INR,61.0458,MOCK_FX_API,2025-03-14 00:11:00,2026-08-05 02:59:59,BATCH_202503_RAW_FX_RATES_API
2025-03-14 00:00:00,AED,INR,23.0384,MOCK_FX_API,2025-03-14 02:07:00,2026-08-05 02:59:59,BATCH_202503_RAW_FX_RATES_API
2025-03-17 00:00:00,USD,INR,84.0421,MOCK_FX_API,2025-03-17 00:10:00,2026-08-05 02:59:59,BATCH_202503_RAW_FX_RATES_API
2025-03-17 00:00:00,SGD,INR,61.1298,MOCK_FX_API,2025-03-17 01:54:00,2026-08-05 02:59:59,BATCH_202503_RAW_FX_RATES_API
2025-03-17 00:00:00,AED,INR,23.0769,MOCK_FX_API,2025-03-17 02:28:00,2026-08-05 02:59:59,BATCH_202503_RAW_FX_RATES_API
2025-03-18 00:00:00,USD,INR,83.8672,MOCK_FX_API,2025-03-21 00:59:00,2026-08-05 02:59:59,BATCH_202503_RAW_FX_RATES_API
2025-03-18 00:00:00,EUR,INR,91.401,MOCK_FX_API,2025-03-18 02:20:00,2026-08-05 02:59:59,BATCH_202503_RAW_FX_RATES_API
2025-03-18 00:00:00,SGD,INR,61.2216,MOCK_FX_API,2025-03-18 00:19:00,2026-08-05 02:59:59,BATCH_202503_RAW_FX_RATES_API
2025-03-18 00:00:00,AED,INR,23.0883,MOCK_FX_API,2025-03-18 01:38:00,2026-08-05 02:59:59,BATCH_202503_RAW_FX_RATES_API
2025-03-19 00:00:00,USD,INR,83.9872,MOCK_FX_API,2025-03-19 00:02:00,2026-08-05 02:59:59,BATCH_202503_RAW_FX_RATES_API
2025-03-19 00:00:00,EUR,INR,91.5878,MOCK_FX_API,2025-03-19 02:36:00,2026-08-05 02:59:59,BATCH_202503_RAW_FX_RATES_API
2025-03-19 00:00:00,SGD,INR,61.1863,MOCK_FX_API,2025-03-19 02:12:00,2026-08-05 02:59:59,BATCH_202503_RAW_FX_RATES_API
2025-03-19 00:00:00,AED,INR,23.156,MOCK_FX_API,2025-03-19 01:10:00,2026-08-05 02:59:59,BATCH_202503_RAW_FX_RATES_API
2025-03-20 00:00:00,EUR,INR,91.5591,MOCK_FX_API,2025-03-20 01:39:00,2026-08-05 02:59:59,BATCH_202503_RAW_FX_RATES_API
2025-03-20 00:00:00,SGD,INR,61.181,MOCK_FX_API,2025-03-20 01:17:00,2026-08-05 02:59:59,BATCH_202503_RAW_FX_RATES_API
2025-03-20 00:00:00,AED,INR,23.1407,MOCK_FX_API,2025-03-20 00:46:00,2026-08-05 02:59:59,BATCH_202503_RAW_FX_RATES_API
2025-03-21 00:00:00,USD,INR,83.6986,MOCK_FX_API,2025-03-21 02:22:00,2026-08-05 02:59:59,BATCH_202503_RAW_FX_RATES_API
2025-03-21 00:00:00,EUR,INR,91.7063,MOCK_FX_API,2025-03-21 01:30:00,2026-08-05 02:59:59,BATCH_202503_RAW_FX_RATES_API
2025-03-21 00:00:00,SGD,INR,61.3506,MOCK_FX_API,2025-03-21 00:14:00,2026-08-05 02:59:59,BATCH_202503_RAW_FX_RATES_API
2025-03-21 00:00:00,AED,INR,23.1581,MOCK_FX_API,2025-03-21 01:18:00,2026-08-05 02:59:59,BATCH_202503_RAW_FX_RATES_API
2025-03-24 00:00:00,EUR,INR,91.5865,MOCK_FX_API,2025-03-24 01:35:00,2026-08-05 02:59:59,BATCH_202503_RAW_FX_RATES_API
2025-03-24 00:00:00,SGD,INR,61.0145,MOCK_FX_API,2025-03-24 00:26:00,2026-08-05 02:59:59,BATCH_202503_RAW_FX_RATES_API
2025-03-24 00:00:00,AED,INR,23.1488,MOCK_FX_API,2025-03-24 00:47:00,2026-08-05 02:59:59,BATCH_202503_RAW_FX_RATES_API
2025-03-25 00:00:00,USD,INR,83.6824,MOCK_FX_API,2025-03-25 00:20:00,2026-08-05 02:59:59,BATCH_202503_RAW_FX_RATES_API
2025-03-25 00:00:00,EUR, INR ,91.3041,MOCK_FX_API,2025-03-25 02:00:00,2026-08-05 02:59:59,BATCH_202503_RAW_FX_RATES_API
2025-03-25 00:00:00,SGD,INR,61.1521,MOCK_FX_API,2025-03-25 02:07:00,2026-08-05 02:59:59,BATCH_202503_RAW_FX_RATES_API
2025-03-25 00:00:00,AED,INR,23.1549,MOCK_FX_API,2025-03-25 02:27:00,2026-08-05 02:59:59,BATCH_202503_RAW_FX_RATES_API
2025-03-26 00:00:00,USD,INR,83.7448,MOCK_FX_API,2025-03-26 02:26:00,2026-08-05 02:59:59,BATCH_202503_RAW_FX_RATES_API
2025-03-26 00:00:00,EUR,INR,91.0037,MOCK_FX_API,2025-03-26 01:08:00,2026-08-05 02:59:59,BATCH_202503_RAW_FX_RATES_API
2025-03-26 00:00:00,SGD,INR,61.2014,MOCK_FX_API,2025-03-26 00:51:00,2026-08-05 02:59:59,BATCH_202503_RAW_FX_RATES_API
2025-03-26 00:00:00,AED,INR,23.1792,MOCK_FX_API,2025-03-26 02:19:00,2026-08-05 02:59:59,BATCH_202503_RAW_FX_RATES_API
2025-03-27 00:00:00,USD,INR,83.9064,MOCK_FX_API,2025-03-28 02:10:00,2026-08-05 02:59:59,BATCH_202503_RAW_FX_RATES_API
2025-03-27 00:00:00,EUR,INR,90.8624,MOCK_FX_API,2025-03-27 02:58:00,2026-08-05 02:59:59,BATCH_202503_RAW_FX_RATES_API
2025-03-27 00:00:00,SGD,INR,61.0832,MOCK_FX_API,2025-03-27 01:55:00,2026-08-05 02:59:59,BATCH_202503_RAW_FX_RATES_API
27/03/2025,AED,INR,23.2236,MOCK_FX_API,2025-03-27 02:08:00,2026-08-05 02:59:59,BATCH_202503_RAW_FX_RATES_API
2025-03-28 00:00:00,USD,INR,83.9918,MOCK_FX_API,2025-03-28 01:08:00,2026-08-05 02:59:59,BATCH_202503_RAW_FX_RATES_API
2025-03-28 00:00:00,EUR,INR,90.8237,MOCK_FX_API,2025-03-28 00:56:00,2026-08-05 02:59:59,BATCH_202503_RAW_FX_RATES_API
2025-03-28 00:00:00,SGD,INR,61.1518,MOCK_FX_API,2025-03-28 00:47:00,2026-08-05 02:59:59,BATCH_202503_RAW_FX_RATES_API
2025-03-28 00:00:00,AED,INR,23.2848,MOCK_FX_API,2025-03-28 00:27:00,2026-08-05 02:59:59,BATCH_202503_RAW_FX_RATES_API
2025-03-31 00:00:00,USD,INR,84.3531,MOCK_FX_API,2025-03-31 00:14:00,2026-08-05 02:59:59,BATCH_202503_RAW_FX_RATES_API
2025-03-31 00:00:00,EUR,INR,90.8295,MOCK_FX_API,2025-03-31 02:45:00,2026-08-05 02:59:59,BATCH_202503_RAW_FX_RATES_API
2025-03-31 00:00:00, SGD ,INR,60.906,MOCK_FX_API,2025-03-31 00:05:00,2026-08-05 02:59:59,BATCH_202503_RAW_FX_RATES_API
2025-03-31 00:00:00,AED,INR,23.312,MOCK_FX_API,2025-03-31 00:57:00,2026-08-05 02:59:59,BATCH_202503_RAW_FX_RATES_API
2025-04-01 00:00:00,USD,INR,84.5849,MOCK_FX_API,2025-04-01 00:42:00,2026-08-05 02:59:59,BATCH_202504_RAW_FX_RATES_API
2025-04-01 00:00:00,EUR,INR,90.6524,MOCK_FX_API,2025-04-01 02:02:00,2026-08-05 02:59:59,BATCH_202504_RAW_FX_RATES_API
2025-04-01 00:00:00,SGD,INR,60.9085,MOCK_FX_API,2025-04-01 00:32:00,2026-08-05 02:59:59,BATCH_202504_RAW_FX_RATES_API
2025-04-01 00:00:00,AED,INR,23.3043,MOCK_FX_API,2025-04-01 01:09:00,2026-08-05 02:59:59,BATCH_202504_RAW_FX_RATES_API
2025-04-02 00:00:00,USD,INR,84.55,MOCK_FX_API,2025-04-02 02:08:00,2026-08-05 02:59:59,BATCH_202504_RAW_FX_RATES_API
2025-04-02 00:00:00,EUR,INR,90.5397,MOCK_FX_API,2025-04-02 00:40:00,2026-08-05 02:59:59,BATCH_202504_RAW_FX_RATES_API
2025-04-02 00:00:00,SGD,INR,60.832,MOCK_FX_API,2025-04-02 01:26:00,2026-08-05 02:59:59,BATCH_202504_RAW_FX_RATES_API
2025-04-02 00:00:00,AED,INR,23.287,MOCK_FX_API,2025-04-02 02:30:00,2026-08-05 02:59:59,BATCH_202504_RAW_FX_RATES_API
2025-04-03 00:00:00,USD,INR,84.6243,MOCK_FX_API,2025-04-03 01:38:00,2026-08-05 02:59:59,BATCH_202504_RAW_FX_RATES_API
2025-04-03 00:00:00,EUR,INR,90.5156,MOCK_FX_API,2025-04-03 00:38:00,2026-08-05 02:59:59,BATCH_202504_RAW_FX_RATES_API
2025-04-03 00:00:00,SGD,INR,60.8525,MOCK_FX_API,2025-04-03 00:41:00,2026-08-05 02:59:59,BATCH_202504_RAW_FX_RATES_API
2025-04-03 00:00:00,AED,INR,23.2924,MOCK_FX_API,2025-04-03 02:06:00,2026-08-05 02:59:59,BATCH_202504_RAW_FX_RATES_API
2025-04-04 00:00:00,USD,INR,84.6037,MOCK_FX_API,2025-04-04 02:19:00,2026-08-05 02:59:59,BATCH_202504_RAW_FX_RATES_API
2025-04-04 00:00:00,EUR,INR,90.4289,MOCK_FX_API,2025-04-04 02:33:00,2026-08-05 02:59:59,BATCH_202504_RAW_FX_RATES_API
2025-04-04 00:00:00,SGD,INR,60.7736,MOCK_FX_API,2025-04-04 01:36:00,2026-08-05 02:59:59,BATCH_202504_RAW_FX_RATES_API
2025-04-04 00:00:00,AED,INR,23.2794,MOCK_FX_API,2025-04-04 02:36:00,2026-08-05 02:59:59,BATCH_202504_RAW_FX_RATES_API
2025-04-07 00:00:00,USD,INR,84.6821,MOCK_FX_API,2025-04-07 02:08:00,2026-08-05 02:59:59,BATCH_202504_RAW_FX_RATES_API
2025-04-07 00:00:00,EUR,INR,90.2913,MOCK_FX_API,2025-04-07 01:23:00,2026-08-05 02:59:59,BATCH_202504_RAW_FX_RATES_API
2025-04-07 00:00:00,SGD,INR,60.5816,MOCK_FX_API,2025-04-07 02:15:00,2026-08-05 02:59:59,BATCH_202504_RAW_FX_RATES_API
2025-04-07 00:00:00,AED,INR,23.3741,MOCK_FX_API,2025-04-07 02:58:00,2026-08-05 02:59:59,BATCH_202504_RAW_FX_RATES_API
2025-04-08 00:00:00,USD,INR,84.6691,MOCK_FX_API,2025-04-08 02:57:00,2026-08-05 02:59:59,BATCH_202504_RAW_FX_RATES_API
2025-04-08 00:00:00,EUR,INR,90.1969,MOCK_FX_API,2025-04-08 00:45:00,2026-08-05 02:59:59,BATCH_202504_RAW_FX_RATES_API
2025-04-08 00:00:00,SGD,INR,60.6595,MOCK_FX_API,2025-04-08 01:07:00,2026-08-05 02:59:59,BATCH_202504_RAW_FX_RATES_API
2025-04-08 00:00:00,AED,INR,23.3486,MOCK_FX_API,2025-04-08 01:52:00,2026-08-05 02:59:59,BATCH_202504_RAW_FX_RATES_API
2025-04-09 00:00:00,USD,inr,84.7263,MOCK_FX_API,2025-04-09 00:42:00,2026-08-05 02:59:59,BATCH_202504_RAW_FX_RATES_API
2025-04-09 00:00:00,EUR,INR,90.371,MOCK_FX_API,2025-04-09 00:43:00,2026-08-05 02:59:59,BATCH_202504_RAW_FX_RATES_API
2025-04-09T00:00:00Z,SGD,INR,60.5502,MOCK_FX_API,2025-04-09 00:44:00,2026-08-05 02:59:59,BATCH_202504_RAW_FX_RATES_API
2025-04-09 00:00:00,AED,INR,23.3435,MOCK_FX_API,2025-04-09 02:09:00,2026-08-05 02:59:59,BATCH_202504_RAW_FX_RATES_API
2025-04-10 00:00:00,USD,INR,84.7323,MOCK_FX_API,2025-04-10 02:15:00,2026-08-05 02:59:59,BATCH_202504_RAW_FX_RATES_API
2025-04-10 00:00:00,EUR,INR,90.0805,MOCK_FX_API,2025-04-10 02:26:00,2026-08-05 02:59:59,BATCH_202504_RAW_FX_RATES_API
2025-04-10 00:00:00,SGD,INR,60.5046,MOCK_FX_API,2025-04-10 00:45:00,2026-08-05 02:59:59,BATCH_202504_RAW_FX_RATES_API
2025-04-10 00:00:00,AED,INR,23.346,MOCK_FX_API,2025-04-10 01:48:00,2026-08-05 02:59:59,BATCH_202504_RAW_FX_RATES_API
2025-04-11 00:00:00,USD,INR,84.5724,MOCK_FX_API,2025-04-11 01:43:00,2026-08-05 02:59:59,BATCH_202504_RAW_FX_RATES_API
2025-04-11 00:00:00,EUR,INR,90.2176,MOCK_FX_API,2025-04-11 00:34:00,2026-08-05 02:59:59,BATCH_202504_RAW_FX_RATES_API
2025-04-11 00:00:00,SGD,INR,60.6555,MOCK_FX_API,2025-04-11 00:12:00,2026-08-05 02:59:59,BATCH_202504_RAW_FX_RATES_API
2025-04-11 00:00:00,AED,INR,23.3978,MOCK_FX_API,2025-04-11 00:12:00,2026-08-05 02:59:59,BATCH_202504_RAW_FX_RATES_API
2025-04-14 00:00:00,USD,INR,84.6897,MOCK_FX_API,2025-04-14 02:58:00,2026-08-05 02:59:59,BATCH_202504_RAW_FX_RATES_API
2025-04-14 00:00:00,EUR,INR,90.0599,MOCK_FX_API,2025-04-14 02:36:00,2026-08-05 02:59:59,BATCH_202504_RAW_FX_RATES_API
2025-04-14 00:00:00,SGD,INR,60.9886,MOCK_FX_API,2025-04-14 02:56:00,2026-08-05 02:59:59,BATCH_202504_RAW_FX_RATES_API
04-14-2025,AED,INR,23.358,MOCK_FX_API,2025-04-14 00:16:00,2026-08-05 02:59:59,BATCH_202504_RAW_FX_RATES_API
2025-04-15 00:00:00,USD,INR,84.8701,MOCK_FX_API,2025-04-15 01:19:00,2026-08-05 02:59:59,BATCH_202504_RAW_FX_RATES_API
2025-04-15 00:00:00,EUR,INR,90.1372,MOCK_FX_API,2025-04-15 01:47:00,2026-08-05 02:59:59,BATCH_202504_RAW_FX_RATES_API
2025-04-15 00:00:00,SGD,INR,60.9252,MOCK_FX_API,2025-04-15 00:31:00,2026-08-05 02:59:59,BATCH_202504_RAW_FX_RATES_API
2025-04-15 00:00:00,AED,INR,23.324,MOCK_FX_API,2025-04-15 00:14:00,2026-08-05 02:59:59,BATCH_202504_RAW_FX_RATES_API
2025-04-16 00:00:00,USD,INR,84.8014,MOCK_FX_API,2025-04-16 02:23:00,2026-08-05 02:59:59,BATCH_202504_RAW_FX_RATES_API
2025-04-16 00:00:00,EUR,INR,90.0937,MOCK_FX_API,2025-04-16 02:21:00,2026-08-05 02:59:59,BATCH_202504_RAW_FX_RATES_API
45763,SGD,INR,61.0312,MOCK_FX_API,2025-04-16 01:02:00,2026-08-05 02:59:59,BATCH_202504_RAW_FX_RATES_API
2025-04-16 00:00:00,AED,INR,23.3678,MOCK_FX_API,2025-04-16 01:38:00,2026-08-05 02:59:59,BATCH_202504_RAW_FX_RATES_API
2025-04-17 00:00:00,USD,INR,84.7558,MOCK_FX_API,2025-04-17 02:25:00,2026-08-05 02:59:59,BATCH_202504_RAW_FX_RATES_API
2025-04-17 00:00:00,EUR,INR,90.062,MOCK_FX_API,2025-04-17 02:35:00,2026-08-05 02:59:59,BATCH_202504_RAW_FX_RATES_API
2025-04-17 00:00:00,SGD,INR,60.9575,MOCK_FX_API,2025-04-17 01:15:00,2026-08-05 02:59:59,BATCH_202504_RAW_FX_RATES_API
2025-04-17 00:00:00,AED,INR,23.3612,MOCK_FX_API,2025-04-17 02:38:00,2026-08-05 02:59:59,BATCH_202504_RAW_FX_RATES_API
2025-04-18 00:00:00,USD,INR,84.7952,MOCK_FX_API,2025-04-18 02:07:00,2026-08-05 02:59:59,BATCH_202504_RAW_FX_RATES_API
2025-04-18 00:00:00,EUR,INR,89.989,MOCK_FX_API,2025-04-18 01:11:00,2026-08-05 02:59:59,BATCH_202504_RAW_FX_RATES_API
2025-04-18T00:00:00Z,SGD,inr,60.9699,MOCK_FX_API,2025-04-18 00:48:00,2026-08-05 02:59:59,BATCH_202504_RAW_FX_RATES_API
2025-04-18 00:00:00,AED,INR,23.3388,MOCK_FX_API,2025-04-18 02:23:00,2026-08-05 02:59:59,BATCH_202504_RAW_FX_RATES_API
2025-04-21 00:00:00, USD ,INR,84.8588,MOCK_FX_API,2025-04-21 00:49:00,2026-08-05 02:59:59,BATCH_202504_RAW_FX_RATES_API
2025-04-21 00:00:00,EUR,INR,90.0027,MOCK_FX_API,2025-04-21 01:17:00,2026-08-05 02:59:59,BATCH_202504_RAW_FX_RATES_API
2025-04-21 00:00:00,SGD,INR,61.1525,MOCK_FX_API,2025-04-21 02:46:00,2026-08-05 02:59:59,BATCH_202504_RAW_FX_RATES_API
2025-04-21 00:00:00,AED,INR,23.4583,MOCK_FX_API,2025-04-21 01:41:00,2026-08-05 02:59:59,BATCH_202504_RAW_FX_RATES_API
2025-04-22 00:00:00,USD,INR,85.003,MOCK_FX_API,2025-04-22 00:20:00,2026-08-05 02:59:59,BATCH_202504_RAW_FX_RATES_API
2025-04-22 00:00:00,EUR,INR,89.8661,MOCK_FX_API,2025-04-22 02:16:00,2026-08-05 02:59:59,BATCH_202504_RAW_FX_RATES_API
2025-04-22 00:00:00,SGD,INR,61.2557,MOCK_FX_API,2025-04-22 01:37:00,2026-08-05 02:59:59,BATCH_202504_RAW_FX_RATES_API
2025-04-22 00:00:00,AED,INR,23.426,MOCK_FX_API,2025-04-22 02:07:00,2026-08-05 02:59:59,BATCH_202504_RAW_FX_RATES_API
2025-04-23 00:00:00,USD,INR,84.8426,MOCK_FX_API,2025-04-23 00:23:00,2026-08-05 02:59:59,BATCH_202504_RAW_FX_RATES_API
2025-04-23 00:00:00,EUR,INR,89.8667,MOCK_FX_API,2025-04-23 00:56:00,2026-08-05 02:59:59,BATCH_202504_RAW_FX_RATES_API
2025-04-23 00:00:00,SGD,INR,61.2485,MOCK_FX_API,2025-04-23 00:32:00,2026-08-05 02:59:59,BATCH_202504_RAW_FX_RATES_API
2025-04-23 00:00:00,AED,INR,23.4714,MOCK_FX_API,2025-04-23 02:44:00,2026-08-05 02:59:59,BATCH_202504_RAW_FX_RATES_API
2025-04-24 00:00:00,USD,INR,84.8196,MOCK_FX_API,2025-04-24 00:50:00,2026-08-05 02:59:59,BATCH_202504_RAW_FX_RATES_API
2025-04-24 00:00:00,EUR,INR,89.9123,MOCK_FX_API,2025-04-24 01:55:00,2026-08-05 02:59:59,BATCH_202504_RAW_FX_RATES_API
2025-04-24 00:00:00,SGD,INR,61.1542,MOCK_FX_API,2025-04-24 00:35:00,2026-08-05 02:59:59,BATCH_202504_RAW_FX_RATES_API
2025-04-24 00:00:00,AED,INR,23.4276,MOCK_FX_API,2025-04-24 02:15:00,2026-08-05 02:59:59,BATCH_202504_RAW_FX_RATES_API
2025-04-25 00:00:00,USD,INR,84.7772,MOCK_FX_API,2025-04-25 01:36:00,2026-08-05 02:59:59,BATCH_202504_RAW_FX_RATES_API
2025-04-25 00:00:00,EUR,INR,89.9936,MOCK_FX_API,2025-04-25 01:53:00,2026-08-05 02:59:59,BATCH_202504_RAW_FX_RATES_API
2025-04-25 00:00:00,SGD,INR,61.3939,MOCK_FX_API,2025-04-25 00:25:00,2026-08-05 02:59:59,BATCH_202504_RAW_FX_RATES_API
2025-04-25 00:00:00,AED,INR,23.3902,MOCK_FX_API,2025-04-25 01:17:00,2026-08-05 02:59:59,BATCH_202504_RAW_FX_RATES_API
2025-04-28 00:00:00,USD,INR,85.0558,MOCK_FX_API,2025-04-28 02:48:00,2026-08-05 02:59:59,BATCH_202504_RAW_FX_RATES_API
2025-04-28 00:00:00,EUR,INR,89.9995,MOCK_FX_API,2025-04-28 00:07:00,2026-08-05 02:59:59,BATCH_202504_RAW_FX_RATES_API
2025-04-28 00:00:00,SGD,INR,61.3061,MOCK_FX_API,2025-04-28 01:12:00,2026-08-05 02:59:59,BATCH_202504_RAW_FX_RATES_API
2025-04-28 00:00:00,AED,INR,23.284,MOCK_FX_API,2025-04-28 00:05:00,2026-08-05 02:59:59,BATCH_202504_RAW_FX_RATES_API
2025-04-29 00:00:00,USD,INR,84.9464,MOCK_FX_API,2025-04-29 01:47:00,2026-08-05 02:59:59,BATCH_202504_RAW_FX_RATES_API
2025-04-29 00:00:00,EUR,INR,89.6255,MOCK_FX_API,2025-04-29 01:48:00,2026-08-05 02:59:59,BATCH_202504_RAW_FX_RATES_API
2025-04-29 00:00:00,SGD,INR,61.178,MOCK_FX_API,2025-04-29 02:32:00,2026-08-05 02:59:59,BATCH_202504_RAW_FX_RATES_API
2025-04-29 00:00:00,AED,INR,23.31,MOCK_FX_API,2025-04-29 00:06:00,2026-08-05 02:59:59,BATCH_202504_RAW_FX_RATES_API
2025-04-30 00:00:00,USD,INR,84.99,MOCK_FX_API,2025-04-30 02:49:00,2026-08-05 02:59:59,BATCH_202504_RAW_FX_RATES_API
2025-04-30 00:00:00,EUR,INR,89.5015,MOCK_FX_API,2025-04-30 00:01:00,2026-08-05 02:59:59,BATCH_202504_RAW_FX_RATES_API
2025-04-30 00:00:00,SGD,INR,61.2638,MOCK_FX_API,2025-04-30 00:14:00,2026-08-05 02:59:59,BATCH_202504_RAW_FX_RATES_API
2025-04-30 00:00:00,AED,INR,23.3097,MOCK_FX_API,2025-04-30 01:25:00,2026-08-05 02:59:59,BATCH_202504_RAW_FX_RATES_API
2025-05-01 00:00:00,USD,INR,84.8737,MOCK_FX_API,2025-05-01 00:18:00,2026-08-05 02:59:59,BATCH_202505_RAW_FX_RATES_API
2025-05-01 00:00:00,EUR,INR,89.5874,MOCK_FX_API,2025-05-01 02:21:00,2026-08-05 02:59:59,BATCH_202505_RAW_FX_RATES_API
2025-05-01 00:00:00,SGD,INR,61.3863,MOCK_FX_API,2025-05-01 02:07:00,2026-08-05 02:59:59,BATCH_202505_RAW_FX_RATES_API
2025-05-01 00:00:00,AED,INR,23.2972,MOCK_FX_API,2025-05-01 02:17:00,2026-08-05 02:59:59,BATCH_202505_RAW_FX_RATES_API
2025-05-02 00:00:00,USD,INR,84.972,MOCK_FX_API,2025-05-02 00:51:00,2026-08-05 02:59:59,BATCH_202505_RAW_FX_RATES_API
2025-05-02 00:00:00,EUR,INR,89.6285,MOCK_FX_API,2025-05-02 01:29:00,2026-08-05 02:59:59,BATCH_202505_RAW_FX_RATES_API
2025-05-02 00:00:00,SGD,INR,61.4157,MOCK_FX_API,2025-05-02 00:53:00,2026-08-05 02:59:59,BATCH_202505_RAW_FX_RATES_API
2025-05-02 00:00:00,AED,INR,23.2531,MOCK_FX_API,2025-05-02 01:27:00,2026-08-05 02:59:59,BATCH_202505_RAW_FX_RATES_API
2025-05-05 00:00:00,USD,INR,84.512,MOCK_FX_API,2025-05-05 02:32:00,2026-08-05 02:59:59,BATCH_202505_RAW_FX_RATES_API
2025-05-05 00:00:00,EUR,INR,89.5939,MOCK_FX_API,2025-05-05 01:35:00,2026-08-05 02:59:59,BATCH_202505_RAW_FX_RATES_API
2025-05-05 00:00:00,SGD,INR,61.625,MOCK_FX_API,2025-05-05 00:43:00,2026-08-05 02:59:59,BATCH_202505_RAW_FX_RATES_API
2025-05-05 00:00:00,AED,INR,23.2048,MOCK_FX_API,2025-05-07 01:12:00,2026-08-05 02:59:59,BATCH_202505_RAW_FX_RATES_API
2025-05-06 00:00:00,USD,INR,84.4819,MOCK_FX_API,2025-05-06 00:25:00,2026-08-05 02:59:59,BATCH_202505_RAW_FX_RATES_API
2025-05-06 00:00:00,EUR,INR,89.3086,MOCK_FX_API,2025-05-06 02:00:00,2026-08-05 02:59:59,BATCH_202505_RAW_FX_RATES_API
2025-05-06 00:00:00,SGD,INR,61.7993,MOCK_FX_API,2025-05-06 00:57:00,2026-08-05 02:59:59,BATCH_202505_RAW_FX_RATES_API
2025-05-06 00:00:00,AED,INR,23.1805,MOCK_FX_API,2025-05-06 00:00:00,2026-08-05 02:59:59,BATCH_202505_RAW_FX_RATES_API
2025-05-07 00:00:00,USD,INR,84.5315,MOCK_FX_API,2025-05-07 01:51:00,2026-08-05 02:59:59,BATCH_202505_RAW_FX_RATES_API
2025-05-07 00:00:00,EUR,INR,89.3132,MOCK_FX_API,2025-05-07 01:42:00,2026-08-05 02:59:59,BATCH_202505_RAW_FX_RATES_API
07/05/2025,SGD,INR,61.7679,MOCK_FX_API,2025-05-07 00:07:00,2026-08-05 02:59:59,BATCH_202505_RAW_FX_RATES_API
2025-05-07 00:00:00,AED,INR,23.2194,MOCK_FX_API,2025-05-07 02:41:00,2026-08-05 02:59:59,BATCH_202505_RAW_FX_RATES_API
2025-05-08 00:00:00,USD,INR,84.6968,MOCK_FX_API,2025-05-08 01:33:00,2026-08-05 02:59:59,BATCH_202505_RAW_FX_RATES_API
2025-05-08 00:00:00,EUR,INR,89.1309,MOCK_FX_API,2025-05-08 00:38:00,2026-08-05 02:59:59,BATCH_202505_RAW_FX_RATES_API
2025-05-08 00:00:00,SGD,INR,61.5277,MOCK_FX_API,2025-05-09 01:55:00,2026-08-05 02:59:59,BATCH_202505_RAW_FX_RATES_API
08/05/2025,AED,INR,23.1963,MOCK_FX_API,2025-05-08 00:58:00,2026-08-05 02:59:59,BATCH_202505_RAW_FX_RATES_API
2025-05-09 00:00:00,USD,INR,84.7448,MOCK_FX_API,2025-05-09 00:09:00,2026-08-05 02:59:59,BATCH_202505_RAW_FX_RATES_API
2025-05-09 00:00:00,EUR,INR,89.1699,MOCK_FX_API,2025-05-09 00:20:00,2026-08-05 02:59:59,BATCH_202505_RAW_FX_RATES_API
2025-05-09 00:00:00,SGD,INR,61.5602,MOCK_FX_API,2025-05-09 01:30:00,2026-08-05 02:59:59,BATCH_202505_RAW_FX_RATES_API
2025-05-09 00:00:00,AED,INR,23.2358,MOCK_FX_API,2025-05-09 02:18:00,2026-08-05 02:59:59,BATCH_202505_RAW_FX_RATES_API
12/05/2025,USD,INR,85.3176,MOCK_FX_API,2025-05-12 00:34:00,2026-08-05 02:59:59,BATCH_202505_RAW_FX_RATES_API
2025-05-12 00:00:00,EUR,INR,89.019,MOCK_FX_API,2025-05-26 01:14:00,2026-08-05 02:59:59,BATCH_202505_RAW_FX_RATES_API
2025-05-12 00:00:00,SGD,INR,61.3193,MOCK_FX_API,2025-05-12 02:45:00,2026-08-05 02:59:59,BATCH_202505_RAW_FX_RATES_API
2025-05-12 00:00:00,AED,INR,23.303,MOCK_FX_API,2025-05-12 01:37:00,2026-08-05 02:59:59,BATCH_202505_RAW_FX_RATES_API
2025-05-13 00:00:00,USD,INR,85.3262,MOCK_FX_API,2025-05-13 01:36:00,2026-08-05 02:59:59,BATCH_202505_RAW_FX_RATES_API
2025-05-13 00:00:00,EUR,INR,89.0041,MOCK_FX_API,2025-05-13 02:03:00,2026-08-05 02:59:59,BATCH_202505_RAW_FX_RATES_API
2025-05-13 00:00:00,SGD,INR,61.4511,MOCK_FX_API,2025-05-13 01:02:00,2026-08-05 02:59:59,BATCH_202505_RAW_FX_RATES_API
2025-05-13 00:00:00,AED,INR,23.2908,MOCK_FX_API,2025-05-13 00:32:00,2026-08-05 02:59:59,BATCH_202505_RAW_FX_RATES_API
2025-05-14 00:00:00,USD,INR,85.1931,MOCK_FX_API,2025-05-14 02:13:00,2026-08-05 02:59:59,BATCH_202505_RAW_FX_RATES_API
2025-05-14 00:00:00,EUR,INR,88.9587,MOCK_FX_API,2025-05-14 01:50:00,2026-08-05 02:59:59,BATCH_202505_RAW_FX_RATES_API
2025-05-14 00:00:00,SGD,INR,61.504,MOCK_FX_API,2025-05-14 01:29:00,2026-08-05 02:59:59,BATCH_202505_RAW_FX_RATES_API
2025-05-14 00:00:00,AED,INR,23.2771,MOCK_FX_API,2025-05-14 01:00:00,2026-08-05 02:59:59,BATCH_202505_RAW_FX_RATES_API
2025-05-15 00:00:00,USD,INR,85.4307,MOCK_FX_API,2025-05-15 01:24:00,2026-08-05 02:59:59,BATCH_202505_RAW_FX_RATES_API
2025-05-15T00:00:00+05:30,EUR,INR,88.8305,MOCK_FX_API,2025-05-15 00:27:00,2026-08-05 02:59:59,BATCH_202505_RAW_FX_RATES_API
2025-05-15 00:00:00,SGD,INR,61.4311,MOCK_FX_API,2025-05-15 01:25:00,2026-08-05 02:59:59,BATCH_202505_RAW_FX_RATES_API
2025-05-15 00:00:00,AED,INR,23.2288,MOCK_FX_API,2025-05-15 01:36:00,2026-08-05 02:59:59,BATCH_202505_RAW_FX_RATES_API
2025-05-16 00:00:00,USD,INR,85.681,MOCK_FX_API,2025-05-16 00:27:00,2026-08-05 02:59:59,BATCH_202505_RAW_FX_RATES_API
2025-05-16 00:00:00,EUR,INR,89.0638,MOCK_FX_API,2025-05-16 00:00:00,2026-08-05 02:59:59,BATCH_202505_RAW_FX_RATES_API
2025-05-16 00:00:00,SGD,INR,61.4026,MOCK_FX_API,2025-05-16 02:37:00,2026-08-05 02:59:59,BATCH_202505_RAW_FX_RATES_API
2025-05-16 00:00:00,AED,INR,23.1978,MOCK_FX_API,2025-05-16 00:05:00,2026-08-05 02:59:59,BATCH_202505_RAW_FX_RATES_API
2025-05-19 00:00:00,USD,INR,85.2972,MOCK_FX_API,2025-05-19 00:02:00,2026-08-05 02:59:59,BATCH_202505_RAW_FX_RATES_API
2025-05-19 00:00:00,EUR,INR,89.4614,MOCK_FX_API,2025-05-19 00:05:00,2026-08-05 02:59:59,BATCH_202505_RAW_FX_RATES_API
2025-05-19 00:00:00,SGD,INR,61.3335,MOCK_FX_API,2025-05-19 02:46:00,2026-08-05 02:59:59,BATCH_202505_RAW_FX_RATES_API
2025-05-19 00:00:00,AED,INR,23.1968,MOCK_FX_API,2025-05-19 02:45:00,2026-08-05 02:59:59,BATCH_202505_RAW_FX_RATES_API
2025-05-20 00:00:00,USD,INR,85.1788,MOCK_FX_API,2025-05-20 02:43:00,2026-08-05 02:59:59,BATCH_202505_RAW_FX_RATES_API
2025-05-20 00:00:00,EUR,INR,89.3982,MOCK_FX_API,2025-05-20 01:45:00,2026-08-05 02:59:59,BATCH_202505_RAW_FX_RATES_API
2025-05-20 00:00:00,SGD,INR,61.2828,MOCK_FX_API,2025-05-20 00:51:00,2026-08-05 02:59:59,BATCH_202505_RAW_FX_RATES_API
2025-05-20 00:00:00,AED,INR,23.1851,MOCK_FX_API,2025-05-20 00:53:00,2026-08-05 02:59:59,BATCH_202505_RAW_FX_RATES_API
2025-05-21 00:00:00,USD,INR,85.2497,MOCK_FX_API,2025-05-21 02:28:00,2026-08-05 02:59:59,BATCH_202505_RAW_FX_RATES_API
2025-05-21 00:00:00,EUR,INR,89.22,MOCK_FX_API,2025-05-21 02:53:00,2026-08-05 02:59:59,BATCH_202505_RAW_FX_RATES_API
2025-05-21T00:00:00Z,SGD,INR,61.2195,MOCK_FX_API,2025-05-21 01:16:00,2026-08-05 02:59:59,BATCH_202505_RAW_FX_RATES_API
2025-05-21 00:00:00,AED,INR,23.1363,MOCK_FX_API,2025-05-21 02:25:00,2026-08-05 02:59:59,BATCH_202505_RAW_FX_RATES_API
2025-05-22 00:00:00,USD,INR,85.1862,MOCK_FX_API,2025-05-22 01:27:00,2026-08-05 02:59:59,BATCH_202505_RAW_FX_RATES_API
2025-05-22 00:00:00,EUR,INR,89.0846,MOCK_FX_API,2025-05-22 01:21:00,2026-08-05 02:59:59,BATCH_202505_RAW_FX_RATES_API
2025-05-22 00:00:00,SGD,INR,61.2308,MOCK_FX_API,2025-05-22 02:55:00,2026-08-05 02:59:59,BATCH_202505_RAW_FX_RATES_API
2025-05-22 00:00:00,AED,INR,23.1517,MOCK_FX_API,2025-05-22 02:12:00,2026-08-05 02:59:59,BATCH_202505_RAW_FX_RATES_API
2025-05-23 00:00:00,USD,INR,85.4378,MOCK_FX_API,2025-05-23 00:30:00,2026-08-05 02:59:59,BATCH_202505_RAW_FX_RATES_API
2025-05-23 00:00:00,EUR,INR,89.0206,MOCK_FX_API,2025-05-23 01:28:00,2026-08-05 02:59:59,BATCH_202505_RAW_FX_RATES_API
2025-05-23 00:00:00,SGD,INR,61.3531,MOCK_FX_API,2025-05-23 00:16:00,2026-08-05 02:59:59,BATCH_202505_RAW_FX_RATES_API
2025-05-23 00:00:00,AED,INR,23.1322,MOCK_FX_API,2025-05-23 01:40:00,2026-08-05 02:59:59,BATCH_202505_RAW_FX_RATES_API
2025-05-26 00:00:00,USD,INR,85.3163,MOCK_FX_API,2025-05-26 00:52:00,2026-08-05 02:59:59,BATCH_202505_RAW_FX_RATES_API
2025-05-26 00:00:00,EUR,INR,89.0418,MOCK_FX_API,2025-05-26 02:44:00,2026-08-05 02:59:59,BATCH_202505_RAW_FX_RATES_API
2025-05-26 00:00:00,SGD,INR,61.4869,MOCK_FX_API,2025-05-26 00:47:00,2026-08-05 02:59:59,BATCH_202505_RAW_FX_RATES_API
2025-05-26 00:00:00,AED,INR,23.1291,MOCK_FX_API,2025-05-26 01:29:00,2026-08-05 02:59:59,BATCH_202505_RAW_FX_RATES_API
2025-05-27 00:00:00,USD,INR,85.5242,MOCK_FX_API,2025-05-27 00:57:00,2026-08-05 02:59:59,BATCH_202505_RAW_FX_RATES_API
2025-05-27 00:00:00,EUR,INR,88.8248,MOCK_FX_API,2025-05-27 01:43:00,2026-08-05 02:59:59,BATCH_202505_RAW_FX_RATES_API
2025-05-27 00:00:00,SGD,INR,61.648,MOCK_FX_API,2025-05-27 01:07:00,2026-08-05 02:59:59,BATCH_202505_RAW_FX_RATES_API
2025-05-27 00:00:00,AED,INR,23.0748,MOCK_FX_API,2025-05-27 00:01:00,2026-08-05 02:59:59,BATCH_202505_RAW_FX_RATES_API
2025-05-28 00:00:00,USD,INR,85.6656,MOCK_FX_API,2025-05-28 02:43:00,2026-08-05 02:59:59,BATCH_202505_RAW_FX_RATES_API
2025-05-28 00:00:00,EUR,INR,88.4592,MOCK_FX_API,2025-05-28 01:22:00,2026-08-05 02:59:59,BATCH_202505_RAW_FX_RATES_API
2025-05-28 00:00:00,SGD,INR,61.8091,MOCK_FX_API,2025-05-28 02:18:00,2026-08-05 02:59:59,BATCH_202505_RAW_FX_RATES_API
2025-05-28 00:00:00,AED,INR,23.0505,MOCK_FX_API,2025-05-28 00:28:00,2026-08-05 02:59:59,BATCH_202505_RAW_FX_RATES_API
2025-05-29 00:00:00,USD,INR,85.6944,MOCK_FX_API,2025-05-29 00:15:00,2026-08-05 02:59:59,BATCH_202505_RAW_FX_RATES_API
2025-05-29 00:00:00,EUR,INR,88.4494,MOCK_FX_API,2025-05-29 00:55:00,2026-08-05 02:59:59,BATCH_202505_RAW_FX_RATES_API
2025-05-29 00:00:00,SGD,INR,61.776,MOCK_FX_API,2025-05-29 02:20:00,2026-08-05 02:59:59,BATCH_202505_RAW_FX_RATES_API
2025-05-29 00:00:00,AED,INR,23.104,MOCK_FX_API,2025-05-29 00:21:00,2026-08-05 02:59:59,BATCH_202505_RAW_FX_RATES_API
2025-05-30 00:00:00,USD,INR,85.8363,MOCK_FX_API,2025-05-30 01:33:00,2026-08-05 02:59:59,BATCH_202505_RAW_FX_RATES_API
2025-05-30 00:00:00,EUR,INR,88.4431,MOCK_FX_API,2025-05-30 00:53:00,2026-08-05 02:59:59,BATCH_202505_RAW_FX_RATES_API
2025-05-30 00:00:00,SGD,INR,61.8191,MOCK_FX_API,2025-05-30 02:41:00,2026-08-05 02:59:59,BATCH_202505_RAW_FX_RATES_API
2025-05-30 00:00:00,AED,INR,23.1369,MOCK_FX_API,2025-05-30 01:57:00,2026-08-05 02:59:59,BATCH_202505_RAW_FX_RATES_API
2025-06-02 00:00:00,USD,INR,85.6243,MOCK_FX_API,2025-06-02 00:51:00,2026-08-05 02:59:59,BATCH_202506_RAW_FX_RATES_API
2025-06-02 00:00:00,EUR,INR,88.7426,MOCK_FX_API,2025-06-02 02:58:00,2026-08-05 02:59:59,BATCH_202506_RAW_FX_RATES_API
2025-06-02 00:00:00,AED,INR,23.2046,MOCK_FX_API,2025-06-02 00:09:00,2026-08-05 02:59:59,BATCH_202506_RAW_FX_RATES_API
2025-06-03 00:00:00,USD,INR,85.7908,MOCK_FX_API,2025-06-03 01:17:00,2026-08-05 02:59:59,BATCH_202506_RAW_FX_RATES_API
2025-06-03 00:00:00,EUR,INR,88.8159,MOCK_FX_API,2025-06-03 00:28:00,2026-08-05 02:59:59,BATCH_202506_RAW_FX_RATES_API
2025-06-03 00:00:00,SGD,INR,61.8601,MOCK_FX_API,2025-06-03 01:30:00,2026-08-05 02:59:59,BATCH_202506_RAW_FX_RATES_API
2025-06-03 00:00:00,AED,INR,23.1691,MOCK_FX_API,2025-06-03 01:01:00,2026-08-05 02:59:59,BATCH_202506_RAW_FX_RATES_API
2025-06-04 00:00:00,USD,INR,85.8639,MOCK_FX_API,2025-06-04 01:53:00,2026-08-05 02:59:59,BATCH_202506_RAW_FX_RATES_API
2025-06-04T00:00:00Z,EUR,INR,88.9948,MOCK_FX_API,2025-06-04 02:41:00,2026-08-05 02:59:59,BATCH_202506_RAW_FX_RATES_API
2025-06-04 00:00:00,SGD,INR,61.9426,MOCK_FX_API,2025-06-04 02:59:00,2026-08-05 02:59:59,BATCH_202506_RAW_FX_RATES_API
2025-06-04 00:00:00,AED,inr,23.1646,MOCK_FX_API,2025-06-04 02:33:00,2026-08-05 02:59:59,BATCH_202506_RAW_FX_RATES_API
2025-06-05 00:00:00,USD,INR,85.7964,MOCK_FX_API,2025-06-05 01:26:00,2026-08-05 02:59:59,BATCH_202506_RAW_FX_RATES_API
2025-06-05 00:00:00,EUR,INR,89.1524,MOCK_FX_API,2025-06-05 01:35:00,2026-08-05 02:59:59,BATCH_202506_RAW_FX_RATES_API
2025-06-05 00:00:00,SGD,INR,61.9662,MOCK_FX_API,2025-06-05 02:01:00,2026-08-05 02:59:59,BATCH_202506_RAW_FX_RATES_API
2025-06-06 00:00:00,USD,INR,86.0005,MOCK_FX_API,2025-06-06 00:12:00,2026-08-05 02:59:59,BATCH_202506_RAW_FX_RATES_API
2025-06-06 00:00:00,EUR,INR,88.8565,MOCK_FX_API,2025-06-06 01:27:00,2026-08-05 02:59:59,BATCH_202506_RAW_FX_RATES_API
2025-06-06 00:00:00,SGD,INR,61.8931,MOCK_FX_API,2025-06-06 00:39:00,2026-08-05 02:59:59,BATCH_202506_RAW_FX_RATES_API
2025-06-06 00:00:00,AED,INR,23.0884,MOCK_FX_API,2025-06-06 02:02:00,2026-08-05 02:59:59,BATCH_202506_RAW_FX_RATES_API
2025-06-09 00:00:00,USD,INR,86.1764,MOCK_FX_API,2025-06-09 01:23:00,2026-08-05 02:59:59,BATCH_202506_RAW_FX_RATES_API
2025-06-09 00:00:00,EUR,INR,88.6885,MOCK_FX_API,2025-06-09 00:32:00,2026-08-05 02:59:59,BATCH_202506_RAW_FX_RATES_API
2025-06-09 00:00:00,SGD,INR,61.9616,MOCK_FX_API,2025-06-09 01:55:00,2026-08-05 02:59:59,BATCH_202506_RAW_FX_RATES_API
2025-06-09 00:00:00,AED,INR,23.1199,MOCK_FX_API,2025-06-09 02:45:00,2026-08-05 02:59:59,BATCH_202506_RAW_FX_RATES_API
2025-06-10 00:00:00,USD,INR,86.1433,MOCK_FX_API,2025-06-10 01:31:00,2026-08-05 02:59:59,BATCH_202506_RAW_FX_RATES_API
2025-06-10 00:00:00,EUR,INR,88.6686,MOCK_FX_API,2025-06-10 01:40:00,2026-08-05 02:59:59,BATCH_202506_RAW_FX_RATES_API
2025-06-10 00:00:00,SGD,INR,61.902,MOCK_FX_API,2025-06-10 00:53:00,2026-08-05 02:59:59,BATCH_202506_RAW_FX_RATES_API
2025-06-10 00:00:00,AED,INR,23.1831,MOCK_FX_API,2025-06-10 02:27:00,2026-08-05 02:59:59,BATCH_202506_RAW_FX_RATES_API
2025-06-11 00:00:00,USD,INR,85.9006,MOCK_FX_API,2025-06-11 01:25:00,2026-08-05 02:59:59,BATCH_202506_RAW_FX_RATES_API
2025-06-11 00:00:00,EUR,INR,88.6254,MOCK_FX_API,2025-06-11 02:52:00,2026-08-05 02:59:59,BATCH_202506_RAW_FX_RATES_API
2025-06-11 00:00:00,SGD,INR,61.9376,MOCK_FX_API,2025-06-11 00:10:00,2026-08-05 02:59:59,BATCH_202506_RAW_FX_RATES_API
2025-06-11 00:00:00,AED,INR,23.1943,MOCK_FX_API,2025-06-11 01:14:00,2026-08-05 02:59:59,BATCH_202506_RAW_FX_RATES_API
2025-06-12 00:00:00,USD,INR,85.9102,MOCK_FX_API,2025-06-12 02:42:00,2026-08-05 02:59:59,BATCH_202506_RAW_FX_RATES_API
2025-06-12 00:00:00,EUR,INR,88.728,MOCK_FX_API,2025-06-12 00:23:00,2026-08-05 02:59:59,BATCH_202506_RAW_FX_RATES_API
2025-06-12 00:00:00,SGD,INR,61.9606,MOCK_FX_API,2025-06-12 00:34:00,2026-08-05 02:59:59,BATCH_202506_RAW_FX_RATES_API
2025-06-12 00:00:00,AED,INR,23.1873,MOCK_FX_API,2025-06-12 02:48:00,2026-08-05 02:59:59,BATCH_202506_RAW_FX_RATES_API
2025-06-13 00:00:00,USD,INR,85.7805,MOCK_FX_API,2025-06-13 00:04:00,2026-08-05 02:59:59,BATCH_202506_RAW_FX_RATES_API
2025-06-13 00:00:00,EUR,INR,88.7749,MOCK_FX_API,2025-06-13 00:28:00,2026-08-05 02:59:59,BATCH_202506_RAW_FX_RATES_API
2025-06-13 00:00:00,SGD,INR,61.8582,MOCK_FX_API,2025-06-13 02:57:00,2026-08-05 02:59:59,BATCH_202506_RAW_FX_RATES_API
2025-06-13 00:00:00,AED,INR,23.1167,MOCK_FX_API,2025-06-13 01:57:00,2026-08-05 02:59:59,BATCH_202506_RAW_FX_RATES_API
2025-06-16 00:00:00,USD,INR,85.8831,MOCK_FX_API,2025-06-16 02:53:00,2026-08-05 02:59:59,BATCH_202506_RAW_FX_RATES_API
2025-06-16 00:00:00,SGD,INR,62.0258,MOCK_FX_API,2025-06-16 02:39:00,2026-08-05 02:59:59,BATCH_202506_RAW_FX_RATES_API
06-16-2025,AED,INR,23.1529,MOCK_FX_API,2025-06-16 01:43:00,2026-08-05 02:59:59,BATCH_202506_RAW_FX_RATES_API
2025-06-17 00:00:00,USD,INR,85.9498,MOCK_FX_API,2025-06-17 00:35:00,2026-08-05 02:59:59,BATCH_202506_RAW_FX_RATES_API
2025-06-17 00:00:00,EUR,INR,88.7897,MOCK_FX_API,2025-06-17 00:26:00,2026-08-05 02:59:59,BATCH_202506_RAW_FX_RATES_API
2025-06-17 00:00:00,SGD,INR,62.0612,MOCK_FX_API,2025-06-17 01:49:00,2026-08-05 02:59:59,BATCH_202506_RAW_FX_RATES_API
2025-06-17 00:00:00,AED,INR,23.181,MOCK_FX_API,2025-06-17 02:21:00,2026-08-05 02:59:59,BATCH_202506_RAW_FX_RATES_API
2025-06-18 00:00:00,USD,INR,86.0136,MOCK_FX_API,2025-06-18 02:59:00,2026-08-05 02:59:59,BATCH_202506_RAW_FX_RATES_API
2025-06-18 00:00:00,EUR,INR,88.9506,MOCK_FX_API,2025-06-18 00:36:00,2026-08-05 02:59:59,BATCH_202506_RAW_FX_RATES_API
2025-06-18 00:00:00,SGD,INR,62.1628,MOCK_FX_API,2025-06-22 02:57:00,2026-08-05 02:59:59,BATCH_202506_RAW_FX_RATES_API
2025-06-18 00:00:00,AED,INR,23.1744,MOCK_FX_API,2025-06-18 01:55:00,2026-08-05 02:59:59,BATCH_202506_RAW_FX_RATES_API
2025-06-19 00:00:00,USD,INR,85.9579,MOCK_FX_API,2025-06-19 02:02:00,2026-08-05 02:59:59,BATCH_202506_RAW_FX_RATES_API
2025-06-19 00:00:00,eur,INR,89.0196,MOCK_FX_API,2025-06-19 01:53:00,2026-08-05 02:59:59,BATCH_202506_RAW_FX_RATES_API
2025-06-19 00:00:00,SGD,INR,62.3196,MOCK_FX_API,2025-06-19 02:44:00,2026-08-05 02:59:59,BATCH_202506_RAW_FX_RATES_API
2025-06-19 00:00:00,AED,INR,23.137,MOCK_FX_API,2025-06-19 00:03:00,2026-08-05 02:59:59,BATCH_202506_RAW_FX_RATES_API
2025-06-20 00:00:00,USD,INR,86.0214,MOCK_FX_API,2025-06-20 01:17:00,2026-08-05 02:59:59,BATCH_202506_RAW_FX_RATES_API
2025-06-20 00:00:00,EUR,INR,89.0149,MOCK_FX_API,2025-06-20 00:08:00,2026-08-05 02:59:59,BATCH_202506_RAW_FX_RATES_API
2025-06-20 00:00:00,SGD,INR,62.3054,MOCK_FX_API,2025-06-20 01:56:00,2026-08-05 02:59:59,BATCH_202506_RAW_FX_RATES_API
2025-06-20 00:00:00,AED,INR,23.1294,MOCK_FX_API,2025-06-20 02:15:00,2026-08-05 02:59:59,BATCH_202506_RAW_FX_RATES_API
2025-06-23 00:00:00,USD,INR,86.3929,MOCK_FX_API,2025-06-23 01:45:00,2026-08-05 02:59:59,BATCH_202506_RAW_FX_RATES_API
2025-06-23 00:00:00,EUR,INR,88.9923,MOCK_FX_API,2025-06-23 01:44:00,2026-08-05 02:59:59,BATCH_202506_RAW_FX_RATES_API
2025-06-23 00:00:00,SGD,INR,62.2653,MOCK_FX_API,2025-06-23 02:32:00,2026-08-05 02:59:59,BATCH_202506_RAW_FX_RATES_API
2025-06-23 00:00:00,AED,INR,23.0881,MOCK_FX_API,2025-06-23 02:41:00,2026-08-05 02:59:59,BATCH_202506_RAW_FX_RATES_API
2025-06-24 00:00:00,USD,INR,86.3243,MOCK_FX_API,2025-06-24 00:43:00,2026-08-05 02:59:59,BATCH_202506_RAW_FX_RATES_API
2025-06-24 00:00:00,EUR,INR,89.088,MOCK_FX_API,2025-06-24 02:04:00,2026-08-05 02:59:59,BATCH_202506_RAW_FX_RATES_API
24/06/2025,SGD,INR,62.1939,MOCK_FX_API,2025-06-24 00:26:00,2026-08-05 02:59:59,BATCH_202506_RAW_FX_RATES_API
2025-06-24 00:00:00,AED,INR,23.0964,MOCK_FX_API,2025-06-24 02:43:00,2026-08-05 02:59:59,BATCH_202506_RAW_FX_RATES_API
2025-06-25 00:00:00,USD,INR,86.2786,MOCK_FX_API,2025-06-25 00:46:00,2026-08-05 02:59:59,BATCH_202506_RAW_FX_RATES_API
2025-06-25 00:00:00,EUR,INR,89.0375,MOCK_FX_API,2025-06-25 01:49:00,2026-08-05 02:59:59,BATCH_202506_RAW_FX_RATES_API
2025-06-25 00:00:00,SGD,INR,62.1476,MOCK_FX_API,2025-06-25 00:29:00,2026-08-05 02:59:59,BATCH_202506_RAW_FX_RATES_API
2025-06-25 00:00:00,AED,INR,23.1956,MOCK_FX_API,2025-06-25 00:01:00,2026-08-05 02:59:59,BATCH_202506_RAW_FX_RATES_API
2025-06-26 00:00:00,USD,INR,86.2962,MOCK_FX_API,2025-06-26 01:30:00,2026-08-05 02:59:59,BATCH_202506_RAW_FX_RATES_API
2025-06-26 00:00:00,N/A,INR,88.9283,MOCK_FX_API,2025-06-28 02:51:00,2026-08-05 02:59:59,BATCH_202506_RAW_FX_RATES_API
2025-06-26 00:00:00,SGD,INR,61.9972,MOCK_FX_API,2025-06-26 00:26:00,2026-08-05 02:59:59,BATCH_202506_RAW_FX_RATES_API
2025-06-26 00:00:00,AED,INR,23.1441,MOCK_FX_API,2025-06-26 01:22:00,2026-08-05 02:59:59,BATCH_202506_RAW_FX_RATES_API
2025-06-27 00:00:00,USD,INR,86.1726,MOCK_FX_API,2025-06-27 01:54:00,2026-08-05 02:59:59,BATCH_202506_RAW_FX_RATES_API
2025-06-27 00:00:00,EUR,INR,88.8656,MOCK_FX_API,2025-06-27 02:53:00,2026-08-05 02:59:59,BATCH_202506_RAW_FX_RATES_API
2025-06-27 00:00:00,SGD,INR,61.9779,MOCK_FX_API,2025-06-27 01:47:00,2026-08-05 02:59:59,BATCH_202506_RAW_FX_RATES_API
2025-06-27 00:00:00,AED,INR,23.1806,MOCK_FX_API,2025-06-27 00:29:00,2026-08-05 02:59:59,BATCH_202506_RAW_FX_RATES_API
2025-06-30 00:00:00,USD,INR,86.2027,MOCK_FX_API,2025-06-30 00:39:00,2026-08-05 02:59:59,BATCH_202506_RAW_FX_RATES_API
2025-06-30 00:00:00,EUR,INR,88.7727,MOCK_FX_API,2025-06-30 01:19:00,2026-08-05 02:59:59,BATCH_202506_RAW_FX_RATES_API
2025-06-30 00:00:00,SGD,INR,61.9095,MOCK_FX_API,2025-06-30 00:53:00,2026-08-05 02:59:59,BATCH_202506_RAW_FX_RATES_API
2025-06-30 00:00:00,AED,INR,23.2117,MOCK_FX_API,2025-06-30 01:47:00,2026-08-05 02:59:59,BATCH_202506_RAW_FX_RATES_API
2025-07-01 00:00:00,USD,INR,86.1231,MOCK_FX_API,2025-07-01 01:16:00,2026-08-05 02:59:59,BATCH_202507_RAW_FX_RATES_API
2025-07-01 00:00:00,EUR,INR,88.5787,MOCK_FX_API,2025-07-01 02:11:00,2026-08-05 02:59:59,BATCH_202507_RAW_FX_RATES_API
2025-07-01 00:00:00,SGD,INR,62.0042,MOCK_FX_API,2025-07-01 01:34:00,2026-08-05 02:59:59,BATCH_202507_RAW_FX_RATES_API
2025-07-01 00:00:00,AED,INR,23.2898,MOCK_FX_API,2025-07-01 02:37:00,2026-08-05 02:59:59,BATCH_202507_RAW_FX_RATES_API
2025-07-02 00:00:00,USD,INR,86.1632,MOCK_FX_API,2025-07-02 00:00:00,2026-08-05 02:59:59,BATCH_202507_RAW_FX_RATES_API
2025-07-02 00:00:00,EUR,INR,88.4788,MOCK_FX_API,2025-07-02 00:55:00,2026-08-05 02:59:59,BATCH_202507_RAW_FX_RATES_API
2025-07-02 00:00:00,SGD,INR,61.9341,MOCK_FX_API,2025-07-02 01:18:00,2026-08-05 02:59:59,BATCH_202507_RAW_FX_RATES_API
2025-07-02 00:00:00,AED,INR,23.2451,MOCK_FX_API,2025-07-02 00:14:00,2026-08-05 02:59:59,BATCH_202507_RAW_FX_RATES_API
2025-07-03 00:00:00,USD,INR,85.9872,MOCK_FX_API,2025-07-03 00:11:00,2026-08-05 02:59:59,BATCH_202507_RAW_FX_RATES_API
2025-07-03 00:00:00,EUR,INR,88.447,MOCK_FX_API,2025-07-03 01:11:00,2026-08-05 02:59:59,BATCH_202507_RAW_FX_RATES_API
2025-07-03 00:00:00,SGD,INR,62.0281,MOCK_FX_API,2025-07-03 02:49:00,2026-08-05 02:59:59,BATCH_202507_RAW_FX_RATES_API
2025-07-03 00:00:00,AED,INR,23.2311,MOCK_FX_API,2025-07-03 02:06:00,2026-08-05 02:59:59,BATCH_202507_RAW_FX_RATES_API
2025-07-04 00:00:00,USD,INR,85.7623,MOCK_FX_API,2025-07-04 02:57:00,2026-08-05 02:59:59,BATCH_202507_RAW_FX_RATES_API
2025-07-04 00:00:00,EUR,INR,88.7296,MOCK_FX_API,2025-07-04 01:02:00,2026-08-05 02:59:59,BATCH_202507_RAW_FX_RATES_API
2025-07-04 00:00:00,SGD,INR,61.8506,MOCK_FX_API,2025-07-04 02:19:00,2026-08-05 02:59:59,BATCH_202507_RAW_FX_RATES_API
2025-07-04 00:00:00,AED,INR,23.2524,MOCK_FX_API,2025-07-04 01:10:00,2026-08-05 02:59:59,BATCH_202507_RAW_FX_RATES_API
2025-07-07 00:00:00,USD, INR ,85.9657,MOCK_FX_API,2025-07-11 02:03:00,2026-08-05 02:59:59,BATCH_202507_RAW_FX_RATES_API
2025-07-07 00:00:00,EUR,INR,88.6642,MOCK_FX_API,2025-07-07 01:16:00,2026-08-05 02:59:59,BATCH_202507_RAW_FX_RATES_API
2025-07-07 00:00:00,SGD,INR,62.0985,MOCK_FX_API,2025-07-07 02:42:00,2026-08-05 02:59:59,BATCH_202507_RAW_FX_RATES_API
2025-07-07 00:00:00,AED,INR,23.1017,MOCK_FX_API,2025-07-07 02:31:00,2026-08-05 02:59:59,BATCH_202507_RAW_FX_RATES_API
2025-07-08 00:00:00,USD,INR,85.7916,MOCK_FX_API,2025-07-08 02:39:00,2026-08-05 02:59:59,BATCH_202507_RAW_FX_RATES_API
2025-07-08 00:00:00,EUR,INR,88.3453,MOCK_FX_API,2025-07-09 00:46:00,2026-08-05 02:59:59,BATCH_202507_RAW_FX_RATES_API
2025-07-08 00:00:00,SGD,INR,62.2675,MOCK_FX_API,2025-07-10 00:25:00,2026-08-05 02:59:59,BATCH_202507_RAW_FX_RATES_API
2025-07-08 00:00:00,AED,INR,23.1252,MOCK_FX_API,2025-07-08 01:01:00,2026-08-05 02:59:59,BATCH_202507_RAW_FX_RATES_API
2025-07-09 00:00:00,USD,INR,85.7262,MOCK_FX_API,2025-07-09 01:57:00,2026-08-05 02:59:59,BATCH_202507_RAW_FX_RATES_API
2025-07-09 00:00:00,EUR,INR,88.0224,MOCK_FX_API,2025-07-13 01:36:00,2026-08-05 02:59:59,BATCH_202507_RAW_FX_RATES_API
2025-07-09 00:00:00,SGD,INR,62.166,MOCK_FX_API,2025-07-09 00:00:00,2026-08-05 02:59:59,BATCH_202507_RAW_FX_RATES_API
2025-07-09 00:00:00,AED,INR,23.0977,MOCK_FX_API,2025-07-09 02:25:00,2026-08-05 02:59:59,BATCH_202507_RAW_FX_RATES_API
2025-07-10 00:00:00,USD,INR,85.9936,MOCK_FX_API,2025-07-10 02:24:00,2026-08-05 02:59:59,BATCH_202507_RAW_FX_RATES_API
2025-07-10 00:00:00,EUR,INR,87.9067,MOCK_FX_API,2025-07-10 00:22:00,2026-08-05 02:59:59,BATCH_202507_RAW_FX_RATES_API
2025-07-10 00:00:00,SGD,INR,62.2269,MOCK_FX_API,2025-07-10 02:50:00,2026-08-05 02:59:59,BATCH_202507_RAW_FX_RATES_API
2025-07-10 00:00:00,AED,INR,23.0379,MOCK_FX_API,2025-07-10 00:40:00,2026-08-05 02:59:59,BATCH_202507_RAW_FX_RATES_API
2025-07-11 00:00:00,USD,INR,85.9521,MOCK_FX_API,2025-07-11 02:28:00,2026-08-05 02:59:59,BATCH_202507_RAW_FX_RATES_API
2025-07-11 00:00:00,EUR,INR,88.0434,MOCK_FX_API,2025-07-11 00:21:00,2026-08-05 02:59:59,BATCH_202507_RAW_FX_RATES_API
2025-07-11 00:00:00,SGD,INR,62.168,MOCK_FX_API,2025-07-11 01:15:00,2026-08-05 02:59:59,BATCH_202507_RAW_FX_RATES_API
2025-07-11 00:00:00,AED,INR,22.9886,MOCK_FX_API,2025-07-11 01:36:00,2026-08-05 02:59:59,BATCH_202507_RAW_FX_RATES_API
2025-07-14 00:00:00,USD,INR,86.0106,MOCK_FX_API,2025-07-14 02:56:00,2026-08-05 02:59:59,BATCH_202507_RAW_FX_RATES_API
2025-07-14 00:00:00,EUR,INR,87.8891,MOCK_FX_API,2025-07-17 01:25:00,2026-08-05 02:59:59,BATCH_202507_RAW_FX_RATES_API
2025-07-14 00:00:00,SGD,INR,62.0329,MOCK_FX_API,2025-07-18 00:40:00,2026-08-05 02:59:59,BATCH_202507_RAW_FX_RATES_API
2025-07-14 00:00:00,AED,INR,23.0428,MOCK_FX_API,2025-07-14 00:58:00,2026-08-05 02:59:59,BATCH_202507_RAW_FX_RATES_API
2025-07-15 00:00:00,USD,INR,85.8088,MOCK_FX_API,2025-07-15 01:36:00,2026-08-05 02:59:59,BATCH_202507_RAW_FX_RATES_API
2025-07-15 00:00:00,EUR,INR,87.7967,MOCK_FX_API,2025-07-15 02:15:00,2026-08-05 02:59:59,BATCH_202507_RAW_FX_RATES_API
2025-07-15 00:00:00,SGD,INR,62.0424,MOCK_FX_API,2025-07-15 01:32:00,2026-08-05 02:59:59,BATCH_202507_RAW_FX_RATES_API
2025-07-15 00:00:00,AED,INR,23.1478,MOCK_FX_API,2025-07-15 01:26:00,2026-08-05 02:59:59,BATCH_202507_RAW_FX_RATES_API
2025-07-16 00:00:00,USD,INR,85.9394,MOCK_FX_API,2025-07-16 02:17:00,2026-08-05 02:59:59,BATCH_202507_RAW_FX_RATES_API
2025-07-16 00:00:00,EUR,INR,87.7265,MOCK_FX_API,2025-07-16 00:40:00,2026-08-05 02:59:59,BATCH_202507_RAW_FX_RATES_API
2025-07-16 00:00:00,N/A,INR,61.8955,MOCK_FX_API,2025-07-16 02:42:00,2026-08-05 02:59:59,BATCH_202507_RAW_FX_RATES_API
2025-07-16 00:00:00,AED,INR,23.1353,MOCK_FX_API,2025-08-10 01:45:00,2026-08-05 02:59:59,BATCH_202507_RAW_FX_RATES_API
2025-07-17 00:00:00,USD,INR,85.9479,MOCK_FX_API,2025-07-17 01:26:00,2026-08-05 02:59:59,BATCH_202507_RAW_FX_RATES_API
2025-07-17 00:00:00,EUR,INR,87.8727,MOCK_FX_API,2025-07-17 00:57:00,2026-08-05 02:59:59,BATCH_202507_RAW_FX_RATES_API
1752690600,SGD,INR,61.8455,MOCK_FX_API,2025-07-17 02:47:00,2026-08-05 02:59:59,BATCH_202507_RAW_FX_RATES_API
2025-07-17 00:00:00,AED,INR,23.1645,MOCK_FX_API,2025-07-17 00:32:00,2026-08-05 02:59:59,BATCH_202507_RAW_FX_RATES_API
2025-07-18 00:00:00,USD,INR,86.0952,MOCK_FX_API,2025-07-18 00:59:00,2026-08-05 02:59:59,BATCH_202507_RAW_FX_RATES_API
2025-07-18 00:00:00,EUR,INR,87.8429,MOCK_FX_API,2025-07-18 01:51:00,2026-08-05 02:59:59,BATCH_202507_RAW_FX_RATES_API
2025-07-18 00:00:00,SGD,INR,61.9175,MOCK_FX_API,2025-07-18 01:20:00,2026-08-05 02:59:59,BATCH_202507_RAW_FX_RATES_API
2025-07-18 00:00:00,AED,INR,23.1517,MOCK_FX_API,2025-07-18 01:08:00,2026-08-05 02:59:59,BATCH_202507_RAW_FX_RATES_API
2025-07-21 00:00:00,USD,INR,86.1571,MOCK_FX_API,2025-07-21 01:41:00,2026-08-05 02:59:59,BATCH_202507_RAW_FX_RATES_API
2025-07-21 00:00:00,EUR,INR,87.4366,MOCK_FX_API,2025-07-21 00:15:00,2026-08-05 02:59:59,BATCH_202507_RAW_FX_RATES_API
2025-07-21 00:00:00,SGD,INR,62.0773,MOCK_FX_API,2025-07-21 02:57:00,2026-08-05 02:59:59,BATCH_202507_RAW_FX_RATES_API
2025-07-21 00:00:00,AED,INR,23.1461,MOCK_FX_API,2025-07-21 02:21:00,2026-08-05 02:59:59,BATCH_202507_RAW_FX_RATES_API
2025-07-22 00:00:00,N/A,INR,86.1917,MOCK_FX_API,2025-07-22 02:47:00,2026-08-05 02:59:59,BATCH_202507_RAW_FX_RATES_API
2025-07-22 00:00:00,EUR,INR,87.4637,MOCK_FX_API,2025-07-22 00:01:00,2026-08-05 02:59:59,BATCH_202507_RAW_FX_RATES_API
2025-07-22 00:00:00,SGD,INR,62.0762,MOCK_FX_API,2025-07-22 00:14:00,2026-08-05 02:59:59,BATCH_202507_RAW_FX_RATES_API
2025-07-22 00:00:00,AED,INR,23.1568,MOCK_FX_API,2025-07-27 01:24:00,2026-08-05 02:59:59,BATCH_202507_RAW_FX_RATES_API
2025-07-23 00:00:00,USD,INR,86.293,MOCK_FX_API,2025-07-23 00:51:00,2026-08-05 02:59:59,BATCH_202507_RAW_FX_RATES_API
2025-07-23 00:00:00,EUR,INR,87.454,MOCK_FX_API,2025-07-23 01:31:00,2026-08-05 02:59:59,BATCH_202507_RAW_FX_RATES_API
2025-07-23 00:00:00,SGD,INR,62.1273,MOCK_FX_API,2025-07-23 01:03:00,2026-08-05 02:59:59,BATCH_202507_RAW_FX_RATES_API
2025-07-23 00:00:00,AED,INR,23.1629,MOCK_FX_API,2025-07-23 02:06:00,2026-08-05 02:59:59,BATCH_202507_RAW_FX_RATES_API
24/07/2025,USD,INR,86.3729,MOCK_FX_API,2025-07-24 00:45:00,2026-08-05 02:59:59,BATCH_202507_RAW_FX_RATES_API
2025-07-24 00:00:00,EUR,INR,87.4237,MOCK_FX_API,2025-07-24 00:56:00,2026-08-05 02:59:59,BATCH_202507_RAW_FX_RATES_API
2025-07-24 00:00:00,SGD,INR,62.2237,MOCK_FX_API,2025-07-24 02:04:00,2026-08-05 02:59:59,BATCH_202507_RAW_FX_RATES_API
2025-07-24 00:00:00,AED,INR,23.1848,MOCK_FX_API,2025-07-24 02:16:00,2026-08-05 02:59:59,BATCH_202507_RAW_FX_RATES_API
2025-07-25 00:00:00,USD,INR,86.2679,MOCK_FX_API,2025-07-25 02:53:00,2026-08-05 02:59:59,BATCH_202507_RAW_FX_RATES_API
2025-07-25 00:00:00,EUR,INR,87.4041,MOCK_FX_API,2025-07-25 00:27:00,2026-08-05 02:59:59,BATCH_202507_RAW_FX_RATES_API
2025-07-25 00:00:00,SGD,INR,62.1533,MOCK_FX_API,2025-07-25 00:50:00,2026-08-05 02:59:59,BATCH_202507_RAW_FX_RATES_API
2025-07-25 00:00:00,AED,INR,23.1225,MOCK_FX_API,2025-07-25 02:47:00,2026-08-05 02:59:59,BATCH_202507_RAW_FX_RATES_API
2025-07-28 00:00:00,USD,INR,86.5852,MOCK_FX_API,2025-07-29 02:34:00,2026-08-05 02:59:59,BATCH_202507_RAW_FX_RATES_API
2025-07-28 00:00:00,EUR,INR,87.8232,MOCK_FX_API,2025-07-28 02:14:00,2026-08-05 02:59:59,BATCH_202507_RAW_FX_RATES_API
2025-07-28 00:00:00,SGD,INR,62.1668,MOCK_FX_API,2025-07-28 02:41:00,2026-08-05 02:59:59,BATCH_202507_RAW_FX_RATES_API
2025-07-28 00:00:00,AED,INR,23.1561,MOCK_FX_API,2025-07-28 02:00:00,2026-08-05 02:59:59,BATCH_202507_RAW_FX_RATES_API
2025-07-29 00:00:00,USD,INR,86.7246,MOCK_FX_API,2025-07-29 01:41:00,2026-08-05 02:59:59,BATCH_202507_RAW_FX_RATES_API
2025-07-29 00:00:00,EUR,INR,87.7986,MOCK_FX_API,2025-07-29 02:45:00,2026-08-05 02:59:59,BATCH_202507_RAW_FX_RATES_API
2025-07-29 00:00:00,SGD,INR,62.0207,MOCK_FX_API,2025-07-29 02:27:00,2026-08-05 02:59:59,BATCH_202507_RAW_FX_RATES_API
2025-07-29 00:00:00,AED,INR,23.1578,MOCK_FX_API,2025-07-29 00:46:00,2026-08-05 02:59:59,BATCH_202507_RAW_FX_RATES_API
2025-07-30 00:00:00,USD,INR,86.6494,MOCK_FX_API,2025-08-24 01:37:00,2026-08-05 02:59:59,BATCH_202507_RAW_FX_RATES_API
2025-07-30 00:00:00,EUR,INR,87.5065,MOCK_FX_API,2025-07-30 01:17:00,2026-08-05 02:59:59,BATCH_202507_RAW_FX_RATES_API
2025-07-30 00:00:00,SGD,INR,62.0084,MOCK_FX_API,2025-07-30 02:32:00,2026-08-05 02:59:59,BATCH_202507_RAW_FX_RATES_API
2025-07-30 00:00:00,AED,INR,23.1954,MOCK_FX_API,2025-07-30 00:15:00,2026-08-05 02:59:59,BATCH_202507_RAW_FX_RATES_API
2025-07-31 00:00:00,USD,INR,86.7467,MOCK_FX_API,2025-07-31 00:28:00,2026-08-05 02:59:59,BATCH_202507_RAW_FX_RATES_API
07-31-2025,SGD,INR,62.0238,MOCK_FX_API,2025-07-31 00:57:00,2026-08-05 02:59:59,BATCH_202507_RAW_FX_RATES_API
2025-07-31 00:00:00,AED,INR,23.1584,MOCK_FX_API,2025-07-31 00:15:00,2026-08-05 02:59:59,BATCH_202507_RAW_FX_RATES_API
2025-08-01 00:00:00,USD,INR,86.9119,MOCK_FX_API,2025-08-01 01:52:00,2026-08-05 02:59:59,BATCH_202508_RAW_FX_RATES_API
2025-08-01 00:00:00,EUR,INR,87.5735,MOCK_FX_API,2025-08-01 01:51:00,2026-08-05 02:59:59,BATCH_202508_RAW_FX_RATES_API
2025-08-01 00:00:00,SGD,INR,61.9669,MOCK_FX_API,2025-08-01 01:15:00,2026-08-05 02:59:59,BATCH_202508_RAW_FX_RATES_API
2025-08-01 00:00:00,AED,INR,23.1649,MOCK_FX_API,2025-08-01 00:38:00,2026-08-05 02:59:59,BATCH_202508_RAW_FX_RATES_API
2025-08-04T00:00:00+05:30,USD,INR,87.2524,MOCK_FX_API,2025-08-04 02:33:00,2026-08-05 02:59:59,BATCH_202508_RAW_FX_RATES_API
2025-08-04 00:00:00,EUR,INR,87.8838,MOCK_FX_API,2025-08-04 00:02:00,2026-08-05 02:59:59,BATCH_202508_RAW_FX_RATES_API
2025-08-04 00:00:00,SGD,inr,62.2259,MOCK_FX_API,2025-08-04 00:20:00,2026-08-05 02:59:59,BATCH_202508_RAW_FX_RATES_API
2025-08-04 00:00:00,AED,INR,23.1348,MOCK_FX_API,2025-08-04 00:02:00,2026-08-05 02:59:59,BATCH_202508_RAW_FX_RATES_API
2025-08-05 00:00:00,USD,INR,87.3045,MOCK_FX_API,2025-08-05 02:01:00,2026-08-05 02:59:59,BATCH_202508_RAW_FX_RATES_API
2025-08-05 00:00:00,EUR,INR,87.8258,MOCK_FX_API,2025-08-28 01:33:00,2026-08-05 02:59:59,BATCH_202508_RAW_FX_RATES_API
2025-08-05 00:00:00,SGD,INR,62.0395,MOCK_FX_API,2025-08-05 02:48:00,2026-08-05 02:59:59,BATCH_202508_RAW_FX_RATES_API
2025-08-05 00:00:00,AED,INR,23.1626,MOCK_FX_API,2025-08-05 01:51:00,2026-08-05 02:59:59,BATCH_202508_RAW_FX_RATES_API
2025-08-06 00:00:00,USD,INR,87.2831,MOCK_FX_API,2025-08-06 01:43:00,2026-08-05 02:59:59,BATCH_202508_RAW_FX_RATES_API
2025-08-06 00:00:00,EUR,INR,87.82,MOCK_FX_API,2025-08-06 02:11:00,2026-08-05 02:59:59,BATCH_202508_RAW_FX_RATES_API
2025-08-06 00:00:00,SGD,INR,62.1096,MOCK_FX_API,2025-08-25 02:47:00,2026-08-05 02:59:59,BATCH_202508_RAW_FX_RATES_API
2025-08-06 00:00:00,AED,INR,23.1655,MOCK_FX_API,2025-08-06 00:56:00,2026-08-05 02:59:59,BATCH_202508_RAW_FX_RATES_API
2025-08-07 00:00:00,USD,INR,87.3466,MOCK_FX_API,2025-08-07 00:35:00,2026-08-05 02:59:59,BATCH_202508_RAW_FX_RATES_API
2025-08-07 00:00:00,EUR,INR,87.6572,MOCK_FX_API,2025-08-07 02:31:00,2026-08-05 02:59:59,BATCH_202508_RAW_FX_RATES_API
2025-08-07 00:00:00,SGD,INR,62.1829,MOCK_FX_API,2025-08-07 00:44:00,2026-08-05 02:59:59,BATCH_202508_RAW_FX_RATES_API
2025-08-07 00:00:00,AED,INR,23.153,MOCK_FX_API,2025-08-07 00:04:00,2026-08-05 02:59:59,BATCH_202508_RAW_FX_RATES_API
2025-08-08 00:00:00,USD,INR,87.2167,MOCK_FX_API,2025-08-08 00:44:00,2026-08-05 02:59:59,BATCH_202508_RAW_FX_RATES_API
2025-08-08 00:00:00,EUR,INR,87.6114,MOCK_FX_API,2025-08-08 01:57:00,2026-08-05 02:59:59,BATCH_202508_RAW_FX_RATES_API
2025-08-08 00:00:00,SGD,INR,62.2527,MOCK_FX_API,2025-08-08 03:00:00,2026-08-05 02:59:59,BATCH_202508_RAW_FX_RATES_API
2025-08-08 00:00:00,AED,INR,23.1022,MOCK_FX_API,2025-08-08 00:54:00,2026-08-05 02:59:59,BATCH_202508_RAW_FX_RATES_API
2025-08-11 00:00:00,USD,INR,87.337,MOCK_FX_API,2025-08-11 01:42:00,2026-08-05 02:59:59,BATCH_202508_RAW_FX_RATES_API
2025-08-11 00:00:00,EUR,INR,87.6014,MOCK_FX_API,2025-08-11 01:59:00,2026-08-05 02:59:59,BATCH_202508_RAW_FX_RATES_API
2025-08-11 00:00:00,SGD,INR,62.4013,MOCK_FX_API,2025-08-11 00:52:00,2026-08-05 02:59:59,BATCH_202508_RAW_FX_RATES_API
2025-08-11 00:00:00,AED,INR,23.1398,MOCK_FX_API,2025-08-16 01:57:00,2026-08-05 02:59:59,BATCH_202508_RAW_FX_RATES_API
2025-08-12 00:00:00,USD,INR,87.5187,MOCK_FX_API,2025-08-12 02:00:00,2026-08-05 02:59:59,BATCH_202508_RAW_FX_RATES_API
2025-08-12 00:00:00,EUR,INR,87.6444,MOCK_FX_API,2025-08-12 02:03:00,2026-08-05 02:59:59,BATCH_202508_RAW_FX_RATES_API
2025-08-12 00:00:00,SGD,INR,62.433,MOCK_FX_API,2025-08-12 01:01:00,2026-08-05 02:59:59,BATCH_202508_RAW_FX_RATES_API
2025-08-12 00:00:00, AED ,INR,23.1339,MOCK_FX_API,2025-08-12 00:57:00,2026-08-05 02:59:59,BATCH_202508_RAW_FX_RATES_API
2025-08-13 00:00:00,USD,INR,87.6928,MOCK_FX_API,2025-08-13 01:04:00,2026-08-05 02:59:59,BATCH_202508_RAW_FX_RATES_API
2025-08-13 00:00:00,EUR,INR,87.4007,MOCK_FX_API,2025-08-13 01:21:00,2026-08-05 02:59:59,BATCH_202508_RAW_FX_RATES_API
2025-08-13 00:00:00,SGD,INR,62.2584,MOCK_FX_API,2025-08-13 02:30:00,2026-08-05 02:59:59,BATCH_202508_RAW_FX_RATES_API
1755023400,AED,INR,23.0928,MOCK_FX_API,2025-08-13 02:01:00,2026-08-05 02:59:59,BATCH_202508_RAW_FX_RATES_API
2025-08-14 00:00:00,USD,INR,87.6997,MOCK_FX_API,2025-08-14 02:06:00,2026-08-05 02:59:59,BATCH_202508_RAW_FX_RATES_API
2025-08-14 00:00:00,EUR,INR,87.1422,MOCK_FX_API,2025-08-14 01:45:00,2026-08-05 02:59:59,BATCH_202508_RAW_FX_RATES_API
2025-08-14 00:00:00,SGD,INR,62.1585,MOCK_FX_API,2025-09-02 02:41:00,2026-08-05 02:59:59,BATCH_202508_RAW_FX_RATES_API
2025-08-14 00:00:00,AED,INR,23.1166,MOCK_FX_API,2025-08-14 02:21:00,2026-08-05 02:59:59,BATCH_202508_RAW_FX_RATES_API
2025-08-15 00:00:00,USD,INR,87.7747,MOCK_FX_API,2025-08-15 02:47:00,2026-08-05 02:59:59,BATCH_202508_RAW_FX_RATES_API
2025-08-15 00:00:00,EUR,INR,86.9518,MOCK_FX_API,2025-08-15 02:44:00,2026-08-05 02:59:59,BATCH_202508_RAW_FX_RATES_API
2025-08-15 00:00:00,SGD,INR,62.2233,MOCK_FX_API,2025-08-15 02:34:00,2026-08-05 02:59:59,BATCH_202508_RAW_FX_RATES_API
2025-08-15T00:00:00Z,AED,INR,23.1704,MOCK_FX_API,2025-08-15 01:16:00,2026-08-05 02:59:59,BATCH_202508_RAW_FX_RATES_API
2025-08-18 00:00:00,USD,INR,88.2154,MOCK_FX_API,2025-08-18 01:35:00,2026-08-05 02:59:59,BATCH_202508_RAW_FX_RATES_API
2025-08-18 00:00:00,EUR,INR,87.1274,MOCK_FX_API,2025-08-18 00:57:00,2026-08-05 02:59:59,BATCH_202508_RAW_FX_RATES_API
2025-08-18 00:00:00,SGD, INR ,62.0424,MOCK_FX_API,2025-08-18 00:38:00,2026-08-05 02:59:59,BATCH_202508_RAW_FX_RATES_API
2025-08-18 00:00:00,AED,INR,23.1923,MOCK_FX_API,2025-08-18 01:12:00,2026-08-05 02:59:59,BATCH_202508_RAW_FX_RATES_API
2025-08-19 00:00:00,USD,INR,88.5435,MOCK_FX_API,2025-08-21 01:00:00,2026-08-05 02:59:59,BATCH_202508_RAW_FX_RATES_API
2025-08-19 00:00:00,EUR,INR,86.9727,MOCK_FX_API,2025-08-19 02:43:00,2026-08-05 02:59:59,BATCH_202508_RAW_FX_RATES_API
2025-08-19 00:00:00,SGD,INR,62.0639,MOCK_FX_API,2025-08-19 02:23:00,2026-08-05 02:59:59,BATCH_202508_RAW_FX_RATES_API
2025-08-19 00:00:00,AED,INR,23.233,MOCK_FX_API,2025-08-19 00:10:00,2026-08-05 02:59:59,BATCH_202508_RAW_FX_RATES_API
2025-08-20 00:00:00,USD,INR,88.517,MOCK_FX_API,2025-08-20 01:27:00,2026-08-05 02:59:59,BATCH_202508_RAW_FX_RATES_API
2025-08-20 00:00:00,EUR,INR,87.1157,MOCK_FX_API,2025-08-20 02:36:00,2026-08-05 02:59:59,BATCH_202508_RAW_FX_RATES_API
2025-08-20 00:00:00,SGD,INR,62.1075,MOCK_FX_API,2025-08-20 02:57:00,2026-08-05 02:59:59,BATCH_202508_RAW_FX_RATES_API
2025-08-20 00:00:00,AED,INR,23.2116,MOCK_FX_API,2025-08-20 00:04:00,2026-08-05 02:59:59,BATCH_202508_RAW_FX_RATES_API
2025-08-21 00:00:00,USD,INR,88.4166,MOCK_FX_API,2025-08-21 01:23:00,2026-08-05 02:59:59,BATCH_202508_RAW_FX_RATES_API
2025-08-21 00:00:00,EUR,INR,87.1441,MOCK_FX_API,2025-08-21 02:23:00,2026-08-05 02:59:59,BATCH_202508_RAW_FX_RATES_API
2025-08-21 00:00:00,SGD,INR,61.9399,MOCK_FX_API,2025-09-05 00:56:00,2026-08-05 02:59:59,BATCH_202508_RAW_FX_RATES_API
2025-08-21 00:00:00,AED,INR,23.1669,MOCK_FX_API,2025-08-21 02:17:00,2026-08-05 02:59:59,BATCH_202508_RAW_FX_RATES_API
2025-08-22 00:00:00,USD,INR,88.4473,MOCK_FX_API,2025-08-22 01:34:00,2026-08-05 02:59:59,BATCH_202508_RAW_FX_RATES_API
2025-08-22 00:00:00,EUR,INR,86.9862,MOCK_FX_API,2025-08-22 00:15:00,2026-08-05 02:59:59,BATCH_202508_RAW_FX_RATES_API
2025-08-22 00:00:00,SGD,INR,61.9159,MOCK_FX_API,2025-08-22 01:39:00,2026-08-05 02:59:59,BATCH_202508_RAW_FX_RATES_API
2025-08-22 00:00:00,AED,INR,23.1246,MOCK_FX_API,2025-08-22 00:15:00,2026-08-05 02:59:59,BATCH_202508_RAW_FX_RATES_API
2025-08-25 00:00:00,USD,INR,88.5341,MOCK_FX_API,2025-08-25 01:33:00,2026-08-05 02:59:59,BATCH_202508_RAW_FX_RATES_API
2025-08-25 00:00:00,EUR,INR,87.0158,MOCK_FX_API,2025-08-25 01:21:00,2026-08-05 02:59:59,BATCH_202508_RAW_FX_RATES_API
2025-08-25 00:00:00,AED,INR,23.1983,MOCK_FX_API,2025-08-25 01:26:00,2026-08-05 02:59:59,BATCH_202508_RAW_FX_RATES_API
2025-08-26 00:00:00,USD,INR,88.763,MOCK_FX_API,2025-08-26 02:52:00,2026-08-05 02:59:59,BATCH_202508_RAW_FX_RATES_API
2025-08-26 00:00:00,EUR,INR,87.1146,MOCK_FX_API,2025-08-26 00:40:00,2026-08-05 02:59:59,BATCH_202508_RAW_FX_RATES_API
2025-08-26 00:00:00,SGD,INR,62.166,MOCK_FX_API,2025-08-26 01:23:00,2026-08-05 02:59:59,BATCH_202508_RAW_FX_RATES_API
2025-08-26 00:00:00,AED,INR,23.2011,MOCK_FX_API,2025-08-26 01:08:00,2026-08-05 02:59:59,BATCH_202508_RAW_FX_RATES_API
45896,USD,INR,88.8353,MOCK_FX_API,2025-08-27 01:14:00,2026-08-05 02:59:59,BATCH_202508_RAW_FX_RATES_API
2025-08-27 00:00:00,EUR,INR,87.1058,MOCK_FX_API,2025-08-27 02:46:00,2026-08-05 02:59:59,BATCH_202508_RAW_FX_RATES_API
2025-08-27 00:00:00,SGD,INR,62.1734,MOCK_FX_API,2025-08-27 01:28:00,2026-08-05 02:59:59,BATCH_202508_RAW_FX_RATES_API
2025-08-27 00:00:00,AED,INR,23.0933,MOCK_FX_API,2025-08-27 00:15:00,2026-08-05 02:59:59,BATCH_202508_RAW_FX_RATES_API
2025-08-28 00:00:00,USD,INR,89.0642,MOCK_FX_API,2025-08-29 02:56:00,2026-08-05 02:59:59,BATCH_202508_RAW_FX_RATES_API
2025-08-28T00:00:00Z,EUR,INR,87.0867,MOCK_FX_API,2025-08-28 01:19:00,2026-08-05 02:59:59,BATCH_202508_RAW_FX_RATES_API
2025-08-28 00:00:00,SGD,INR,62.3339,MOCK_FX_API,2025-08-28 00:50:00,2026-08-05 02:59:59,BATCH_202508_RAW_FX_RATES_API
2025-08-28 00:00:00,AED,INR,23.1262,MOCK_FX_API,2025-08-28 02:21:00,2026-08-05 02:59:59,BATCH_202508_RAW_FX_RATES_API
2025-08-29 00:00:00,USD,INR,89.1239,MOCK_FX_API,2025-09-02 01:17:00,2026-08-05 02:59:59,BATCH_202508_RAW_FX_RATES_API
2025-08-29 00:00:00,EUR,INR,87.356,MOCK_FX_API,2025-08-29 02:17:00,2026-08-05 02:59:59,BATCH_202508_RAW_FX_RATES_API
2025-08-29 00:00:00,SGD,INR,62.2684,MOCK_FX_API,2025-08-29 02:05:00,2026-08-05 02:59:59,BATCH_202508_RAW_FX_RATES_API
2025-08-29 00:00:00,AED,INR,23.2226,MOCK_FX_API,2025-08-29 02:18:00,2026-08-05 02:59:59,BATCH_202508_RAW_FX_RATES_API
2025-09-01 00:00:00,USD,INR,88.8305,MOCK_FX_API,2025-09-01 02:26:00,2026-08-05 02:59:59,BATCH_202509_RAW_FX_RATES_API
2025-09-01 00:00:00,EUR,INR,86.9948,MOCK_FX_API,2025-09-01 02:46:00,2026-08-05 02:59:59,BATCH_202509_RAW_FX_RATES_API
2025-09-01 00:00:00,SGD,INR,62.1757,MOCK_FX_API,2025-09-01 00:55:00,2026-08-05 02:59:59,BATCH_202509_RAW_FX_RATES_API
2025-09-01 00:00:00,AED,INR,23.2118,MOCK_FX_API,2025-09-01 01:07:00,2026-08-05 02:59:59,BATCH_202509_RAW_FX_RATES_API
2025-09-02 00:00:00,USD,INR,88.8167,MOCK_FX_API,2025-09-02 00:47:00,2026-08-05 02:59:59,BATCH_202509_RAW_FX_RATES_API
2025-09-02 00:00:00,EUR,INR,87.005,MOCK_FX_API,2025-09-02 02:43:00,2026-08-05 02:59:59,BATCH_202509_RAW_FX_RATES_API
2025-09-02 00:00:00,SGD,INR,62.2039,MOCK_FX_API,2025-09-02 00:43:00,2026-08-05 02:59:59,BATCH_202509_RAW_FX_RATES_API
2025-09-02 00:00:00,AED,INR,23.2316,MOCK_FX_API,2025-09-02 02:35:00,2026-08-05 02:59:59,BATCH_202509_RAW_FX_RATES_API
2025-09-03 00:00:00,USD,INR,88.8515,MOCK_FX_API,2025-09-03 01:47:00,2026-08-05 02:59:59,BATCH_202509_RAW_FX_RATES_API
2025-09-03 00:00:00,EUR,INR,87.2515,MOCK_FX_API,2025-09-03 02:39:00,2026-08-05 02:59:59,BATCH_202509_RAW_FX_RATES_API
2025-09-03 00:00:00,SGD,INR,62.3638,MOCK_FX_API,2025-09-03 02:43:00,2026-08-05 02:59:59,BATCH_202509_RAW_FX_RATES_API
2025-09-03 00:00:00,AED,INR,23.195,MOCK_FX_API,2025-09-03 00:49:00,2026-08-05 02:59:59,BATCH_202509_RAW_FX_RATES_API
2025-09-04 00:00:00,USD,INR,88.714,MOCK_FX_API,2025-09-04 01:36:00,2026-08-05 02:59:59,BATCH_202509_RAW_FX_RATES_API
2025-09-04 00:00:00,EUR,INR,87.1178,MOCK_FX_API,2025-09-04 02:18:00,2026-08-05 02:59:59,BATCH_202509_RAW_FX_RATES_API
04/09/2025,SGD,INR,62.4358,MOCK_FX_API,2025-09-04 00:10:00,2026-08-05 02:59:59,BATCH_202509_RAW_FX_RATES_API
2025-09-04 00:00:00,AED,INR,23.1741,MOCK_FX_API,2025-09-04 02:28:00,2026-08-05 02:59:59,BATCH_202509_RAW_FX_RATES_API
2025-09-05 00:00:00,USD,INR,88.8768,MOCK_FX_API,2025-09-15 01:42:00,2026-08-05 02:59:59,BATCH_202509_RAW_FX_RATES_API
2025-09-05 00:00:00,EUR,INR,86.9983,MOCK_FX_API,2025-09-05 02:18:00,2026-08-05 02:59:59,BATCH_202509_RAW_FX_RATES_API
2025-09-05 00:00:00,SGD,INR,62.3003,MOCK_FX_API,2025-09-05 02:00:00,2026-08-05 02:59:59,BATCH_202509_RAW_FX_RATES_API
2025-09-05 00:00:00,AED,INR,23.1138,MOCK_FX_API,2025-09-05 00:49:00,2026-08-05 02:59:59,BATCH_202509_RAW_FX_RATES_API
2025-09-08 00:00:00,USD,INR,88.6308,MOCK_FX_API,2025-09-08 02:02:00,2026-08-05 02:59:59,BATCH_202509_RAW_FX_RATES_API
2025-09-08 00:00:00,EUR,INR,86.8815,MOCK_FX_API,2025-09-08 00:40:00,2026-08-05 02:59:59,BATCH_202509_RAW_FX_RATES_API
2025-09-08 00:00:00,SGD,INR,62.5195,MOCK_FX_API,2025-09-08 00:08:00,2026-08-05 02:59:59,BATCH_202509_RAW_FX_RATES_API
2025-09-08 00:00:00,AED,INR,23.0991,MOCK_FX_API,2025-09-08 01:32:00,2026-08-05 02:59:59,BATCH_202509_RAW_FX_RATES_API
2025-09-09 00:00:00,USD,INR,88.7219,MOCK_FX_API,2025-09-09 01:50:00,2026-08-05 02:59:59,BATCH_202509_RAW_FX_RATES_API
2025-09-09 00:00:00,EUR,INR,86.8735,MOCK_FX_API,2025-09-09 03:00:00,2026-08-05 02:59:59,BATCH_202509_RAW_FX_RATES_API
2025-09-09 00:00:00,SGD,INR,62.4828,MOCK_FX_API,2025-09-09 02:36:00,2026-08-05 02:59:59,BATCH_202509_RAW_FX_RATES_API
2025-09-09 00:00:00,AED,INR,23.1143,MOCK_FX_API,2025-09-11 00:36:00,2026-08-05 02:59:59,BATCH_202509_RAW_FX_RATES_API
2025-09-10 00:00:00,USD,INR,88.6586,MOCK_FX_API,2025-09-10 01:08:00,2026-08-05 02:59:59,BATCH_202509_RAW_FX_RATES_API
2025-09-10 00:00:00,EUR,INR,86.8861,MOCK_FX_API,2025-09-10 02:19:00,2026-08-05 02:59:59,BATCH_202509_RAW_FX_RATES_API
2025-09-10 00:00:00,SGD,INR,62.4803,MOCK_FX_API,2025-09-10 00:56:00,2026-08-05 02:59:59,BATCH_202509_RAW_FX_RATES_API
2025-09-10 00:00:00,AED,INR,23.1507,MOCK_FX_API,2025-09-10 00:30:00,2026-08-05 02:59:59,BATCH_202509_RAW_FX_RATES_API
2025-09-11 00:00:00,USD,INR,88.6524,MOCK_FX_API,2025-09-11 02:51:00,2026-08-05 02:59:59,BATCH_202509_RAW_FX_RATES_API
2025-09-11 00:00:00,EUR,INR,86.9342,MOCK_FX_API,2025-09-11 02:35:00,2026-08-05 02:59:59,BATCH_202509_RAW_FX_RATES_API
2025-09-11 00:00:00,SGD,INR,62.3836,MOCK_FX_API,2025-09-11 02:36:00,2026-08-05 02:59:59,BATCH_202509_RAW_FX_RATES_API
2025-09-11 00:00:00,AED,INR,23.1428,MOCK_FX_API,2025-09-11 00:35:00,2026-08-05 02:59:59,BATCH_202509_RAW_FX_RATES_API
2025-09-12 00:00:00,USD,INR,88.8303,MOCK_FX_API,2025-09-12 01:16:00,2026-08-05 02:59:59,BATCH_202509_RAW_FX_RATES_API
2025-09-12 00:00:00,EUR,INR,87.1131,MOCK_FX_API,2025-09-12 01:49:00,2026-08-05 02:59:59,BATCH_202509_RAW_FX_RATES_API
2025-09-12 00:00:00,SGD,INR,62.447,MOCK_FX_API,2025-09-12 02:50:00,2026-08-05 02:59:59,BATCH_202509_RAW_FX_RATES_API
2025-09-12 00:00:00,AED,INR,23.1241,MOCK_FX_API,2025-09-12 00:53:00,2026-08-05 02:59:59,BATCH_202509_RAW_FX_RATES_API
2025-09-15T00:00:00+05:30,EUR,INR,86.6796,MOCK_FX_API,2025-09-15 00:08:00,2026-08-05 02:59:59,BATCH_202509_RAW_FX_RATES_API
2025-09-15 00:00:00,SGD,INR,62.1908,MOCK_FX_API,2025-09-15 01:26:00,2026-08-05 02:59:59,BATCH_202509_RAW_FX_RATES_API
2025-09-15 00:00:00,AED,INR,23.0997,MOCK_FX_API,2025-09-15 00:13:00,2026-08-05 02:59:59,BATCH_202509_RAW_FX_RATES_API
2025-09-16 00:00:00,USD,INR,88.5843,MOCK_FX_API,2025-09-18 01:01:00,2026-08-05 02:59:59,BATCH_202509_RAW_FX_RATES_API
2025-09-16 00:00:00,EUR,INR,86.783,MOCK_FX_API,2025-09-16 01:16:00,2026-08-05 02:59:59,BATCH_202509_RAW_FX_RATES_API
2025-09-16 00:00:00,SGD,INR,62.2102,MOCK_FX_API,2025-09-16 01:38:00,2026-08-05 02:59:59,BATCH_202509_RAW_FX_RATES_API
2025-09-16 00:00:00,AED,INR,23.0444,MOCK_FX_API,2025-09-16 01:44:00,2026-08-05 02:59:59,BATCH_202509_RAW_FX_RATES_API
2025-09-17 00:00:00,USD,INR,88.5199,MOCK_FX_API,2025-09-17 01:41:00,2026-08-05 02:59:59,BATCH_202509_RAW_FX_RATES_API
2025-09-17 00:00:00,EUR,INR,86.8678,MOCK_FX_API,2025-09-17 02:10:00,2026-08-05 02:59:59,BATCH_202509_RAW_FX_RATES_API
2025-09-17 00:00:00,SGD,INR,62.3288,MOCK_FX_API,2025-09-20 00:00:00,2026-08-05 02:59:59,BATCH_202509_RAW_FX_RATES_API
2025-09-17 00:00:00,AED,INR,22.9638,MOCK_FX_API,2025-09-17 01:37:00,2026-08-05 02:59:59,BATCH_202509_RAW_FX_RATES_API
2025-09-18 00:00:00,USD,INR,88.7057,MOCK_FX_API,2025-09-18 00:38:00,2026-08-05 02:59:59,BATCH_202509_RAW_FX_RATES_API
2025-09-18 00:00:00,EUR,INR,86.8466,MOCK_FX_API,2025-09-18 01:38:00,2026-08-05 02:59:59,BATCH_202509_RAW_FX_RATES_API
2025-09-18 00:00:00,SGD,INR,62.4139,MOCK_FX_API,2025-09-18 00:36:00,2026-08-05 02:59:59,BATCH_202509_RAW_FX_RATES_API
2025-09-18 00:00:00,AED,INR,22.9441,MOCK_FX_API,2025-09-18 02:07:00,2026-08-05 02:59:59,BATCH_202509_RAW_FX_RATES_API
2025-09-19 00:00:00,USD,INR,88.7023,MOCK_FX_API,2025-09-19 01:51:00,2026-08-05 02:59:59,BATCH_202509_RAW_FX_RATES_API
2025-09-19 00:00:00,EUR,INR,86.6909,MOCK_FX_API,2025-09-19 00:00:00,2026-08-05 02:59:59,BATCH_202509_RAW_FX_RATES_API
2025-09-19 00:00:00,SGD,INR,62.4216,MOCK_FX_API,2025-09-19 01:06:00,2026-08-05 02:59:59,BATCH_202509_RAW_FX_RATES_API
2025-09-19 00:00:00,AED,INR,22.9974,MOCK_FX_API,2025-09-19 02:09:00,2026-08-05 02:59:59,BATCH_202509_RAW_FX_RATES_API
2025-09-22 00:00:00,USD,INR,88.7405,MOCK_FX_API,2025-09-22 02:07:00,2026-08-05 02:59:59,BATCH_202509_RAW_FX_RATES_API
2025-09-22 00:00:00,EUR,INR,86.9703,MOCK_FX_API,2025-09-22 01:10:00,2026-08-05 02:59:59,BATCH_202509_RAW_FX_RATES_API
2025-09-22 00:00:00,SGD,INR,62.5397,MOCK_FX_API,2025-09-22 02:02:00,2026-08-05 02:59:59,BATCH_202509_RAW_FX_RATES_API
2025-09-22 00:00:00,AED,INR,22.9065,MOCK_FX_API,2025-09-22 00:31:00,2026-08-05 02:59:59,BATCH_202509_RAW_FX_RATES_API
2025-09-23 00:00:00,USD,INR,88.7344,MOCK_FX_API,2025-09-23 02:16:00,2026-08-05 02:59:59,BATCH_202509_RAW_FX_RATES_API
2025-09-23 00:00:00,EUR,INR,87.1338,MOCK_FX_API,2025-09-23 01:41:00,2026-08-05 02:59:59,BATCH_202509_RAW_FX_RATES_API
2025-09-23 00:00:00,SGD,INR,62.6547,MOCK_FX_API,2025-09-23 02:03:00,2026-08-05 02:59:59,BATCH_202509_RAW_FX_RATES_API
2025-09-23 00:00:00,AED,INR,22.8939,MOCK_FX_API,2025-09-23 00:54:00,2026-08-05 02:59:59,BATCH_202509_RAW_FX_RATES_API
2025-09-24 00:00:00,USD,INR,88.8827,MOCK_FX_API,2025-09-24 02:22:00,2026-08-05 02:59:59,BATCH_202509_RAW_FX_RATES_API
2025-09-24 00:00:00,EUR,INR,87.1839,MOCK_FX_API,2025-09-24 00:22:00,2026-08-05 02:59:59,BATCH_202509_RAW_FX_RATES_API
2025-09-24 00:00:00,SGD,INR,62.5638,MOCK_FX_API,2025-09-24 02:34:00,2026-08-05 02:59:59,BATCH_202509_RAW_FX_RATES_API
2025-09-24 00:00:00,AED,INR,22.952,MOCK_FX_API,2025-09-24 01:20:00,2026-08-05 02:59:59,BATCH_202509_RAW_FX_RATES_API
2025-09-25 00:00:00,USD,INR,88.8323,MOCK_FX_API,2025-09-25 00:40:00,2026-08-05 02:59:59,BATCH_202509_RAW_FX_RATES_API
2025-09-25 00:00:00,EUR,INR,87.1701,MOCK_FX_API,2025-09-25 00:03:00,2026-08-05 02:59:59,BATCH_202509_RAW_FX_RATES_API
2025-09-25 00:00:00,SGD,INR,62.4146,MOCK_FX_API,2025-09-25 00:53:00,2026-08-05 02:59:59,BATCH_202509_RAW_FX_RATES_API
2025-09-25 00:00:00, AED , INR ,22.9349,MOCK_FX_API,2025-09-25 00:32:00,2026-08-05 02:59:59,BATCH_202509_RAW_FX_RATES_API
2025-09-26 00:00:00,USD,INR,88.7413,MOCK_FX_API,2025-09-26 02:56:00,2026-08-05 02:59:59,BATCH_202509_RAW_FX_RATES_API
2025-09-26 00:00:00,EUR,INR,86.939,MOCK_FX_API,2025-09-30 00:19:00,2026-08-05 02:59:59,BATCH_202509_RAW_FX_RATES_API
2025-09-26 00:00:00,SGD,INR,62.4547,MOCK_FX_API,2025-09-26 01:47:00,2026-08-05 02:59:59,BATCH_202509_RAW_FX_RATES_API
2025-09-26 00:00:00,AED,INR,22.9103,MOCK_FX_API,2025-10-01 00:55:00,2026-08-05 02:59:59,BATCH_202509_RAW_FX_RATES_API
2025-09-29 00:00:00,USD,INR,88.9625,MOCK_FX_API,2025-09-29 00:09:00,2026-08-05 02:59:59,BATCH_202509_RAW_FX_RATES_API
2025-09-29 00:00:00,EUR,INR,86.985,MOCK_FX_API,2025-09-29 00:06:00,2026-08-05 02:59:59,BATCH_202509_RAW_FX_RATES_API
2025-09-29 00:00:00,SGD,INR,62.4668,MOCK_FX_API,2025-09-29 00:53:00,2026-08-05 02:59:59,BATCH_202509_RAW_FX_RATES_API
2025-09-29 00:00:00,AED,INR,22.892,MOCK_FX_API,2025-09-29 01:58:00,2026-08-05 02:59:59,BATCH_202509_RAW_FX_RATES_API
2025-09-30 00:00:00,USD,INR,88.7842,MOCK_FX_API,2025-09-30 00:55:00,2026-08-05 02:59:59,BATCH_202509_RAW_FX_RATES_API
2025-09-30 00:00:00,EUR,INR,86.9219,MOCK_FX_API,2025-09-30 01:09:00,2026-08-05 02:59:59,BATCH_202509_RAW_FX_RATES_API
2025-09-30 00:00:00,SGD,INR,62.4162,MOCK_FX_API,2025-09-30 00:23:00,2026-08-05 02:59:59,BATCH_202509_RAW_FX_RATES_API
2025-09-30 00:00:00,AED,INR,22.8464,MOCK_FX_API,2025-09-30 02:39:00,2026-08-05 02:59:59,BATCH_202509_RAW_FX_RATES_API
2025-10-01 00:00:00,USD,INR,88.9476,MOCK_FX_API,2025-10-01 02:49:00,2026-08-05 02:59:59,BATCH_202510_RAW_FX_RATES_API
2025-10-01 00:00:00,EUR,INR,86.8971,MOCK_FX_API,2025-10-01 00:55:00,2026-08-05 02:59:59,BATCH_202510_RAW_FX_RATES_API
2025-10-01 00:00:00,SGD,INR,62.4039,MOCK_FX_API,2025-10-01 00:05:00,2026-08-05 02:59:59,BATCH_202510_RAW_FX_RATES_API
2025-10-01 00:00:00,AED,INR,22.873,MOCK_FX_API,2025-10-01 00:13:00,2026-08-05 02:59:59,BATCH_202510_RAW_FX_RATES_API
2025-10-02 00:00:00,USD,INR,88.8292,MOCK_FX_API,2025-10-02 01:58:00,2026-08-05 02:59:59,BATCH_202510_RAW_FX_RATES_API
2025-10-02 00:00:00,EUR,INR,86.9878,MOCK_FX_API,2025-10-02 00:46:00,2026-08-05 02:59:59,BATCH_202510_RAW_FX_RATES_API
2025-10-02 00:00:00,SGD,INR,62.1912,MOCK_FX_API,2025-10-02 00:09:00,2026-08-05 02:59:59,BATCH_202510_RAW_FX_RATES_API
2025-10-02 00:00:00,AED,INR,22.8532,MOCK_FX_API,2025-10-02 00:25:00,2026-08-05 02:59:59,BATCH_202510_RAW_FX_RATES_API
2025-10-03 00:00:00,USD,INR,88.5656,MOCK_FX_API,2025-10-03 02:38:00,2026-08-05 02:59:59,BATCH_202510_RAW_FX_RATES_API
03/10/2025,EUR,INR,87.1505,MOCK_FX_API,2025-10-03 00:33:00,2026-08-05 02:59:59,BATCH_202510_RAW_FX_RATES_API
2025-10-03 00:00:00,SGD,INR,62.2597,MOCK_FX_API,2025-10-03 01:29:00,2026-08-05 02:59:59,BATCH_202510_RAW_FX_RATES_API
2025-10-03 00:00:00,AED,INR,22.8312,MOCK_FX_API,2025-10-03 02:24:00,2026-08-05 02:59:59,BATCH_202510_RAW_FX_RATES_API
2025-10-06 00:00:00,USD,INR,88.5276,MOCK_FX_API,2025-10-06 01:55:00,2026-08-05 02:59:59,BATCH_202510_RAW_FX_RATES_API
2025-10-06 00:00:00,EUR,INR,87.1946,MOCK_FX_API,2025-10-31 01:31:00,2026-08-05 02:59:59,BATCH_202510_RAW_FX_RATES_API
2025-10-06 00:00:00,SGD,INR,62.1549,MOCK_FX_API,2025-10-06 00:56:00,2026-08-05 02:59:59,BATCH_202510_RAW_FX_RATES_API
2025-10-06 00:00:00,AED,INR,22.8427,MOCK_FX_API,2025-10-06 00:57:00,2026-08-05 02:59:59,BATCH_202510_RAW_FX_RATES_API
2025-10-07 00:00:00,USD,INR,88.5921,MOCK_FX_API,2025-10-07 00:17:00,2026-08-05 02:59:59,BATCH_202510_RAW_FX_RATES_API
2025-10-07 00:00:00,EUR,INR,87.2972,MOCK_FX_API,2025-10-07 00:42:00,2026-08-05 02:59:59,BATCH_202510_RAW_FX_RATES_API
2025-10-07 00:00:00,SGD,INR,62.2851,MOCK_FX_API,2025-10-07 01:59:00,2026-08-05 02:59:59,BATCH_202510_RAW_FX_RATES_API
2025-10-07 00:00:00,AED,INR,22.8371,MOCK_FX_API,2025-10-07 00:30:00,2026-08-05 02:59:59,BATCH_202510_RAW_FX_RATES_API
2025-10-08 00:00:00,USD,INR,88.8532,MOCK_FX_API,2025-10-08 01:39:00,2026-08-05 02:59:59,BATCH_202510_RAW_FX_RATES_API
10-08-2025,EUR,INR,87.195,MOCK_FX_API,2025-10-08 02:00:00,2026-08-05 02:59:59,BATCH_202510_RAW_FX_RATES_API
2025-10-08 00:00:00,SGD,INR,62.3641,MOCK_FX_API,2025-10-08 01:57:00,2026-08-05 02:59:59,BATCH_202510_RAW_FX_RATES_API
2025-10-08 00:00:00,AED,INR,22.8922,MOCK_FX_API,2025-10-08 02:47:00,2026-08-05 02:59:59,BATCH_202510_RAW_FX_RATES_API
2025-10-09 00:00:00,USD,INR,89.1063,MOCK_FX_API,2025-10-09 01:46:00,2026-08-05 02:59:59,BATCH_202510_RAW_FX_RATES_API
2025-10-09 00:00:00,EUR,INR,87.1834,MOCK_FX_API,2025-10-09 02:00:00,2026-08-05 02:59:59,BATCH_202510_RAW_FX_RATES_API
2025-10-09 00:00:00,SGD,INR,62.2655,MOCK_FX_API,2025-10-09 02:04:00,2026-08-05 02:59:59,BATCH_202510_RAW_FX_RATES_API
09/10/2025,AED,INR,22.8401,MOCK_FX_API,2025-10-09 01:55:00,2026-08-05 02:59:59,BATCH_202510_RAW_FX_RATES_API
2025-10-10 00:00:00,USD,INR,89.0543,MOCK_FX_API,2025-10-10 01:06:00,2026-08-05 02:59:59,BATCH_202510_RAW_FX_RATES_API
2025-10-10 00:00:00,EUR,INR,86.9458,MOCK_FX_API,2025-10-10 01:18:00,2026-08-05 02:59:59,BATCH_202510_RAW_FX_RATES_API
2025-10-10 00:00:00,SGD,INR,62.192,MOCK_FX_API,2025-10-11 01:16:00,2026-08-05 02:59:59,BATCH_202510_RAW_FX_RATES_API
2025-10-10 00:00:00,AED,INR,22.778,MOCK_FX_API,2025-10-10 00:05:00,2026-08-05 02:59:59,BATCH_202510_RAW_FX_RATES_API
2025-10-13 00:00:00,USD,INR,89.1781,MOCK_FX_API,2025-10-13 02:10:00,2026-08-05 02:59:59,BATCH_202510_RAW_FX_RATES_API
2025-10-13 00:00:00,EUR,INR,87.228,MOCK_FX_API,2025-10-13 02:26:00,2026-08-05 02:59:59,BATCH_202510_RAW_FX_RATES_API
2025-10-13 00:00:00,SGD,INR,62.1858,MOCK_FX_API,2025-10-13 02:57:00,2026-08-05 02:59:59,BATCH_202510_RAW_FX_RATES_API
2025-10-13 00:00:00,AED,INR,22.8421,MOCK_FX_API,2025-10-13 01:37:00,2026-08-05 02:59:59,BATCH_202510_RAW_FX_RATES_API
2025-10-14 00:00:00,USD,INR,89.1964,MOCK_FX_API,2025-10-14 02:04:00,2026-08-05 02:59:59,BATCH_202510_RAW_FX_RATES_API
2025-10-14 00:00:00,EUR,INR,87.2542,MOCK_FX_API,2025-10-14 02:03:00,2026-08-05 02:59:59,BATCH_202510_RAW_FX_RATES_API
2025-10-14 00:00:00,SGD,INR,62.2998,MOCK_FX_API,2025-10-14 00:22:00,2026-08-05 02:59:59,BATCH_202510_RAW_FX_RATES_API
2025-10-14T00:00:00Z,AED,INR,22.8561,MOCK_FX_API,2025-10-14 02:17:00,2026-08-05 02:59:59,BATCH_202510_RAW_FX_RATES_API
2025-10-15 00:00:00,USD,INR,89.2655,MOCK_FX_API,2025-10-15 01:06:00,2026-08-05 02:59:59,BATCH_202510_RAW_FX_RATES_API
2025-10-15T00:00:00Z,EUR,INR,87.2851,MOCK_FX_API,2025-10-15 00:00:00,2026-08-05 02:59:59,BATCH_202510_RAW_FX_RATES_API
2025-10-15 00:00:00,SGD,INR,62.4111,MOCK_FX_API,2025-10-15 02:45:00,2026-08-05 02:59:59,BATCH_202510_RAW_FX_RATES_API
2025-10-15 00:00:00,AED,INR,22.7759,MOCK_FX_API,2025-10-15 00:13:00,2026-08-05 02:59:59,BATCH_202510_RAW_FX_RATES_API
2025-10-16T00:00:00Z,USD,INR,89.1872,MOCK_FX_API,2025-10-16 02:17:00,2026-08-05 02:59:59,BATCH_202510_RAW_FX_RATES_API
2025-10-16 00:00:00,EUR,INR,87.2951,MOCK_FX_API,2025-10-17 02:51:00,2026-08-05 02:59:59,BATCH_202510_RAW_FX_RATES_API
2025-10-16 00:00:00,SGD,INR,62.4244,MOCK_FX_API,2025-10-16 02:30:00,2026-08-05 02:59:59,BATCH_202510_RAW_FX_RATES_API
2025-10-16 00:00:00,AED,INR,22.7255,MOCK_FX_API,2025-10-16 01:14:00,2026-08-05 02:59:59,BATCH_202510_RAW_FX_RATES_API
2025-10-17 00:00:00,USD,INR,89.4019,MOCK_FX_API,2025-10-17 00:31:00,2026-08-05 02:59:59,BATCH_202510_RAW_FX_RATES_API
2025-10-17 00:00:00,EUR,INR,87.3222,MOCK_FX_API,2025-10-17 02:00:00,2026-08-05 02:59:59,BATCH_202510_RAW_FX_RATES_API
2025-10-17 00:00:00,SGD,INR,62.3737,MOCK_FX_API,2025-10-17 01:01:00,2026-08-05 02:59:59,BATCH_202510_RAW_FX_RATES_API
2025-10-17 00:00:00,AED,INR,22.7738,MOCK_FX_API,2025-10-17 02:54:00,2026-08-05 02:59:59,BATCH_202510_RAW_FX_RATES_API
2025-10-20 00:00:00,USD,INR,89.6379,MOCK_FX_API,2025-10-20 02:16:00,2026-08-05 02:59:59,BATCH_202510_RAW_FX_RATES_API
2025-10-20 00:00:00,EUR,INR,87.403,MOCK_FX_API,2025-10-20 01:08:00,2026-08-05 02:59:59,BATCH_202510_RAW_FX_RATES_API
2025-10-20 00:00:00,SGD,INR,62.2809,MOCK_FX_API,2025-10-20 00:42:00,2026-08-05 02:59:59,BATCH_202510_RAW_FX_RATES_API
2025-10-20 00:00:00,AED,INR,22.7419,MOCK_FX_API,2025-10-20 00:48:00,2026-08-05 02:59:59,BATCH_202510_RAW_FX_RATES_API
2025-10-21 00:00:00,USD,INR,89.6352,MOCK_FX_API,2025-10-21 01:43:00,2026-08-05 02:59:59,BATCH_202510_RAW_FX_RATES_API
2025-10-21 00:00:00,EUR,INR,87.4163,MOCK_FX_API,2025-10-21 03:00:00,2026-08-05 02:59:59,BATCH_202510_RAW_FX_RATES_API
2025-10-21 00:00:00,SGD,INR,62.3613,MOCK_FX_API,2025-10-21 02:47:00,2026-08-05 02:59:59,BATCH_202510_RAW_FX_RATES_API
2025-10-21 00:00:00,AED,INR,22.7096,MOCK_FX_API,2025-10-21 02:54:00,2026-08-05 02:59:59,BATCH_202510_RAW_FX_RATES_API
2025-10-22 00:00:00,USD,INR,89.6309,MOCK_FX_API,2025-10-22 00:14:00,2026-08-05 02:59:59,BATCH_202510_RAW_FX_RATES_API
2025-10-22 00:00:00,EUR,INR,87.4946,MOCK_FX_API,2025-10-22 02:47:00,2026-08-05 02:59:59,BATCH_202510_RAW_FX_RATES_API
2025-10-22 00:00:00,SGD,INR,62.3153,MOCK_FX_API,2025-10-22 00:59:00,2026-08-05 02:59:59,BATCH_202510_RAW_FX_RATES_API
2025-10-22 00:00:00,AED,INR,22.7417,MOCK_FX_API,2025-10-22 02:11:00,2026-08-05 02:59:59,BATCH_202510_RAW_FX_RATES_API
2025-10-23 00:00:00,USD,INR,89.7411,MOCK_FX_API,2025-10-23 00:57:00,2026-08-05 02:59:59,BATCH_202510_RAW_FX_RATES_API
2025-10-23 00:00:00,EUR,INR,87.422,MOCK_FX_API,2025-10-23 02:48:00,2026-08-05 02:59:59,BATCH_202510_RAW_FX_RATES_API
2025-10-23 00:00:00,SGD,INR,62.313,MOCK_FX_API,2025-10-23 00:00:00,2026-08-05 02:59:59,BATCH_202510_RAW_FX_RATES_API
2025-10-23 00:00:00,AED,INR,22.749,MOCK_FX_API,2025-10-26 02:02:00,2026-08-05 02:59:59,BATCH_202510_RAW_FX_RATES_API
2025-10-24 00:00:00,USD,INR,89.743,MOCK_FX_API,2025-10-24 01:11:00,2026-08-05 02:59:59,BATCH_202510_RAW_FX_RATES_API
2025-10-24 00:00:00,EUR,INR,87.2833,MOCK_FX_API,2025-10-24 00:38:00,2026-08-05 02:59:59,BATCH_202510_RAW_FX_RATES_API
2025-10-24 00:00:00,SGD,INR,62.2406,MOCK_FX_API,2025-10-24 00:57:00,2026-08-05 02:59:59,BATCH_202510_RAW_FX_RATES_API
2025-10-24 00:00:00,AED,INR,22.8098,MOCK_FX_API,2025-10-24 02:18:00,2026-08-05 02:59:59,BATCH_202510_RAW_FX_RATES_API
2025-10-27 00:00:00,USD,INR,89.9202,MOCK_FX_API,2025-10-27 01:12:00,2026-08-05 02:59:59,BATCH_202510_RAW_FX_RATES_API
2025-10-27 00:00:00,EUR,INR,87.2353,MOCK_FX_API,2025-10-27 00:05:00,2026-08-05 02:59:59,BATCH_202510_RAW_FX_RATES_API
2025-10-27 00:00:00,SGD,INR,62.1556,MOCK_FX_API,2025-11-25 02:43:00,2026-08-05 02:59:59,BATCH_202510_RAW_FX_RATES_API
2025-10-27 00:00:00,AED,INR,22.729,MOCK_FX_API,2025-10-27 02:05:00,2026-08-05 02:59:59,BATCH_202510_RAW_FX_RATES_API
2025-10-28 00:00:00,USD,INR,90.1553,MOCK_FX_API,2025-10-31 01:35:00,2026-08-05 02:59:59,BATCH_202510_RAW_FX_RATES_API
2025-10-28 00:00:00,EUR,INR,87.1914,MOCK_FX_API,2025-10-28 00:15:00,2026-08-05 02:59:59,BATCH_202510_RAW_FX_RATES_API
2025-10-28 00:00:00,SGD,INR,62.2702,MOCK_FX_API,2025-10-28 01:25:00,2026-08-05 02:59:59,BATCH_202510_RAW_FX_RATES_API
2025-10-28 00:00:00,AED,INR,22.7071,MOCK_FX_API,2025-10-28 01:30:00,2026-08-05 02:59:59,BATCH_202510_RAW_FX_RATES_API
2025-10-29 00:00:00,USD,INR,90.2156,MOCK_FX_API,2025-10-29 01:16:00,2026-08-05 02:59:59,BATCH_202510_RAW_FX_RATES_API
2025-10-29 00:00:00,EUR,INR,87.1148,MOCK_FX_API,2025-10-29 00:34:00,2026-08-05 02:59:59,BATCH_202510_RAW_FX_RATES_API
2025-10-29 00:00:00,SGD,INR,62.2656,MOCK_FX_API,2025-10-29 00:12:00,2026-08-05 02:59:59,BATCH_202510_RAW_FX_RATES_API
2025-10-29 00:00:00,AED,INR,22.705,MOCK_FX_API,2025-10-29 02:37:00,2026-08-05 02:59:59,BATCH_202510_RAW_FX_RATES_API
2025-10-30 00:00:00,USD,INR,90.3948,MOCK_FX_API,2025-10-30 01:33:00,2026-08-05 02:59:59,BATCH_202510_RAW_FX_RATES_API
2025-10-30 00:00:00,EUR,INR,87.207,MOCK_FX_API,2025-10-30 00:49:00,2026-08-05 02:59:59,BATCH_202510_RAW_FX_RATES_API
2025-10-30 00:00:00,SGD,INR,62.3101,MOCK_FX_API,2025-10-30 00:07:00,2026-08-05 02:59:59,BATCH_202510_RAW_FX_RATES_API
2025-10-30 00:00:00,AED,INR,22.6951,MOCK_FX_API,2025-10-30 00:11:00,2026-08-05 02:59:59,BATCH_202510_RAW_FX_RATES_API
2025-10-31 00:00:00,USD,INR,90.5198,MOCK_FX_API,2025-10-31 01:58:00,2026-08-05 02:59:59,BATCH_202510_RAW_FX_RATES_API
2025-10-31 00:00:00,EUR,INR,87.3281,MOCK_FX_API,2025-10-31 00:23:00,2026-08-05 02:59:59,BATCH_202510_RAW_FX_RATES_API
2025-10-31 00:00:00,SGD,INR,62.328,MOCK_FX_API,2025-10-31 01:08:00,2026-08-05 02:59:59,BATCH_202510_RAW_FX_RATES_API
2025-10-31 00:00:00,AED,INR,22.6765,MOCK_FX_API,2025-10-31 02:47:00,2026-08-05 02:59:59,BATCH_202510_RAW_FX_RATES_API
2025-11-03T00:00:00Z,USD,INR,90.8244,MOCK_FX_API,2025-11-03 02:46:00,2026-08-05 02:59:59,BATCH_202511_RAW_FX_RATES_API
2025-11-03 00:00:00,EUR,INR,86.9684,MOCK_FX_API,2025-11-03 02:12:00,2026-08-05 02:59:59,BATCH_202511_RAW_FX_RATES_API
2025-11-03 00:00:00,SGD,INR,62.4486,MOCK_FX_API,2025-11-03 01:09:00,2026-08-05 02:59:59,BATCH_202511_RAW_FX_RATES_API
2025-11-03 00:00:00,AED,INR,22.6324,MOCK_FX_API,2025-11-03 02:42:00,2026-08-05 02:59:59,BATCH_202511_RAW_FX_RATES_API
2025-11-04 00:00:00,USD,INR,90.9631,MOCK_FX_API,2025-11-04 02:30:00,2026-08-05 02:59:59,BATCH_202511_RAW_FX_RATES_API
2025-11-04 00:00:00,EUR,INR,86.8419,MOCK_FX_API,2025-11-04 02:06:00,2026-08-05 02:59:59,BATCH_202511_RAW_FX_RATES_API
2025-11-04 00:00:00,SGD,INR,62.5703,MOCK_FX_API,2025-11-04 02:31:00,2026-08-05 02:59:59,BATCH_202511_RAW_FX_RATES_API
2025-11-04 00:00:00,AED,INR,22.6133,MOCK_FX_API,2025-11-09 02:43:00,2026-08-05 02:59:59,BATCH_202511_RAW_FX_RATES_API
2025-11-05 00:00:00,USD,INR,91.2627,MOCK_FX_API,2025-11-05 02:40:00,2026-08-05 02:59:59,BATCH_202511_RAW_FX_RATES_API
2025-11-05 00:00:00,EUR,INR,86.7882,MOCK_FX_API,2025-11-05 00:52:00,2026-08-05 02:59:59,BATCH_202511_RAW_FX_RATES_API
2025-11-05 00:00:00,SGD,INR,62.3601,MOCK_FX_API,2025-11-05 00:58:00,2026-08-05 02:59:59,BATCH_202511_RAW_FX_RATES_API
2025-11-05 00:00:00,AED,INR,22.6486,MOCK_FX_API,2025-11-05 01:14:00,2026-08-05 02:59:59,BATCH_202511_RAW_FX_RATES_API
2025-11-06 00:00:00,USD,INR,91.2368,MOCK_FX_API,2025-11-06 02:37:00,2026-08-05 02:59:59,BATCH_202511_RAW_FX_RATES_API
11-06-2025,EUR,INR,86.6469,MOCK_FX_API,2025-11-06 02:36:00,2026-08-05 02:59:59,BATCH_202511_RAW_FX_RATES_API
2025-11-06 00:00:00,SGD,INR,62.2641,MOCK_FX_API,2025-11-06 01:43:00,2026-08-05 02:59:59,BATCH_202511_RAW_FX_RATES_API
2025-11-06 00:00:00,AED,INR,22.7058,MOCK_FX_API,2025-11-06 00:30:00,2026-08-05 02:59:59,BATCH_202511_RAW_FX_RATES_API
2025-11-07 00:00:00,USD,INR,91.2155,MOCK_FX_API,2025-11-07 01:41:00,2026-08-05 02:59:59,BATCH_202511_RAW_FX_RATES_API
2025-11-07 00:00:00,EUR,INR,86.6013,MOCK_FX_API,2025-11-07 00:33:00,2026-08-05 02:59:59,BATCH_202511_RAW_FX_RATES_API
2025-11-07 00:00:00,SGD,INR,62.2811,MOCK_FX_API,2025-11-07 02:42:00,2026-08-05 02:59:59,BATCH_202511_RAW_FX_RATES_API
2025-11-07 00:00:00,AED,INR,22.7222,MOCK_FX_API,2025-11-07 01:54:00,2026-08-05 02:59:59,BATCH_202511_RAW_FX_RATES_API
2025-11-10 00:00:00,USD,INR,91.0424,MOCK_FX_API,2025-11-10 02:26:00,2026-08-05 02:59:59,BATCH_202511_RAW_FX_RATES_API
2025-11-10 00:00:00,EUR,INR,87.1955,MOCK_FX_API,2025-11-10 00:41:00,2026-08-05 02:59:59,BATCH_202511_RAW_FX_RATES_API
2025-11-10 00:00:00,SGD,INR,62.3514,MOCK_FX_API,2025-11-10 01:28:00,2026-08-05 02:59:59,BATCH_202511_RAW_FX_RATES_API
2025-11-10 00:00:00,AED,INR,22.8734,MOCK_FX_API,2025-11-10 02:05:00,2026-08-05 02:59:59,BATCH_202511_RAW_FX_RATES_API
2025-11-11 00:00:00,USD,INR,90.7675,MOCK_FX_API,2025-11-11 01:30:00,2026-08-05 02:59:59,BATCH_202511_RAW_FX_RATES_API
2025-11-11 00:00:00,SGD,INR,62.1896,MOCK_FX_API,2025-11-11 02:24:00,2026-08-05 02:59:59,BATCH_202511_RAW_FX_RATES_API
2025-11-11 00:00:00,AED,INR,22.9037,MOCK_FX_API,2025-11-11 01:49:00,2026-08-05 02:59:59,BATCH_202511_RAW_FX_RATES_API
2025-11-12 00:00:00,USD,inr,90.6584,MOCK_FX_API,2025-11-12 02:51:00,2026-08-05 02:59:59,BATCH_202511_RAW_FX_RATES_API
2025-11-12 00:00:00,EUR,INR,87.0647,MOCK_FX_API,2025-11-12 00:22:00,2026-08-05 02:59:59,BATCH_202511_RAW_FX_RATES_API
2025-11-12 00:00:00,SGD,INR,62.2207,MOCK_FX_API,2025-11-12 02:47:00,2026-08-05 02:59:59,BATCH_202511_RAW_FX_RATES_API
2025-11-12 00:00:00,AED,INR,22.8945,MOCK_FX_API,2025-11-12 00:42:00,2026-08-05 02:59:59,BATCH_202511_RAW_FX_RATES_API
2025-11-13 00:00:00,USD,INR,90.79,MOCK_FX_API,2025-11-13 00:30:00,2026-08-05 02:59:59,BATCH_202511_RAW_FX_RATES_API
2025-11-13 00:00:00,EUR,INR,87.0389,MOCK_FX_API,2025-11-13 02:02:00,2026-08-05 02:59:59,BATCH_202511_RAW_FX_RATES_API
2025-11-13 00:00:00,SGD,INR,62.3152,MOCK_FX_API,2025-11-13 00:08:00,2026-08-05 02:59:59,BATCH_202511_RAW_FX_RATES_API
2025-11-13 00:00:00,AED,INR,22.8721,MOCK_FX_API,2025-11-13 01:40:00,2026-08-05 02:59:59,BATCH_202511_RAW_FX_RATES_API
1763058600,USD,INR,90.8596,MOCK_FX_API,2025-11-14 01:34:00,2026-08-05 02:59:59,BATCH_202511_RAW_FX_RATES_API
2025-11-14 00:00:00,EUR,INR,87.1272,MOCK_FX_API,2025-11-14 02:35:00,2026-08-05 02:59:59,BATCH_202511_RAW_FX_RATES_API
2025-11-14 00:00:00,SGD,INR,62.1685,MOCK_FX_API,2025-11-14 01:03:00,2026-08-05 02:59:59,BATCH_202511_RAW_FX_RATES_API
2025-11-14 00:00:00,AED,INR,22.8773,MOCK_FX_API,2025-11-14 02:46:00,2026-08-05 02:59:59,BATCH_202511_RAW_FX_RATES_API
2025-11-17 00:00:00,USD,INR,91.1836,MOCK_FX_API,2025-11-17 01:05:00,2026-08-05 02:59:59,BATCH_202511_RAW_FX_RATES_API
2025-11-17 00:00:00,EUR,INR,87.1467,MOCK_FX_API,2025-11-17 01:35:00,2026-08-05 02:59:59,BATCH_202511_RAW_FX_RATES_API
2025-11-17 00:00:00,SGD,INR,62.3496,MOCK_FX_API,2025-11-17 01:28:00,2026-08-05 02:59:59,BATCH_202511_RAW_FX_RATES_API
2025-11-17 00:00:00,AED,INR,22.9015,MOCK_FX_API,2025-11-17 01:43:00,2026-08-05 02:59:59,BATCH_202511_RAW_FX_RATES_API
2025-11-18 00:00:00,USD,INR,91.2835,MOCK_FX_API,2025-11-18 00:12:00,2026-08-05 02:59:59,BATCH_202511_RAW_FX_RATES_API
2025-11-18 00:00:00,EUR,INR,87.0581,MOCK_FX_API,2025-11-18 00:02:00,2026-08-05 02:59:59,BATCH_202511_RAW_FX_RATES_API
2025-11-18 00:00:00,SGD,INR,62.3085,MOCK_FX_API,2025-11-18 02:49:00,2026-08-05 02:59:59,BATCH_202511_RAW_FX_RATES_API
2025-11-18 00:00:00,AED,INR,22.8766,MOCK_FX_API,2025-11-18 00:29:00,2026-08-05 02:59:59,BATCH_202511_RAW_FX_RATES_API
2025-11-19 00:00:00,USD,INR,91.3522,MOCK_FX_API,2025-11-19 01:32:00,2026-08-05 02:59:59,BATCH_202511_RAW_FX_RATES_API
2025-11-19 00:00:00,EUR,INR,87.0574,MOCK_FX_API,2025-11-19 00:09:00,2026-08-05 02:59:59,BATCH_202511_RAW_FX_RATES_API
2025-11-19 00:00:00,SGD,INR,62.2685,MOCK_FX_API,2025-11-19 02:06:00,2026-08-05 02:59:59,BATCH_202511_RAW_FX_RATES_API
2025-11-19 00:00:00,AED,INR,22.8734,MOCK_FX_API,2025-11-19 02:01:00,2026-08-05 02:59:59,BATCH_202511_RAW_FX_RATES_API
2025-11-20 00:00:00,USD,INR,91.5034,MOCK_FX_API,2025-11-20 01:54:00,2026-08-05 02:59:59,BATCH_202511_RAW_FX_RATES_API
2025-11-20 00:00:00,EUR,INR,87.0469,MOCK_FX_API,2025-11-20 02:51:00,2026-08-05 02:59:59,BATCH_202511_RAW_FX_RATES_API
2025-11-20T00:00:00Z,SGD,INR,62.2546,MOCK_FX_API,2025-11-20 00:42:00,2026-08-05 02:59:59,BATCH_202511_RAW_FX_RATES_API
2025-11-20 00:00:00,AED,INR,22.8619,MOCK_FX_API,2025-11-20 02:15:00,2026-08-05 02:59:59,BATCH_202511_RAW_FX_RATES_API
2025-11-21 00:00:00,USD,INR,91.7208,MOCK_FX_API,2025-11-21 00:21:00,2026-08-05 02:59:59,BATCH_202511_RAW_FX_RATES_API
2025-11-21 00:00:00,EUR,INR,87.121,MOCK_FX_API,2025-11-21 01:44:00,2026-08-05 02:59:59,BATCH_202511_RAW_FX_RATES_API
2025-11-21 00:00:00,SGD,INR,62.3672,MOCK_FX_API,2025-11-21 02:03:00,2026-08-05 02:59:59,BATCH_202511_RAW_FX_RATES_API
2025-11-24 00:00:00,USD,INR,90.9887,MOCK_FX_API,2025-11-24 00:08:00,2026-08-05 02:59:59,BATCH_202511_RAW_FX_RATES_API
2025-11-24 00:00:00,EUR,INR,87.5728,MOCK_FX_API,2025-11-24 00:14:00,2026-08-05 02:59:59,BATCH_202511_RAW_FX_RATES_API
2025-11-24 00:00:00,SGD,INR,62.4873,MOCK_FX_API,2025-11-24 00:43:00,2026-08-05 02:59:59,BATCH_202511_RAW_FX_RATES_API
2025-11-24 00:00:00,AED,INR,22.8562,MOCK_FX_API,2025-11-24 01:38:00,2026-08-05 02:59:59,BATCH_202511_RAW_FX_RATES_API
2025-11-25 00:00:00,USD,INR,91.0117,MOCK_FX_API,2025-11-25 02:36:00,2026-08-05 02:59:59,BATCH_202511_RAW_FX_RATES_API
2025-11-25 00:00:00,EUR,INR,87.7049,MOCK_FX_API,2025-11-25 02:59:00,2026-08-05 02:59:59,BATCH_202511_RAW_FX_RATES_API
2025-11-25 00:00:00,SGD,INR,62.4178,MOCK_FX_API,2025-11-25 00:06:00,2026-08-05 02:59:59,BATCH_202511_RAW_FX_RATES_API
2025-11-25 00:00:00,AED,INR,22.9033,MOCK_FX_API,2025-11-25 00:18:00,2026-08-05 02:59:59,BATCH_202511_RAW_FX_RATES_API
2025-11-26 00:00:00,USD,INR,90.7904,MOCK_FX_API,2025-11-26 00:35:00,2026-08-05 02:59:59,BATCH_202511_RAW_FX_RATES_API
2025-11-26 00:00:00,EUR,INR,87.6909,MOCK_FX_API,2025-11-26 00:29:00,2026-08-05 02:59:59,BATCH_202511_RAW_FX_RATES_API
2025-11-26 00:00:00,SGD,INR,62.4206,MOCK_FX_API,2025-11-26 01:21:00,2026-08-05 02:59:59,BATCH_202511_RAW_FX_RATES_API
2025-11-26 00:00:00,AED,INR,22.9541,MOCK_FX_API,2025-11-26 01:10:00,2026-08-05 02:59:59,BATCH_202511_RAW_FX_RATES_API
2025-11-27 00:00:00,USD,INR,90.7762,MOCK_FX_API,2025-11-27 01:58:00,2026-08-05 02:59:59,BATCH_202511_RAW_FX_RATES_API
2025-11-27 00:00:00,EUR, INR ,87.6775,MOCK_FX_API,2025-11-27 02:29:00,2026-08-05 02:59:59,BATCH_202511_RAW_FX_RATES_API
2025-11-27 00:00:00,SGD,INR,62.3895,MOCK_FX_API,2025-11-27 01:58:00,2026-08-05 02:59:59,BATCH_202511_RAW_FX_RATES_API
2025-11-27 00:00:00,AED,INR,22.8705,MOCK_FX_API,2025-11-27 00:36:00,2026-08-05 02:59:59,BATCH_202511_RAW_FX_RATES_API
2025-11-28 00:00:00,USD,INR,90.711,MOCK_FX_API,2025-11-28 01:44:00,2026-08-05 02:59:59,BATCH_202511_RAW_FX_RATES_API
2025-11-28 00:00:00,EUR,INR,87.9747,MOCK_FX_API,2025-11-28 00:35:00,2026-08-05 02:59:59,BATCH_202511_RAW_FX_RATES_API
2025-11-28 00:00:00,N/A,INR,62.3742,MOCK_FX_API,2025-11-28 00:13:00,2026-08-05 02:59:59,BATCH_202511_RAW_FX_RATES_API
2025-11-28 00:00:00,AED,INR,22.8968,MOCK_FX_API,2025-11-28 01:50:00,2026-08-05 02:59:59,BATCH_202511_RAW_FX_RATES_API
2025-12-01 00:00:00,USD,INR,90.6321,MOCK_FX_API,2025-12-01 02:39:00,2026-08-05 02:59:59,BATCH_202512_RAW_FX_RATES_API
2025-12-01 00:00:00,EUR,INR,87.811,MOCK_FX_API,2025-12-01 01:30:00,2026-08-05 02:59:59,BATCH_202512_RAW_FX_RATES_API
2025-12-01 00:00:00,SGD,INR,62.5549,MOCK_FX_API,2025-12-01 00:10:00,2026-08-05 02:59:59,BATCH_202512_RAW_FX_RATES_API
2025-12-01 00:00:00,AED,INR,22.9291,MOCK_FX_API,2025-12-01 00:31:00,2026-08-05 02:59:59,BATCH_202512_RAW_FX_RATES_API
2025-12-02 00:00:00,USD,INR,90.5858,MOCK_FX_API,2025-12-02 02:13:00,2026-08-05 02:59:59,BATCH_202512_RAW_FX_RATES_API
2025-12-02 00:00:00,EUR,INR,87.7895,MOCK_FX_API,2025-12-02 02:33:00,2026-08-05 02:59:59,BATCH_202512_RAW_FX_RATES_API
2025-12-02 00:00:00,SGD,INR,62.5256,MOCK_FX_API,2025-12-02 01:04:00,2026-08-05 02:59:59,BATCH_202512_RAW_FX_RATES_API
2025-12-02 00:00:00,AED,INR,22.9766,MOCK_FX_API,2025-12-02 02:53:00,2026-08-05 02:59:59,BATCH_202512_RAW_FX_RATES_API
2025-12-03 00:00:00,USD,INR,90.7011,MOCK_FX_API,2025-12-03 02:54:00,2026-08-05 02:59:59,BATCH_202512_RAW_FX_RATES_API
2025-12-03 00:00:00,SGD,INR,62.4397,MOCK_FX_API,2025-12-03 02:02:00,2026-08-05 02:59:59,BATCH_202512_RAW_FX_RATES_API
2025-12-03 00:00:00,AED,INR,22.9402,MOCK_FX_API,2025-12-03 02:18:00,2026-08-05 02:59:59,BATCH_202512_RAW_FX_RATES_API
2025-12-04 00:00:00,USD,INR,90.8334,MOCK_FX_API,2025-12-04 01:09:00,2026-08-05 02:59:59,BATCH_202512_RAW_FX_RATES_API
2025-12-04 00:00:00,EUR,INR,88.0771,MOCK_FX_API,2025-12-04 01:30:00,2026-08-05 02:59:59,BATCH_202512_RAW_FX_RATES_API
2025-12-04 00:00:00,SGD,INR,62.1836,MOCK_FX_API,2025-12-04 00:33:00,2026-08-05 02:59:59,BATCH_202512_RAW_FX_RATES_API
2025-12-04 00:00:00,AED,INR,22.885,MOCK_FX_API,2025-12-04 00:12:00,2026-08-05 02:59:59,BATCH_202512_RAW_FX_RATES_API
2025-12-05 00:00:00,USD,INR,90.9247,MOCK_FX_API,2025-12-05 00:26:00,2026-08-05 02:59:59,BATCH_202512_RAW_FX_RATES_API
2025-12-05 00:00:00,EUR,INR,88.0467,MOCK_FX_API,2025-12-05 00:28:00,2026-08-05 02:59:59,BATCH_202512_RAW_FX_RATES_API
2025-12-05 00:00:00,SGD,INR,62.0948,MOCK_FX_API,2025-12-05 01:50:00,2026-08-05 02:59:59,BATCH_202512_RAW_FX_RATES_API
2025-12-05 00:00:00,AED,INR,22.9083,MOCK_FX_API,2025-12-05 00:22:00,2026-08-05 02:59:59,BATCH_202512_RAW_FX_RATES_API
2025-12-08 00:00:00,USD,INR,90.6477,MOCK_FX_API,2025-12-08 00:05:00,2026-08-05 02:59:59,BATCH_202512_RAW_FX_RATES_API
2025-12-08 00:00:00,EUR,INR,88.3081,MOCK_FX_API,2025-12-08 01:14:00,2026-08-05 02:59:59,BATCH_202512_RAW_FX_RATES_API
2025-12-08 00:00:00,SGD,INR,61.867,MOCK_FX_API,2025-12-08 00:48:00,2026-08-05 02:59:59,BATCH_202512_RAW_FX_RATES_API
2025-12-08 00:00:00,AED,INR,22.9695,MOCK_FX_API,2025-12-08 02:03:00,2026-08-05 02:59:59,BATCH_202512_RAW_FX_RATES_API
2025-12-09 00:00:00,USD,INR,90.6483,MOCK_FX_API,2025-12-09 00:51:00,2026-08-05 02:59:59,BATCH_202512_RAW_FX_RATES_API
2025-12-09 00:00:00,EUR,INR,88.0006,MOCK_FX_API,2025-12-09 01:44:00,2026-08-05 02:59:59,BATCH_202512_RAW_FX_RATES_API
2025-12-09 00:00:00,SGD,INR,61.7284,MOCK_FX_API,2025-12-09 01:55:00,2026-08-05 02:59:59,BATCH_202512_RAW_FX_RATES_API
2025-12-09 00:00:00,AED,INR,22.9302,MOCK_FX_API,2025-12-09 00:32:00,2026-08-05 02:59:59,BATCH_202512_RAW_FX_RATES_API
2025-12-10 00:00:00,USD,INR,90.501,MOCK_FX_API,2025-12-10 02:41:00,2026-08-05 02:59:59,BATCH_202512_RAW_FX_RATES_API
2025-12-10 00:00:00,EUR,INR,88.0273,MOCK_FX_API,2025-12-13 02:32:00,2026-08-05 02:59:59,BATCH_202512_RAW_FX_RATES_API
2025-12-10 00:00:00,SGD,INR,61.7095,MOCK_FX_API,2025-12-10 01:35:00,2026-08-05 02:59:59,BATCH_202512_RAW_FX_RATES_API
2025-12-10 00:00:00,AED,INR,22.9437,MOCK_FX_API,2025-12-10 01:49:00,2026-08-05 02:59:59,BATCH_202512_RAW_FX_RATES_API
2025-12-11 00:00:00,USD,INR,90.4078,MOCK_FX_API,2025-12-15 00:47:00,2026-08-05 02:59:59,BATCH_202512_RAW_FX_RATES_API
2025-12-11 00:00:00,EUR,inr,88.1563,MOCK_FX_API,2026-01-08 00:02:00,2026-08-05 02:59:59,BATCH_202512_RAW_FX_RATES_API
2025-12-11 00:00:00,SGD,INR,61.644,MOCK_FX_API,2025-12-11 02:05:00,2026-08-05 02:59:59,BATCH_202512_RAW_FX_RATES_API
2025-12-11 00:00:00,AED,INR,22.9156,MOCK_FX_API,2025-12-11 02:02:00,2026-08-05 02:59:59,BATCH_202512_RAW_FX_RATES_API
2025-12-12 00:00:00,USD,INR,90.4751,MOCK_FX_API,2025-12-12 00:02:00,2026-08-05 02:59:59,BATCH_202512_RAW_FX_RATES_API
2025-12-12 00:00:00,EUR,INR,88.0237,MOCK_FX_API,2025-12-12 00:33:00,2026-08-05 02:59:59,BATCH_202512_RAW_FX_RATES_API
2025-12-12 00:00:00,SGD,INR,61.7282,MOCK_FX_API,2025-12-12 00:17:00,2026-08-05 02:59:59,BATCH_202512_RAW_FX_RATES_API
2025-12-12 00:00:00,AED,INR,22.9676,MOCK_FX_API,2025-12-12 02:45:00,2026-08-05 02:59:59,BATCH_202512_RAW_FX_RATES_API
2025-12-15 00:00:00,USD,INR,90.8106,MOCK_FX_API,2025-12-15 01:22:00,2026-08-05 02:59:59,BATCH_202512_RAW_FX_RATES_API
2025-12-15 00:00:00,EUR,INR,87.9885,MOCK_FX_API,2025-12-15 02:52:00,2026-08-05 02:59:59,BATCH_202512_RAW_FX_RATES_API
2025-12-15 00:00:00,SGD,INR,61.7504,MOCK_FX_API,2025-12-15 02:10:00,2026-08-05 02:59:59,BATCH_202512_RAW_FX_RATES_API
2025-12-15 00:00:00,AED,INR,23.0467,MOCK_FX_API,2025-12-15 00:40:00,2026-08-05 02:59:59,BATCH_202512_RAW_FX_RATES_API
2025-12-16 00:00:00,USD,INR,91.0611,MOCK_FX_API,2025-12-16 02:34:00,2026-08-05 02:59:59,BATCH_202512_RAW_FX_RATES_API
2025-12-16 00:00:00,EUR,INR,87.8709,MOCK_FX_API,2025-12-16 01:40:00,2026-08-05 02:59:59,BATCH_202512_RAW_FX_RATES_API
2025-12-16 00:00:00,SGD,INR,61.729,MOCK_FX_API,2025-12-16 02:36:00,2026-08-05 02:59:59,BATCH_202512_RAW_FX_RATES_API
2025-12-16 00:00:00,AED,INR,23.0639,MOCK_FX_API,2025-12-21 02:40:00,2026-08-05 02:59:59,BATCH_202512_RAW_FX_RATES_API
2025-12-17 00:00:00,USD,INR,91.0523,MOCK_FX_API,2025-12-17 02:52:00,2026-08-05 02:59:59,BATCH_202512_RAW_FX_RATES_API
2025-12-17 00:00:00,EUR,INR,87.5838,MOCK_FX_API,2025-12-17 00:08:00,2026-08-05 02:59:59,BATCH_202512_RAW_FX_RATES_API
2025-12-17 00:00:00,SGD,INR,61.677,MOCK_FX_API,2025-12-17 02:46:00,2026-08-05 02:59:59,BATCH_202512_RAW_FX_RATES_API
2025-12-17 00:00:00,aed,INR,23.0482,MOCK_FX_API,2025-12-17 02:34:00,2026-08-05 02:59:59,BATCH_202512_RAW_FX_RATES_API
2025-12-18 00:00:00,usd,INR,91.006,MOCK_FX_API,2025-12-18 01:14:00,2026-08-05 02:59:59,BATCH_202512_RAW_FX_RATES_API
2025-12-18 00:00:00,EUR,INR,87.4535,MOCK_FX_API,2025-12-18 00:36:00,2026-08-05 02:59:59,BATCH_202512_RAW_FX_RATES_API
2025-12-18 00:00:00,SGD,INR,61.6534,MOCK_FX_API,2025-12-18 02:02:00,2026-08-05 02:59:59,BATCH_202512_RAW_FX_RATES_API
46009,AED,INR,22.9741,MOCK_FX_API,2026-01-09 00:47:00,2026-08-05 02:59:59,BATCH_202512_RAW_FX_RATES_API
2025-12-19 00:00:00,USD,INR,90.8851,MOCK_FX_API,2025-12-19 00:32:00,2026-08-05 02:59:59,BATCH_202512_RAW_FX_RATES_API
2025-12-19 00:00:00,EUR,INR,87.3823,MOCK_FX_API,2025-12-19 02:52:00,2026-08-05 02:59:59,BATCH_202512_RAW_FX_RATES_API
2025-12-19 00:00:00,SGD,INR,61.6471,MOCK_FX_API,2025-12-19 00:44:00,2026-08-05 02:59:59,BATCH_202512_RAW_FX_RATES_API
2025-12-19 00:00:00,AED,INR,23.0005,MOCK_FX_API,2025-12-19 00:07:00,2026-08-05 02:59:59,BATCH_202512_RAW_FX_RATES_API
2025-12-22 00:00:00,USD,INR,90.8787,MOCK_FX_API,2025-12-22 00:49:00,2026-08-05 02:59:59,BATCH_202512_RAW_FX_RATES_API
2025-12-22 00:00:00,EUR,INR,87.6588,MOCK_FX_API,2025-12-22 02:34:00,2026-08-05 02:59:59,BATCH_202512_RAW_FX_RATES_API
2025-12-22 00:00:00,SGD,INR,61.7662,MOCK_FX_API,2025-12-22 01:54:00,2026-08-05 02:59:59,BATCH_202512_RAW_FX_RATES_API
46013,AED,INR,22.8971,MOCK_FX_API,2025-12-22 01:36:00,2026-08-05 02:59:59,BATCH_202512_RAW_FX_RATES_API
2025-12-23 00:00:00,USD,INR,90.7938,MOCK_FX_API,2025-12-23 00:43:00,2026-08-05 02:59:59,BATCH_202512_RAW_FX_RATES_API
2025-12-23 00:00:00,EUR,INR,87.7559,MOCK_FX_API,2025-12-23 00:05:00,2026-08-05 02:59:59,BATCH_202512_RAW_FX_RATES_API
2025-12-23 00:00:00,SGD,INR,61.7577,MOCK_FX_API,2025-12-23 00:21:00,2026-08-05 02:59:59,BATCH_202512_RAW_FX_RATES_API
2025-12-23 00:00:00,AED,INR,22.9136,MOCK_FX_API,2025-12-23 02:23:00,2026-08-05 02:59:59,BATCH_202512_RAW_FX_RATES_API
2025-12-24 00:00:00,USD,INR,90.9521,MOCK_FX_API,2025-12-25 01:39:00,2026-08-05 02:59:59,BATCH_202512_RAW_FX_RATES_API
2025-12-24 00:00:00,EUR,INR,87.7927,MOCK_FX_API,2025-12-24 00:03:00,2026-08-05 02:59:59,BATCH_202512_RAW_FX_RATES_API
2025-12-24 00:00:00,SGD,INR,61.7731,MOCK_FX_API,2025-12-24 02:47:00,2026-08-05 02:59:59,BATCH_202512_RAW_FX_RATES_API
24/12/2025,AED,INR,22.9095,MOCK_FX_API,2025-12-24 01:25:00,2026-08-05 02:59:59,BATCH_202512_RAW_FX_RATES_API
2025-12-25 00:00:00,USD,INR,90.9949,MOCK_FX_API,2025-12-25 02:09:00,2026-08-05 02:59:59,BATCH_202512_RAW_FX_RATES_API
2025-12-25 00:00:00,EUR,INR,87.7806,MOCK_FX_API,2025-12-25 01:36:00,2026-08-05 02:59:59,BATCH_202512_RAW_FX_RATES_API
2025-12-25 00:00:00,SGD,INR,61.8234,MOCK_FX_API,2025-12-25 01:03:00,2026-08-05 02:59:59,BATCH_202512_RAW_FX_RATES_API
2025-12-25 00:00:00,AED,INR,22.9025,MOCK_FX_API,2025-12-25 00:49:00,2026-08-05 02:59:59,BATCH_202512_RAW_FX_RATES_API
2025-12-26 00:00:00,USD,INR,91.0056,MOCK_FX_API,2025-12-26 00:34:00,2026-08-05 02:59:59,BATCH_202512_RAW_FX_RATES_API
2025-12-26 00:00:00,EUR,INR,87.516,MOCK_FX_API,2025-12-26 01:26:00,2026-08-05 02:59:59,BATCH_202512_RAW_FX_RATES_API
2025-12-26 00:00:00,SGD,INR,61.8133,MOCK_FX_API,2025-12-26 02:53:00,2026-08-05 02:59:59,BATCH_202512_RAW_FX_RATES_API
2025-12-26 00:00:00,AED,INR,22.8733,MOCK_FX_API,2025-12-27 01:29:00,2026-08-05 02:59:59,BATCH_202512_RAW_FX_RATES_API
2025-12-29 00:00:00,USD,INR,90.9884,MOCK_FX_API,2026-01-19 00:04:00,2026-08-05 02:59:59,BATCH_202512_RAW_FX_RATES_API
2025-12-29 00:00:00,EUR,INR,87.7134,MOCK_FX_API,2025-12-29 02:56:00,2026-08-05 02:59:59,BATCH_202512_RAW_FX_RATES_API
2025-12-29 00:00:00,SGD,INR,61.5861,MOCK_FX_API,2025-12-29 02:30:00,2026-08-05 02:59:59,BATCH_202512_RAW_FX_RATES_API
2025-12-29 00:00:00,AED,INR,22.8694,MOCK_FX_API,2025-12-29 00:03:00,2026-08-05 02:59:59,BATCH_202512_RAW_FX_RATES_API
2025-12-30 00:00:00,USD,INR,90.9306,MOCK_FX_API,2025-12-30 01:11:00,2026-08-05 02:59:59,BATCH_202512_RAW_FX_RATES_API
30/12/2025,EUR,INR,87.6196,MOCK_FX_API,2025-12-30 00:08:00,2026-08-05 02:59:59,BATCH_202512_RAW_FX_RATES_API
2025-12-30 00:00:00,SGD,INR,61.7247,MOCK_FX_API,2025-12-30 01:53:00,2026-08-05 02:59:59,BATCH_202512_RAW_FX_RATES_API
2025-12-30 00:00:00,AED,INR,22.8949,MOCK_FX_API,2025-12-30 02:34:00,2026-08-05 02:59:59,BATCH_202512_RAW_FX_RATES_API
2025-12-31 00:00:00,USD,INR,90.8551,MOCK_FX_API,2025-12-31 02:57:00,2026-08-05 02:59:59,BATCH_202512_RAW_FX_RATES_API
2025-12-31 00:00:00,EUR,INR,87.6769,MOCK_FX_API,2025-12-31 00:54:00,2026-08-05 02:59:59,BATCH_202512_RAW_FX_RATES_API
2025-12-31 00:00:00,SGD,INR,61.6411,MOCK_FX_API,2025-12-31 01:57:00,2026-08-05 02:59:59,BATCH_202512_RAW_FX_RATES_API
2025-12-31 00:00:00,AED,INR,22.9303,MOCK_FX_API,2025-12-31 01:01:00,2026-08-05 02:59:59,BATCH_202512_RAW_FX_RATES_API
2026-01-01 00:00:00,USD,INR,91.0733,MOCK_FX_API,2026-01-01 02:16:00,2026-08-05 02:59:59,BATCH_202601_RAW_FX_RATES_API
2026-01-01 00:00:00,EUR,INR,87.5772,MOCK_FX_API,2026-01-01 02:20:00,2026-08-05 02:59:59,BATCH_202601_RAW_FX_RATES_API
2026-01-01 00:00:00,SGD,INR,61.7751,MOCK_FX_API,2026-01-01 02:52:00,2026-08-05 02:59:59,BATCH_202601_RAW_FX_RATES_API
2026-01-01 00:00:00,AED,inr,22.9208,MOCK_FX_API,2026-01-01 02:55:00,2026-08-05 02:59:59,BATCH_202601_RAW_FX_RATES_API
2026-01-02 00:00:00,USD,INR,91.1088,MOCK_FX_API,2026-01-03 01:55:00,2026-08-05 02:59:59,BATCH_202601_RAW_FX_RATES_API
2026-01-02 00:00:00,EUR,INR,87.7047,MOCK_FX_API,2026-01-02 01:24:00,2026-08-05 02:59:59,BATCH_202601_RAW_FX_RATES_API
2026-01-02 00:00:00,SGD,INR,61.8124,MOCK_FX_API,2026-01-02 01:02:00,2026-08-05 02:59:59,BATCH_202601_RAW_FX_RATES_API
2026-01-02 00:00:00,AED,INR,22.874,MOCK_FX_API,2026-01-02 00:51:00,2026-08-05 02:59:59,BATCH_202601_RAW_FX_RATES_API
2026-01-05 00:00:00,USD,INR,91.5074,MOCK_FX_API,2026-01-05 02:52:00,2026-08-05 02:59:59,BATCH_202601_RAW_FX_RATES_API
2026-01-05 00:00:00,EUR,INR,87.7948,MOCK_FX_API,2026-01-05 01:44:00,2026-08-05 02:59:59,BATCH_202601_RAW_FX_RATES_API
2026-01-05 00:00:00,SGD,INR,61.6227,MOCK_FX_API,2026-01-05 01:17:00,2026-08-05 02:59:59,BATCH_202601_RAW_FX_RATES_API
2026-01-05 00:00:00,AED,INR,22.8857,MOCK_FX_API,2026-01-05 00:03:00,2026-08-05 02:59:59,BATCH_202601_RAW_FX_RATES_API
2026-01-06 00:00:00,USD,INR,91.4423,MOCK_FX_API,2026-01-06 00:12:00,2026-08-05 02:59:59,BATCH_202601_RAW_FX_RATES_API
2026-01-06 00:00:00,EUR,INR,87.8159,MOCK_FX_API,2026-01-06 02:10:00,2026-08-05 02:59:59,BATCH_202601_RAW_FX_RATES_API
2026-01-06 00:00:00,SGD,INR,61.5533,MOCK_FX_API,2026-01-06 00:28:00,2026-08-05 02:59:59,BATCH_202601_RAW_FX_RATES_API
2026-01-06 00:00:00,AED,INR,22.8532,MOCK_FX_API,2026-01-06 00:01:00,2026-08-05 02:59:59,BATCH_202601_RAW_FX_RATES_API
2026-01-07 00:00:00,USD,INR,91.3766,MOCK_FX_API,2026-01-07 00:08:00,2026-08-05 02:59:59,BATCH_202601_RAW_FX_RATES_API
2026-01-07 00:00:00,EUR,INR,87.6677,MOCK_FX_API,2026-01-07 01:06:00,2026-08-05 02:59:59,BATCH_202601_RAW_FX_RATES_API
2026-01-07 00:00:00,SGD,INR,61.6936,MOCK_FX_API,2026-01-07 01:56:00,2026-08-05 02:59:59,BATCH_202601_RAW_FX_RATES_API
2026-01-07 00:00:00,AED,INR,22.8773,MOCK_FX_API,2026-01-07 01:14:00,2026-08-05 02:59:59,BATCH_202601_RAW_FX_RATES_API
2026-01-08 00:00:00,USD,INR,91.1358,MOCK_FX_API,2026-01-08 01:06:00,2026-08-05 02:59:59,BATCH_202601_RAW_FX_RATES_API
2026-01-08 00:00:00,EUR,INR,87.651,MOCK_FX_API,2026-01-08 01:11:00,2026-08-05 02:59:59,BATCH_202601_RAW_FX_RATES_API
2026-01-08 00:00:00,sgd,INR,61.7994,MOCK_FX_API,2026-01-08 01:21:00,2026-08-05 02:59:59,BATCH_202601_RAW_FX_RATES_API
2026-01-08 00:00:00,AED,INR,22.9001,MOCK_FX_API,2026-01-08 02:38:00,2026-08-05 02:59:59,BATCH_202601_RAW_FX_RATES_API
2026-01-09 00:00:00,USD,INR,91.1705,MOCK_FX_API,2026-01-09 01:20:00,2026-08-05 02:59:59,BATCH_202601_RAW_FX_RATES_API
2026-01-09 00:00:00,EUR,INR,87.6492,MOCK_FX_API,2026-01-09 00:48:00,2026-08-05 02:59:59,BATCH_202601_RAW_FX_RATES_API
2026-01-09 00:00:00,SGD,INR,61.7322,MOCK_FX_API,2026-01-09 00:10:00,2026-08-05 02:59:59,BATCH_202601_RAW_FX_RATES_API
2026-01-09 00:00:00,AED,INR,22.8575,MOCK_FX_API,2026-01-09 02:09:00,2026-08-05 02:59:59,BATCH_202601_RAW_FX_RATES_API
2026-01-12 00:00:00,USD,INR,91.4119,MOCK_FX_API,2026-01-12 01:19:00,2026-08-05 02:59:59,BATCH_202601_RAW_FX_RATES_API
2026-01-12 00:00:00,EUR,INR,87.3654,MOCK_FX_API,2026-01-12 00:45:00,2026-08-05 02:59:59,BATCH_202601_RAW_FX_RATES_API
2026-01-12 00:00:00,SGD,INR,61.5816,MOCK_FX_API,2026-01-12 01:48:00,2026-08-05 02:59:59,BATCH_202601_RAW_FX_RATES_API
2026-01-12 00:00:00,AED,INR,22.9214,MOCK_FX_API,2026-01-12 00:52:00,2026-08-05 02:59:59,BATCH_202601_RAW_FX_RATES_API
2026-01-13 00:00:00,USD,INR,91.215,MOCK_FX_API,2026-01-13 01:30:00,2026-08-05 02:59:59,BATCH_202601_RAW_FX_RATES_API
2026-01-13 00:00:00,EUR,INR,87.2732,MOCK_FX_API,2026-01-13 01:07:00,2026-08-05 02:59:59,BATCH_202601_RAW_FX_RATES_API
2026-01-13 00:00:00,SGD,INR,61.6273,MOCK_FX_API,2026-01-13 00:49:00,2026-08-05 02:59:59,BATCH_202601_RAW_FX_RATES_API
2026-01-13 00:00:00,AED,INR,22.91,MOCK_FX_API,2026-01-13 01:47:00,2026-08-05 02:59:59,BATCH_202601_RAW_FX_RATES_API
2026-01-14 00:00:00,USD,INR,91.2966,MOCK_FX_API,2026-01-14 02:48:00,2026-08-05 02:59:59,BATCH_202601_RAW_FX_RATES_API
2026-01-14 00:00:00,EUR,INR,87.1063,MOCK_FX_API,2026-01-14 01:10:00,2026-08-05 02:59:59,BATCH_202601_RAW_FX_RATES_API
2026-01-14 00:00:00,SGD,INR,61.704,MOCK_FX_API,2026-01-14 02:42:00,2026-08-05 02:59:59,BATCH_202601_RAW_FX_RATES_API
2026-01-14 00:00:00,AED,INR,22.9788,MOCK_FX_API,2026-01-14 02:50:00,2026-08-05 02:59:59,BATCH_202601_RAW_FX_RATES_API
2026-01-15 00:00:00,USD,INR,91.2045,MOCK_FX_API,2026-01-15 02:13:00,2026-08-05 02:59:59,BATCH_202601_RAW_FX_RATES_API
2026-01-15 00:00:00,SGD,INR,61.5902,MOCK_FX_API,2026-01-15 01:05:00,2026-08-05 02:59:59,BATCH_202601_RAW_FX_RATES_API
2026-01-15 00:00:00,AED,INR,22.9467,MOCK_FX_API,2026-01-15 02:23:00,2026-08-05 02:59:59,BATCH_202601_RAW_FX_RATES_API
2026-01-16 00:00:00,USD,INR,91.306,MOCK_FX_API,2026-01-16 00:27:00,2026-08-05 02:59:59,BATCH_202601_RAW_FX_RATES_API
2026-01-16 00:00:00,EUR,INR,87.1955,MOCK_FX_API,2026-01-16 00:46:00,2026-08-05 02:59:59,BATCH_202601_RAW_FX_RATES_API
2026-01-16 00:00:00,SGD,INR,61.5332,MOCK_FX_API,2026-01-16 01:00:00,2026-08-05 02:59:59,BATCH_202601_RAW_FX_RATES_API
2026-01-16 00:00:00,AED,INR,22.9517,MOCK_FX_API,2026-01-16 00:35:00,2026-08-05 02:59:59,BATCH_202601_RAW_FX_RATES_API
2026-01-19 00:00:00,EUR,INR,87.3504,MOCK_FX_API,2026-01-19 01:42:00,2026-08-05 02:59:59,BATCH_202601_RAW_FX_RATES_API
2026-01-19 00:00:00,SGD,INR,61.9707,MOCK_FX_API,2026-01-19 02:14:00,2026-08-05 02:59:59,BATCH_202601_RAW_FX_RATES_API
2026-01-19 00:00:00,AED,INR,22.9485,MOCK_FX_API,2026-01-19 00:40:00,2026-08-05 02:59:59,BATCH_202601_RAW_FX_RATES_API
2026-01-20 00:00:00,usd,INR,91.0254,MOCK_FX_API,2026-01-20 02:36:00,2026-08-05 02:59:59,BATCH_202601_RAW_FX_RATES_API
2026-01-20 00:00:00,EUR,INR,87.333,MOCK_FX_API,2026-01-20 00:42:00,2026-08-05 02:59:59,BATCH_202601_RAW_FX_RATES_API
2026-01-20 00:00:00,SGD,INR,61.9768,MOCK_FX_API,2026-01-20 00:31:00,2026-08-05 02:59:59,BATCH_202601_RAW_FX_RATES_API
2026-01-20 00:00:00,aed,INR,23.014,MOCK_FX_API,2026-01-20 02:12:00,2026-08-05 02:59:59,BATCH_202601_RAW_FX_RATES_API
2026-01-21 00:00:00,USD,INR,91.2632,MOCK_FX_API,2026-01-21 02:33:00,2026-08-05 02:59:59,BATCH_202601_RAW_FX_RATES_API
2026-01-21 00:00:00,EUR,INR,87.4991,MOCK_FX_API,2026-01-21 01:03:00,2026-08-05 02:59:59,BATCH_202601_RAW_FX_RATES_API
2026-01-21 00:00:00,SGD,INR,62.0901,MOCK_FX_API,2026-01-21 03:00:00,2026-08-05 02:59:59,BATCH_202601_RAW_FX_RATES_API
2026-01-21 00:00:00,AED,INR,22.95,MOCK_FX_API,2026-01-24 00:37:00,2026-08-05 02:59:59,BATCH_202601_RAW_FX_RATES_API
2026-01-22 00:00:00,USD,INR,91.1084,MOCK_FX_API,2026-01-22 00:43:00,2026-08-05 02:59:59,BATCH_202601_RAW_FX_RATES_API
2026-01-22 00:00:00,EUR,inr,87.5017,MOCK_FX_API,2026-01-22 01:35:00,2026-08-05 02:59:59,BATCH_202601_RAW_FX_RATES_API
2026-01-22 00:00:00,SGD,INR,62.0748,MOCK_FX_API,2026-01-22 00:47:00,2026-08-05 02:59:59,BATCH_202601_RAW_FX_RATES_API
2026-01-22 00:00:00,AED,INR,23.0019,MOCK_FX_API,2026-01-22 00:54:00,2026-08-05 02:59:59,BATCH_202601_RAW_FX_RATES_API
2026-01-23 00:00:00,USD,INR,91.2393,MOCK_FX_API,2026-01-23 00:03:00,2026-08-05 02:59:59,BATCH_202601_RAW_FX_RATES_API
2026-01-23 00:00:00,EUR,INR,87.559,MOCK_FX_API,2026-01-23 01:17:00,2026-08-05 02:59:59,BATCH_202601_RAW_FX_RATES_API
2026-01-23 00:00:00,SGD,INR,62.1259,MOCK_FX_API,2026-01-23 01:54:00,2026-08-05 02:59:59,BATCH_202601_RAW_FX_RATES_API
2026-01-23 00:00:00,AED,INR,23.0006,MOCK_FX_API,2026-01-23 01:33:00,2026-08-05 02:59:59,BATCH_202601_RAW_FX_RATES_API
2026-01-26 00:00:00,USD,INR,91.2132,MOCK_FX_API,2026-01-26 01:29:00,2026-08-05 02:59:59,BATCH_202601_RAW_FX_RATES_API
2026-01-26 00:00:00,EUR,INR,87.4323,MOCK_FX_API,2026-01-26 01:55:00,2026-08-05 02:59:59,BATCH_202601_RAW_FX_RATES_API
2026-01-26 00:00:00,SGD,INR,62.1299,MOCK_FX_API,2026-01-26 02:11:00,2026-08-05 02:59:59,BATCH_202601_RAW_FX_RATES_API
2026-01-26 00:00:00,AED,INR,22.9271,MOCK_FX_API,2026-01-26 02:53:00,2026-08-05 02:59:59,BATCH_202601_RAW_FX_RATES_API
2026-01-27 00:00:00,USD,INR,91.4281,MOCK_FX_API,2026-01-27 00:14:00,2026-08-05 02:59:59,BATCH_202601_RAW_FX_RATES_API
01-27-2026,EUR,INR,87.4112,MOCK_FX_API,2026-01-27 00:57:00,2026-08-05 02:59:59,BATCH_202601_RAW_FX_RATES_API
2026-01-27 00:00:00,SGD,INR,62.065,MOCK_FX_API,2026-01-27 00:19:00,2026-08-05 02:59:59,BATCH_202601_RAW_FX_RATES_API
2026-01-27 00:00:00,AED,INR,22.951,MOCK_FX_API,2026-01-27 00:20:00,2026-08-05 02:59:59,BATCH_202601_RAW_FX_RATES_API
2026-01-28 00:00:00,USD,INR,91.4435,MOCK_FX_API,2026-01-28 02:13:00,2026-08-05 02:59:59,BATCH_202601_RAW_FX_RATES_API
2026-01-28 00:00:00,EUR,INR,87.6758,MOCK_FX_API,2026-01-28 02:52:00,2026-08-05 02:59:59,BATCH_202601_RAW_FX_RATES_API
2026-01-28 00:00:00,SGD,INR,62.0804,MOCK_FX_API,2026-01-28 00:51:00,2026-08-05 02:59:59,BATCH_202601_RAW_FX_RATES_API
2026-01-28 00:00:00,AED,INR,22.9304,MOCK_FX_API,2026-01-28 01:36:00,2026-08-05 02:59:59,BATCH_202601_RAW_FX_RATES_API
2026-01-29 00:00:00,USD,INR,91.5257,MOCK_FX_API,2026-01-29 01:27:00,2026-08-05 02:59:59,BATCH_202601_RAW_FX_RATES_API
2026-01-29 00:00:00,EUR,INR,87.7509,MOCK_FX_API,2026-01-29 01:54:00,2026-08-05 02:59:59,BATCH_202601_RAW_FX_RATES_API
2026-01-29 00:00:00,SGD,INR,61.8232,MOCK_FX_API,2026-01-29 02:42:00,2026-08-05 02:59:59,BATCH_202601_RAW_FX_RATES_API
2026-01-29 00:00:00,AED,INR,22.9449,MOCK_FX_API,2026-01-29 00:39:00,2026-08-05 02:59:59,BATCH_202601_RAW_FX_RATES_API
2026-01-30 00:00:00,USD,INR,91.3639,MOCK_FX_API,2026-01-30 02:44:00,2026-08-05 02:59:59,BATCH_202601_RAW_FX_RATES_API
2026-01-30 00:00:00,EUR,INR,87.7739,MOCK_FX_API,2026-01-30 02:03:00,2026-08-05 02:59:59,BATCH_202601_RAW_FX_RATES_API
2026-01-30 00:00:00,SGD,INR,61.8552,MOCK_FX_API,2026-01-30 02:32:00,2026-08-05 02:59:59,BATCH_202601_RAW_FX_RATES_API
2026-01-30 00:00:00,AED,INR,22.9659,MOCK_FX_API,2026-01-30 01:59:00,2026-08-05 02:59:59,BATCH_202601_RAW_FX_RATES_API
2026-02-02 00:00:00,USD,INR,91.2219,MOCK_FX_API,2026-02-02 00:13:00,2026-08-05 02:59:59,BATCH_202602_RAW_FX_RATES_API
2026-02-02 00:00:00,EUR,INR,87.9613,MOCK_FX_API,2026-02-02 01:08:00,2026-08-05 02:59:59,BATCH_202602_RAW_FX_RATES_API
2026-02-02 00:00:00,SGD,INR,61.634,MOCK_FX_API,2026-02-06 00:32:00,2026-08-05 02:59:59,BATCH_202602_RAW_FX_RATES_API
2026-02-02 00:00:00,AED,INR,22.8816,MOCK_FX_API,2026-02-02 00:32:00,2026-08-05 02:59:59,BATCH_202602_RAW_FX_RATES_API
2026-02-03 00:00:00,USD,INR,91.0075,MOCK_FX_API,2026-02-03 01:32:00,2026-08-05 02:59:59,BATCH_202602_RAW_FX_RATES_API
2026-02-03 00:00:00,EUR,INR,87.6487,MOCK_FX_API,2026-02-03 02:50:00,2026-08-05 02:59:59,BATCH_202602_RAW_FX_RATES_API
2026-02-03 00:00:00,SGD,INR,61.7917,MOCK_FX_API,2026-02-08 01:13:00,2026-08-05 02:59:59,BATCH_202602_RAW_FX_RATES_API
2026-02-03 00:00:00,AED,INR,22.9177,MOCK_FX_API,2026-02-03 01:44:00,2026-08-05 02:59:59,BATCH_202602_RAW_FX_RATES_API
2026-02-04 00:00:00,USD,INR,91.0539,MOCK_FX_API,2026-02-04 02:57:00,2026-08-05 02:59:59,BATCH_202602_RAW_FX_RATES_API
2026-02-04 00:00:00, EUR ,INR,87.6935,MOCK_FX_API,2026-02-04 00:42:00,2026-08-05 02:59:59,BATCH_202602_RAW_FX_RATES_API
2026-02-04 00:00:00,SGD,INR,61.8453,MOCK_FX_API,2026-02-04 02:48:00,2026-08-05 02:59:59,BATCH_202602_RAW_FX_RATES_API
2026-02-04 00:00:00,AED,INR,22.9273,MOCK_FX_API,2026-02-04 02:12:00,2026-08-05 02:59:59,BATCH_202602_RAW_FX_RATES_API
2026-02-05 00:00:00,USD,INR,91.2094,MOCK_FX_API,2026-02-05 02:02:00,2026-08-05 02:59:59,BATCH_202602_RAW_FX_RATES_API
2026-02-05 00:00:00,EUR,INR,87.6841,MOCK_FX_API,2026-02-05 00:57:00,2026-08-05 02:59:59,BATCH_202602_RAW_FX_RATES_API
2026-02-05 00:00:00,SGD,INR,61.9289,MOCK_FX_API,2026-02-05 02:59:00,2026-08-05 02:59:59,BATCH_202602_RAW_FX_RATES_API
2026-02-05 00:00:00,AED,INR,22.8726,MOCK_FX_API,2026-02-05 02:06:00,2026-08-05 02:59:59,BATCH_202602_RAW_FX_RATES_API
2026-02-06 00:00:00,USD,INR,91.0917,MOCK_FX_API,2026-02-11 02:28:00,2026-08-05 02:59:59,BATCH_202602_RAW_FX_RATES_API
2026-02-06 00:00:00,EUR,INR,87.6588,MOCK_FX_API,2026-02-06 02:23:00,2026-08-05 02:59:59,BATCH_202602_RAW_FX_RATES_API
2026-02-06 00:00:00,SGD,INR,62.0307,MOCK_FX_API,2026-02-06 01:29:00,2026-08-05 02:59:59,BATCH_202602_RAW_FX_RATES_API
2026-02-06 00:00:00,AED,INR,22.9055,MOCK_FX_API,2026-02-06 01:33:00,2026-08-05 02:59:59,BATCH_202602_RAW_FX_RATES_API
2026-02-09 00:00:00,USD,INR,90.9287,MOCK_FX_API,2026-02-09 02:21:00,2026-08-05 02:59:59,BATCH_202602_RAW_FX_RATES_API
2026-02-09 00:00:00,EUR,INR,87.879,MOCK_FX_API,2026-02-09 00:26:00,2026-08-05 02:59:59,BATCH_202602_RAW_FX_RATES_API
2026-02-09 00:00:00,SGD,INR,61.8716,MOCK_FX_API,2026-02-09 00:11:00,2026-08-05 02:59:59,BATCH_202602_RAW_FX_RATES_API
2026-02-09 00:00:00,AED,INR,22.931,MOCK_FX_API,2026-02-09 00:01:00,2026-08-05 02:59:59,BATCH_202602_RAW_FX_RATES_API
2026-02-10 00:00:00,USD,INR,90.9579,MOCK_FX_API,2026-02-10 01:19:00,2026-08-05 02:59:59,BATCH_202602_RAW_FX_RATES_API
2026-02-10 00:00:00,EUR,INR,88.253,MOCK_FX_API,2026-02-10 02:30:00,2026-08-05 02:59:59,BATCH_202602_RAW_FX_RATES_API
2026-02-10 00:00:00,SGD,INR,61.8379,MOCK_FX_API,2026-02-10 00:18:00,2026-08-05 02:59:59,BATCH_202602_RAW_FX_RATES_API
2026-02-10 00:00:00,AED,INR,22.9364,MOCK_FX_API,2026-02-10 02:39:00,2026-08-05 02:59:59,BATCH_202602_RAW_FX_RATES_API
2026-02-11 00:00:00,USD,INR,90.5357,MOCK_FX_API,2026-02-11 01:06:00,2026-08-05 02:59:59,BATCH_202602_RAW_FX_RATES_API
2026-02-11 00:00:00,EUR,INR,88.2828,MOCK_FX_API,2026-02-11 02:21:00,2026-08-05 02:59:59,BATCH_202602_RAW_FX_RATES_API
2026-02-11 00:00:00,SGD,INR,61.8,MOCK_FX_API,2026-02-11 00:17:00,2026-08-05 02:59:59,BATCH_202602_RAW_FX_RATES_API
2026-02-11 00:00:00,AED,INR,22.9589,MOCK_FX_API,2026-02-11 00:39:00,2026-08-05 02:59:59,BATCH_202602_RAW_FX_RATES_API
2026-02-12 00:00:00,USD,INR,90.7255,MOCK_FX_API,2026-02-12 02:28:00,2026-08-05 02:59:59,BATCH_202602_RAW_FX_RATES_API
2026-02-12 00:00:00,EUR,INR,88.1916,MOCK_FX_API,2026-02-12 00:11:00,2026-08-05 02:59:59,BATCH_202602_RAW_FX_RATES_API
2026-02-12 00:00:00,SGD,INR,61.6613,MOCK_FX_API,2026-02-12 01:36:00,2026-08-05 02:59:59,BATCH_202602_RAW_FX_RATES_API
2026-02-12 00:00:00,AED,INR,23.0241,MOCK_FX_API,2026-02-12 01:50:00,2026-08-05 02:59:59,BATCH_202602_RAW_FX_RATES_API
2026-02-13 00:00:00,USD,INR,90.68,MOCK_FX_API,2026-02-13 01:51:00,2026-08-05 02:59:59,BATCH_202602_RAW_FX_RATES_API
2026-02-13 00:00:00,EUR,INR,88.2211,MOCK_FX_API,2026-02-13 01:04:00,2026-08-05 02:59:59,BATCH_202602_RAW_FX_RATES_API
2026-02-13 00:00:00,SGD,INR,61.5927,MOCK_FX_API,2026-02-13 01:56:00,2026-08-05 02:59:59,BATCH_202602_RAW_FX_RATES_API
2026-02-13 00:00:00,AED,INR,23.0164,MOCK_FX_API,2026-02-13 00:31:00,2026-08-05 02:59:59,BATCH_202602_RAW_FX_RATES_API
2026-02-16 00:00:00,usd,INR,90.2756,MOCK_FX_API,2026-02-16 02:48:00,2026-08-05 02:59:59,BATCH_202602_RAW_FX_RATES_API
02-16-2026,EUR,INR,88.5885,MOCK_FX_API,2026-02-16 01:03:00,2026-08-05 02:59:59,BATCH_202602_RAW_FX_RATES_API
2026-02-16 00:00:00,SGD,INR,61.5793,MOCK_FX_API,2026-02-16 00:27:00,2026-08-05 02:59:59,BATCH_202602_RAW_FX_RATES_API
2026-02-16 00:00:00,AED,INR,23.0693,MOCK_FX_API,2026-02-16 01:12:00,2026-08-05 02:59:59,BATCH_202602_RAW_FX_RATES_API
2026-02-17 00:00:00,USD,INR,90.4241,MOCK_FX_API,2026-02-17 00:03:00,2026-08-05 02:59:59,BATCH_202602_RAW_FX_RATES_API
2026-02-17T00:00:00+05:30,EUR,INR,88.5654,MOCK_FX_API,2026-02-17 02:49:00,2026-08-05 02:59:59,BATCH_202602_RAW_FX_RATES_API
2026-02-17 00:00:00,SGD,INR,61.5059,MOCK_FX_API,2026-02-20 00:15:00,2026-08-05 02:59:59,BATCH_202602_RAW_FX_RATES_API
2026-02-17 00:00:00,AED,INR,23.0632,MOCK_FX_API,2026-02-17 02:23:00,2026-08-05 02:59:59,BATCH_202602_RAW_FX_RATES_API
2026-02-18 00:00:00,USD,INR,90.3252,MOCK_FX_API,2026-02-18 01:13:00,2026-08-05 02:59:59,BATCH_202602_RAW_FX_RATES_API
2026-02-18 00:00:00,EUR,INR,88.5306,MOCK_FX_API,2026-02-18 00:20:00,2026-08-05 02:59:59,BATCH_202602_RAW_FX_RATES_API
2026-02-18 00:00:00,SGD,INR,61.5584,MOCK_FX_API,2026-02-18 00:49:00,2026-08-05 02:59:59,BATCH_202602_RAW_FX_RATES_API
02-18-2026,AED,INR,23.1248,MOCK_FX_API,2026-02-18 02:03:00,2026-08-05 02:59:59,BATCH_202602_RAW_FX_RATES_API
2026-02-19 00:00:00,USD,INR,90.3942,MOCK_FX_API,2026-02-19 00:06:00,2026-08-05 02:59:59,BATCH_202602_RAW_FX_RATES_API
1771439400,EUR,INR,88.6957,MOCK_FX_API,2026-02-19 00:02:00,2026-08-05 02:59:59,BATCH_202602_RAW_FX_RATES_API
2026-02-19 00:00:00,SGD,INR,61.663,MOCK_FX_API,2026-02-19 02:33:00,2026-08-05 02:59:59,BATCH_202602_RAW_FX_RATES_API
2026-02-19 00:00:00,AED,INR,23.1517,MOCK_FX_API,2026-02-19 01:51:00,2026-08-05 02:59:59,BATCH_202602_RAW_FX_RATES_API
2026-02-20 00:00:00,USD,INR,90.4873,MOCK_FX_API,2026-02-20 00:56:00,2026-08-05 02:59:59,BATCH_202602_RAW_FX_RATES_API
2026-02-20 00:00:00,EUR,INR,88.4509,MOCK_FX_API,2026-02-20 02:31:00,2026-08-05 02:59:59,BATCH_202602_RAW_FX_RATES_API
2026-02-20 00:00:00,SGD,INR,61.6565,MOCK_FX_API,2026-02-20 02:33:00,2026-08-05 02:59:59,BATCH_202602_RAW_FX_RATES_API
2026-02-20 00:00:00,AED,INR,23.1313,MOCK_FX_API,2026-02-23 01:57:00,2026-08-05 02:59:59,BATCH_202602_RAW_FX_RATES_API
2026-02-23 00:00:00,USD,INR,90.9412,MOCK_FX_API,2026-02-23 02:46:00,2026-08-05 02:59:59,BATCH_202602_RAW_FX_RATES_API
2026-02-23 00:00:00,EUR,INR,88.7676,MOCK_FX_API,2026-02-23 01:52:00,2026-08-05 02:59:59,BATCH_202602_RAW_FX_RATES_API
2026-02-23 00:00:00,SGD,INR,61.8044,MOCK_FX_API,2026-02-23 01:25:00,2026-08-05 02:59:59,BATCH_202602_RAW_FX_RATES_API
2026-02-24 00:00:00,USD,INR,90.98,MOCK_FX_API,2026-02-24 02:53:00,2026-08-05 02:59:59,BATCH_202602_RAW_FX_RATES_API
2026-02-24 00:00:00,EUR,INR,88.7134,MOCK_FX_API,2026-02-24 02:26:00,2026-08-05 02:59:59,BATCH_202602_RAW_FX_RATES_API
2026-02-24 00:00:00,SGD,INR,61.8982,MOCK_FX_API,2026-02-24 00:16:00,2026-08-05 02:59:59,BATCH_202602_RAW_FX_RATES_API
2026-02-24 00:00:00,AED,INR,23.0989,MOCK_FX_API,2026-02-24 00:22:00,2026-08-05 02:59:59,BATCH_202602_RAW_FX_RATES_API
2026-02-25 00:00:00,USD,INR,91.0895,MOCK_FX_API,2026-02-25 00:02:00,2026-08-05 02:59:59,BATCH_202602_RAW_FX_RATES_API
2026-02-25 00:00:00,EUR,INR,88.7575,MOCK_FX_API,2026-02-25 02:05:00,2026-08-05 02:59:59,BATCH_202602_RAW_FX_RATES_API
2026-02-25 00:00:00,SGD,INR,61.9437,MOCK_FX_API,2026-02-25 02:08:00,2026-08-05 02:59:59,BATCH_202602_RAW_FX_RATES_API
2026-02-25 00:00:00,AED,INR,23.0336,MOCK_FX_API,2026-02-25 02:25:00,2026-08-05 02:59:59,BATCH_202602_RAW_FX_RATES_API
2026-02-26 00:00:00,USD,INR,90.9741,MOCK_FX_API,2026-02-26 02:33:00,2026-08-05 02:59:59,BATCH_202602_RAW_FX_RATES_API
2026-02-26 00:00:00, EUR ,INR,88.5366,MOCK_FX_API,2026-02-26 00:18:00,2026-08-05 02:59:59,BATCH_202602_RAW_FX_RATES_API
2026-02-26 00:00:00,SGD,INR,62.0489,MOCK_FX_API,2026-02-26 02:40:00,2026-08-05 02:59:59,BATCH_202602_RAW_FX_RATES_API
2026-02-26 00:00:00,AED,INR,22.9908,MOCK_FX_API,2026-02-26 00:20:00,2026-08-05 02:59:59,BATCH_202602_RAW_FX_RATES_API
2026-02-27 00:00:00,USD,INR,91.0045,MOCK_FX_API,2026-02-27 00:21:00,2026-08-05 02:59:59,BATCH_202602_RAW_FX_RATES_API
2026-02-27 00:00:00,EUR,INR,88.7655,MOCK_FX_API,2026-02-27 01:26:00,2026-08-05 02:59:59,BATCH_202602_RAW_FX_RATES_API
2026-02-27 00:00:00,SGD,INR,62.1295,MOCK_FX_API,2026-02-27 02:47:00,2026-08-05 02:59:59,BATCH_202602_RAW_FX_RATES_API
2026-02-27 00:00:00,AED,INR,22.995,MOCK_FX_API,2026-02-27 00:52:00,2026-08-05 02:59:59,BATCH_202602_RAW_FX_RATES_API
2026-03-02 00:00:00,USD,INR,90.8051,MOCK_FX_API,2026-03-02 01:12:00,2026-08-05 02:59:59,BATCH_202603_RAW_FX_RATES_API
2026-03-02 00:00:00,EUR,INR,88.715,MOCK_FX_API,2026-03-02 02:43:00,2026-08-05 02:59:59,BATCH_202603_RAW_FX_RATES_API
2026-03-02 00:00:00,SGD,INR,62.1355,MOCK_FX_API,2026-03-02 01:10:00,2026-08-05 02:59:59,BATCH_202603_RAW_FX_RATES_API
2026-03-02 00:00:00,AED,INR,22.928,MOCK_FX_API,2026-03-02 01:16:00,2026-08-05 02:59:59,BATCH_202603_RAW_FX_RATES_API
2026-03-03 00:00:00,USD,INR,90.8311,MOCK_FX_API,2026-03-08 02:13:00,2026-08-05 02:59:59,BATCH_202603_RAW_FX_RATES_API
2026-03-03 00:00:00,EUR,INR,89.0598,MOCK_FX_API,2026-03-03 01:15:00,2026-08-05 02:59:59,BATCH_202603_RAW_FX_RATES_API
2026-03-03T00:00:00Z,SGD,INR,62.2696,MOCK_FX_API,2026-03-03 00:57:00,2026-08-05 02:59:59,BATCH_202603_RAW_FX_RATES_API
2026-03-03 00:00:00,AED,INR,22.9145,MOCK_FX_API,2026-03-03 02:22:00,2026-08-05 02:59:59,BATCH_202603_RAW_FX_RATES_API
2026-03-04 00:00:00,USD,INR,90.9727,MOCK_FX_API,2026-03-04 01:49:00,2026-08-05 02:59:59,BATCH_202603_RAW_FX_RATES_API
2026-03-04 00:00:00,EUR,INR,89.085,MOCK_FX_API,2026-03-04 01:56:00,2026-08-05 02:59:59,BATCH_202603_RAW_FX_RATES_API
2026-03-04 00:00:00,SGD,INR,62.293,MOCK_FX_API,2026-03-04 02:14:00,2026-08-05 02:59:59,BATCH_202603_RAW_FX_RATES_API
2026-03-04 00:00:00,AED,INR,22.9759,MOCK_FX_API,2026-03-04 02:40:00,2026-08-05 02:59:59,BATCH_202603_RAW_FX_RATES_API
2026-03-05 00:00:00,USD,INR,90.863,MOCK_FX_API,2026-03-05 00:48:00,2026-08-05 02:59:59,BATCH_202603_RAW_FX_RATES_API
2026-03-05 00:00:00,EUR,INR,89.2396,MOCK_FX_API,2026-03-05 00:29:00,2026-08-05 02:59:59,BATCH_202603_RAW_FX_RATES_API
2026-03-05 00:00:00,SGD,INR,62.2266,MOCK_FX_API,2026-03-05 01:43:00,2026-08-05 02:59:59,BATCH_202603_RAW_FX_RATES_API
2026-03-05 00:00:00,AED,INR,22.9938,MOCK_FX_API,2026-03-05 00:56:00,2026-08-05 02:59:59,BATCH_202603_RAW_FX_RATES_API
2026-03-06 00:00:00,EUR,INR,89.2506,MOCK_FX_API,2026-03-06 02:43:00,2026-08-05 02:59:59,BATCH_202603_RAW_FX_RATES_API
2026-03-06 00:00:00,SGD,INR,62.4624,MOCK_FX_API,2026-03-06 02:52:00,2026-08-05 02:59:59,BATCH_202603_RAW_FX_RATES_API
2026-03-06 00:00:00,AED,INR,22.9689,MOCK_FX_API,2026-03-06 02:38:00,2026-08-05 02:59:59,BATCH_202603_RAW_FX_RATES_API
2026-03-09 00:00:00,USD,INR,91.2269,MOCK_FX_API,2026-03-12 02:58:00,2026-08-05 02:59:59,BATCH_202603_RAW_FX_RATES_API
2026-03-09 00:00:00,EUR,INR,89.2925,MOCK_FX_API,2026-03-09 00:28:00,2026-08-05 02:59:59,BATCH_202603_RAW_FX_RATES_API
2026-03-09 00:00:00,SGD,INR,62.3964,MOCK_FX_API,2026-03-09 01:56:00,2026-08-05 02:59:59,BATCH_202603_RAW_FX_RATES_API
2026-03-09 00:00:00,AED,INR,23.0397,MOCK_FX_API,2026-03-27 02:03:00,2026-08-05 02:59:59,BATCH_202603_RAW_FX_RATES_API
2026-03-10 00:00:00,USD,INR,91.2851,MOCK_FX_API,2026-03-10 01:25:00,2026-08-05 02:59:59,BATCH_202603_RAW_FX_RATES_API
2026-03-10 00:00:00,EUR,INR,89.407,MOCK_FX_API,2026-03-10 02:49:00,2026-08-05 02:59:59,BATCH_202603_RAW_FX_RATES_API
2026-03-10 00:00:00,SGD,INR,62.4575,MOCK_FX_API,2026-03-10 00:49:00,2026-08-05 02:59:59,BATCH_202603_RAW_FX_RATES_API
2026-03-10 00:00:00,AED,INR,23.0615,MOCK_FX_API,2026-03-10 01:05:00,2026-08-05 02:59:59,BATCH_202603_RAW_FX_RATES_API
2026-03-11 00:00:00,USD,INR,91.2218,MOCK_FX_API,2026-03-11 02:39:00,2026-08-05 02:59:59,BATCH_202603_RAW_FX_RATES_API
2026-03-11 00:00:00,EUR,INR,89.3097,MOCK_FX_API,2026-03-11 00:01:00,2026-08-05 02:59:59,BATCH_202603_RAW_FX_RATES_API
2026-03-11 00:00:00,SGD,INR,62.5265,MOCK_FX_API,2026-03-11 02:23:00,2026-08-05 02:59:59,BATCH_202603_RAW_FX_RATES_API
2026-03-11 00:00:00,AED,INR,23.07,MOCK_FX_API,2026-03-11 00:22:00,2026-08-05 02:59:59,BATCH_202603_RAW_FX_RATES_API
2026-03-12T00:00:00+05:30,USD,INR,91.3955,MOCK_FX_API,2026-03-12 00:13:00,2026-08-05 02:59:59,BATCH_202603_RAW_FX_RATES_API
2026-03-12 00:00:00,EUR,INR,89.4455,MOCK_FX_API,2026-03-12 00:51:00,2026-08-05 02:59:59,BATCH_202603_RAW_FX_RATES_API
2026-03-12 00:00:00,SGD,INR,62.6771,MOCK_FX_API,2026-03-12 02:13:00,2026-08-05 02:59:59,BATCH_202603_RAW_FX_RATES_API
2026-03-12 00:00:00,AED,INR,23.0609,MOCK_FX_API,2026-03-12 02:14:00,2026-08-05 02:59:59,BATCH_202603_RAW_FX_RATES_API
2026-03-13 00:00:00,USD,INR,91.3674,MOCK_FX_API,2026-03-13 00:50:00,2026-08-05 02:59:59,BATCH_202603_RAW_FX_RATES_API
2026-03-13 00:00:00,EUR,INR,89.4612,MOCK_FX_API,2026-03-13 02:32:00,2026-08-05 02:59:59,BATCH_202603_RAW_FX_RATES_API
2026-03-13 00:00:00,SGD,INR,62.6009,MOCK_FX_API,2026-03-13 02:47:00,2026-08-05 02:59:59,BATCH_202603_RAW_FX_RATES_API
2026-03-13 00:00:00,AED,INR,23.0872,MOCK_FX_API,2026-03-13 01:44:00,2026-08-05 02:59:59,BATCH_202603_RAW_FX_RATES_API
2026-03-16 00:00:00,USD,INR,91.7182,MOCK_FX_API,2026-03-16 01:27:00,2026-08-05 02:59:59,BATCH_202603_RAW_FX_RATES_API
2026-03-16 00:00:00,EUR,INR,89.8319,MOCK_FX_API,2026-03-16 02:20:00,2026-08-05 02:59:59,BATCH_202603_RAW_FX_RATES_API
2026-03-16 00:00:00,SGD,INR,62.3767,MOCK_FX_API,2026-03-16 01:04:00,2026-08-05 02:59:59,BATCH_202603_RAW_FX_RATES_API
03-16-2026,AED,INR,23.045,MOCK_FX_API,2026-03-16 02:43:00,2026-08-05 02:59:59,BATCH_202603_RAW_FX_RATES_API
2026-03-17 00:00:00,USD,INR,91.7496,MOCK_FX_API,2026-03-17 00:01:00,2026-08-05 02:59:59,BATCH_202603_RAW_FX_RATES_API
2026-03-17 00:00:00,EUR,INR,89.7148,MOCK_FX_API,2026-03-17 02:54:00,2026-08-05 02:59:59,BATCH_202603_RAW_FX_RATES_API
2026-03-17 00:00:00,SGD,INR,62.502,MOCK_FX_API,2026-03-17 00:56:00,2026-08-05 02:59:59,BATCH_202603_RAW_FX_RATES_API
2026-03-17 00:00:00,AED,INR,23.0859,MOCK_FX_API,2026-03-17 01:35:00,2026-08-05 02:59:59,BATCH_202603_RAW_FX_RATES_API
2026-03-18 00:00:00,USD,INR,91.8201,MOCK_FX_API,2026-03-18 00:07:00,2026-08-05 02:59:59,BATCH_202603_RAW_FX_RATES_API
2026-03-18 00:00:00,EUR,INR,89.653,MOCK_FX_API,2026-04-10 02:00:00,2026-08-05 02:59:59,BATCH_202603_RAW_FX_RATES_API
2026-03-18 00:00:00,SGD,INR,62.4132,MOCK_FX_API,2026-03-18 02:09:00,2026-08-05 02:59:59,BATCH_202603_RAW_FX_RATES_API
2026-03-18 00:00:00,AED,INR,23.0994,MOCK_FX_API,2026-03-18 00:03:00,2026-08-05 02:59:59,BATCH_202603_RAW_FX_RATES_API
2026-03-19 00:00:00,USD,INR,91.8982,MOCK_FX_API,2026-03-19 00:29:00,2026-08-05 02:59:59,BATCH_202603_RAW_FX_RATES_API
2026-03-19 00:00:00,EUR,INR,89.7042,MOCK_FX_API,2026-03-19 00:42:00,2026-08-05 02:59:59,BATCH_202603_RAW_FX_RATES_API
2026-03-19 00:00:00,SGD,INR,62.4038,MOCK_FX_API,2026-03-19 02:38:00,2026-08-05 02:59:59,BATCH_202603_RAW_FX_RATES_API
2026-03-19T00:00:00+05:30,AED,INR,23.1156,MOCK_FX_API,2026-03-19 00:58:00,2026-08-05 02:59:59,BATCH_202603_RAW_FX_RATES_API
2026-03-20 00:00:00,USD,INR,91.8499,MOCK_FX_API,2026-03-20 02:36:00,2026-08-05 02:59:59,BATCH_202603_RAW_FX_RATES_API
2026-03-20 00:00:00,EUR,INR,89.7641,MOCK_FX_API,2026-03-20 02:19:00,2026-08-05 02:59:59,BATCH_202603_RAW_FX_RATES_API
2026-03-20 00:00:00,SGD,INR,62.4384,MOCK_FX_API,2026-03-20 00:50:00,2026-08-05 02:59:59,BATCH_202603_RAW_FX_RATES_API
2026-03-20 00:00:00,AED,INR,23.1106,MOCK_FX_API,2026-03-20 02:14:00,2026-08-05 02:59:59,BATCH_202603_RAW_FX_RATES_API
2026-03-23 00:00:00,USD,INR,91.89,MOCK_FX_API,2026-03-23 00:17:00,2026-08-05 02:59:59,BATCH_202603_RAW_FX_RATES_API
2026-03-23 00:00:00,EUR,INR,90.0003,MOCK_FX_API,2026-03-23 00:49:00,2026-08-05 02:59:59,BATCH_202603_RAW_FX_RATES_API
2026-03-23 00:00:00,SGD,INR,62.3433,MOCK_FX_API,2026-03-23 02:25:00,2026-08-05 02:59:59,BATCH_202603_RAW_FX_RATES_API
2026-03-23 00:00:00,AED,INR,23.0973,MOCK_FX_API,2026-03-23 00:41:00,2026-08-05 02:59:59,BATCH_202603_RAW_FX_RATES_API
2026-03-24 00:00:00,USD,INR,91.7904,MOCK_FX_API,2026-03-24 01:49:00,2026-08-05 02:59:59,BATCH_202603_RAW_FX_RATES_API
2026-03-24 00:00:00,EUR,INR,90.1714,MOCK_FX_API,2026-03-24 01:35:00,2026-08-05 02:59:59,BATCH_202603_RAW_FX_RATES_API
2026-03-24 00:00:00,SGD,INR,62.3366,MOCK_FX_API,2026-03-24 02:38:00,2026-08-05 02:59:59,BATCH_202603_RAW_FX_RATES_API
2026-03-24 00:00:00,AED,INR,23.1661,MOCK_FX_API,2026-03-24 01:00:00,2026-08-05 02:59:59,BATCH_202603_RAW_FX_RATES_API
2026-03-25 00:00:00,USD,INR,91.8343,MOCK_FX_API,2026-03-25 01:08:00,2026-08-05 02:59:59,BATCH_202603_RAW_FX_RATES_API
2026-03-25 00:00:00,EUR,INR,90.1432,MOCK_FX_API,2026-03-25 01:07:00,2026-08-05 02:59:59,BATCH_202603_RAW_FX_RATES_API
2026-03-25T00:00:00Z,SGD,INR,62.3224,MOCK_FX_API,2026-03-25 01:41:00,2026-08-05 02:59:59,BATCH_202603_RAW_FX_RATES_API
2026-03-25 00:00:00,AED,INR,23.0979,MOCK_FX_API,2026-03-25 01:04:00,2026-08-05 02:59:59,BATCH_202603_RAW_FX_RATES_API
2026-03-26 00:00:00,USD,INR,91.8299,MOCK_FX_API,2026-03-26 02:14:00,2026-08-05 02:59:59,BATCH_202603_RAW_FX_RATES_API
2026-03-26 00:00:00,EUR,INR,90.2608,MOCK_FX_API,2026-03-26 01:57:00,2026-08-05 02:59:59,BATCH_202603_RAW_FX_RATES_API
2026-03-26 00:00:00,SGD,INR,62.2803,MOCK_FX_API,2026-03-26 02:11:00,2026-08-05 02:59:59,BATCH_202603_RAW_FX_RATES_API
2026-03-26 00:00:00,AED,INR,23.1033,MOCK_FX_API,2026-03-26 00:40:00,2026-08-05 02:59:59,BATCH_202603_RAW_FX_RATES_API
2026-03-27 00:00:00,EUR,INR,90.255,MOCK_FX_API,2026-03-27 01:13:00,2026-08-05 02:59:59,BATCH_202603_RAW_FX_RATES_API
2026-03-27 00:00:00,SGD,INR,62.2232,MOCK_FX_API,2026-03-27 02:12:00,2026-08-05 02:59:59,BATCH_202603_RAW_FX_RATES_API
2026-03-27 00:00:00,AED,INR,23.1387,MOCK_FX_API,2026-03-27 01:25:00,2026-08-05 02:59:59,BATCH_202603_RAW_FX_RATES_API
2026-03-30 00:00:00,USD,INR,91.804,MOCK_FX_API,2026-03-30 02:11:00,2026-08-05 02:59:59,BATCH_202603_RAW_FX_RATES_API
2026-03-30 00:00:00,EUR,INR,90.3316,MOCK_FX_API,2026-03-30 01:19:00,2026-08-05 02:59:59,BATCH_202603_RAW_FX_RATES_API
2026-03-30 00:00:00,SGD,INR,62.6523,MOCK_FX_API,2026-03-30 00:45:00,2026-08-05 02:59:59,BATCH_202603_RAW_FX_RATES_API
2026-03-30 00:00:00,AED,INR,23.0977,MOCK_FX_API,2026-03-30 02:01:00,2026-08-05 02:59:59,BATCH_202603_RAW_FX_RATES_API
31/03/2026,USD,INR,91.7826,MOCK_FX_API,2026-03-31 01:28:00,2026-08-05 02:59:59,BATCH_202603_RAW_FX_RATES_API
2026-03-31 00:00:00,EUR,INR,90.1029,MOCK_FX_API,2026-04-22 01:54:00,2026-08-05 02:59:59,BATCH_202603_RAW_FX_RATES_API
2026-03-31 00:00:00,SGD,INR,62.9316,MOCK_FX_API,2026-03-31 02:07:00,2026-08-05 02:59:59,BATCH_202603_RAW_FX_RATES_API
2026-03-31 00:00:00,AED,INR,23.1139,MOCK_FX_API,2026-03-31 01:38:00,2026-08-05 02:59:59,BATCH_202603_RAW_FX_RATES_API
2026-04-01 00:00:00,USD,INR,91.6623,MOCK_FX_API,2026-04-01 00:35:00,2026-08-05 02:59:59,BATCH_202604_RAW_FX_RATES_API
2026-04-01 00:00:00,EUR,INR,90.0325,MOCK_FX_API,2026-04-01 00:54:00,2026-08-05 02:59:59,BATCH_202604_RAW_FX_RATES_API
2026-04-01 00:00:00,SGD,INR,63.0383,MOCK_FX_API,2026-04-01 02:20:00,2026-08-05 02:59:59,BATCH_202604_RAW_FX_RATES_API
2026-04-01 00:00:00,AED,INR,22.978,MOCK_FX_API,2026-04-01 00:35:00,2026-08-05 02:59:59,BATCH_202604_RAW_FX_RATES_API
2026-04-02 00:00:00,USD,INR,91.5086,MOCK_FX_API,2026-04-02 02:13:00,2026-08-05 02:59:59,BATCH_202604_RAW_FX_RATES_API
2026-04-02 00:00:00,EUR,INR,89.9226,MOCK_FX_API,2026-04-02 02:15:00,2026-08-05 02:59:59,BATCH_202604_RAW_FX_RATES_API
2026-04-02 00:00:00,SGD,INR,62.8494,MOCK_FX_API,2026-04-02 01:01:00,2026-08-05 02:59:59,BATCH_202604_RAW_FX_RATES_API
2026-04-02 00:00:00,AED,INR,23.0054,MOCK_FX_API,2026-04-02 00:53:00,2026-08-05 02:59:59,BATCH_202604_RAW_FX_RATES_API
2026-04-03 00:00:00,USD,INR,91.3877,MOCK_FX_API,2026-04-03 01:59:00,2026-08-05 02:59:59,BATCH_202604_RAW_FX_RATES_API
2026-04-03 00:00:00,EUR,INR,89.8774,MOCK_FX_API,2026-04-03 02:55:00,2026-08-05 02:59:59,BATCH_202604_RAW_FX_RATES_API
03/04/2026,SGD,INR,62.9303,MOCK_FX_API,2026-04-03 00:50:00,2026-08-05 02:59:59,BATCH_202604_RAW_FX_RATES_API
2026-04-03 00:00:00,AED,INR,23.0142,MOCK_FX_API,2026-04-08 02:01:00,2026-08-05 02:59:59,BATCH_202604_RAW_FX_RATES_API
2026-04-06 00:00:00,USD,INR,91.4957,MOCK_FX_API,2026-04-06 00:41:00,2026-08-05 02:59:59,BATCH_202604_RAW_FX_RATES_API
2026-04-06 00:00:00,EUR,INR,89.8896,MOCK_FX_API,2026-04-06 00:52:00,2026-08-05 02:59:59,BATCH_202604_RAW_FX_RATES_API
2026-04-06 00:00:00,SGD,INR,63.0044,MOCK_FX_API,2026-04-06 02:05:00,2026-08-05 02:59:59,BATCH_202604_RAW_FX_RATES_API
2026-04-06 00:00:00,AED,INR,23.005,MOCK_FX_API,2026-04-06 00:50:00,2026-08-05 02:59:59,BATCH_202604_RAW_FX_RATES_API
2026-04-07 00:00:00,USD,INR,91.3233,MOCK_FX_API,2026-04-07 00:28:00,2026-08-05 02:59:59,BATCH_202604_RAW_FX_RATES_API
07/04/2026,EUR,INR,89.8647,MOCK_FX_API,2026-04-07 01:50:00,2026-08-05 02:59:59,BATCH_202604_RAW_FX_RATES_API
2026-04-07 00:00:00,SGD,INR,62.9984,MOCK_FX_API,2026-04-07 02:28:00,2026-08-05 02:59:59,BATCH_202604_RAW_FX_RATES_API
2026-04-07 00:00:00,AED,INR,22.9601,MOCK_FX_API,2026-04-07 00:58:00,2026-08-05 02:59:59,BATCH_202604_RAW_FX_RATES_API
2026-04-08 00:00:00,USD,INR,91.0448,MOCK_FX_API,2026-04-08 02:37:00,2026-08-05 02:59:59,BATCH_202604_RAW_FX_RATES_API
2026-04-08 00:00:00,EUR,INR,89.7076,MOCK_FX_API,2026-04-08 02:33:00,2026-08-05 02:59:59,BATCH_202604_RAW_FX_RATES_API
2026-04-08 00:00:00,SGD,INR,62.7967,MOCK_FX_API,2026-04-08 00:08:00,2026-08-05 02:59:59,BATCH_202604_RAW_FX_RATES_API
2026-04-08 00:00:00,AED,INR,22.939,MOCK_FX_API,2026-04-08 00:57:00,2026-08-05 02:59:59,BATCH_202604_RAW_FX_RATES_API
2026-04-09 00:00:00,USD,INR,91.1155,MOCK_FX_API,2026-04-09 01:54:00,2026-08-05 02:59:59,BATCH_202604_RAW_FX_RATES_API
2026-04-09 00:00:00,EUR,INR,89.8557,MOCK_FX_API,2026-04-09 02:21:00,2026-08-05 02:59:59,BATCH_202604_RAW_FX_RATES_API
2026-04-09 00:00:00,SGD,INR,62.9535,MOCK_FX_API,2026-04-09 00:17:00,2026-08-05 02:59:59,BATCH_202604_RAW_FX_RATES_API
2026-04-09 00:00:00,AED,INR,22.9172,MOCK_FX_API,2026-04-09 00:21:00,2026-08-05 02:59:59,BATCH_202604_RAW_FX_RATES_API
2026-04-10 00:00:00,USD,INR,90.943,MOCK_FX_API,2026-04-10 00:25:00,2026-08-05 02:59:59,BATCH_202604_RAW_FX_RATES_API
2026-04-10 00:00:00,EUR,INR,89.8561,MOCK_FX_API,2026-04-10 02:23:00,2026-08-05 02:59:59,BATCH_202604_RAW_FX_RATES_API
2026-04-10 00:00:00,SGD,INR,62.7436,MOCK_FX_API,2026-04-10 00:38:00,2026-08-05 02:59:59,BATCH_202604_RAW_FX_RATES_API
2026-04-10 00:00:00,AED,INR,22.8873,MOCK_FX_API,2026-04-10 00:22:00,2026-08-05 02:59:59,BATCH_202604_RAW_FX_RATES_API
2026-04-13 00:00:00,USD,INR,91.0002,MOCK_FX_API,2026-04-13 02:17:00,2026-08-05 02:59:59,BATCH_202604_RAW_FX_RATES_API
2026-04-13 00:00:00,EUR,INR,89.9847,MOCK_FX_API,2026-04-13 01:40:00,2026-08-05 02:59:59,BATCH_202604_RAW_FX_RATES_API
2026-04-13 00:00:00,SGD,INR,62.5457,MOCK_FX_API,2026-04-13 00:35:00,2026-08-05 02:59:59,BATCH_202604_RAW_FX_RATES_API
2026-04-13 00:00:00,AED,INR,22.8979,MOCK_FX_API,2026-04-13 02:35:00,2026-08-05 02:59:59,BATCH_202604_RAW_FX_RATES_API
2026-04-14 00:00:00,USD,INR,91.0801,MOCK_FX_API,2026-04-14 01:14:00,2026-08-05 02:59:59,BATCH_202604_RAW_FX_RATES_API
2026-04-14 00:00:00,EUR,INR,89.951,MOCK_FX_API,2026-04-14 02:54:00,2026-08-05 02:59:59,BATCH_202604_RAW_FX_RATES_API
2026-04-14 00:00:00,SGD,INR,62.6754,MOCK_FX_API,2026-04-14 00:24:00,2026-08-05 02:59:59,BATCH_202604_RAW_FX_RATES_API
04-15-2026,USD,INR,91.0153,MOCK_FX_API,2026-04-15 01:16:00,2026-08-05 02:59:59,BATCH_202604_RAW_FX_RATES_API
2026-04-15 00:00:00,EUR,INR,90.045,MOCK_FX_API,2026-04-15 01:47:00,2026-08-05 02:59:59,BATCH_202604_RAW_FX_RATES_API
2026-04-15 00:00:00,SGD,INR,62.7578,MOCK_FX_API,2026-04-15 02:14:00,2026-08-05 02:59:59,BATCH_202604_RAW_FX_RATES_API
2026-04-15 00:00:00,AED,INR,22.8772,MOCK_FX_API,2026-04-15 02:29:00,2026-08-05 02:59:59,BATCH_202604_RAW_FX_RATES_API
2026-04-16 00:00:00,USD,INR,91.0289,MOCK_FX_API,2026-04-19 00:45:00,2026-08-05 02:59:59,BATCH_202604_RAW_FX_RATES_API
2026-04-16T00:00:00Z,EUR,INR,90.0333,MOCK_FX_API,2026-04-16 00:09:00,2026-08-05 02:59:59,BATCH_202604_RAW_FX_RATES_API
2026-04-16 00:00:00,SGD,INR,63.0007,MOCK_FX_API,2026-04-16 02:29:00,2026-08-05 02:59:59,BATCH_202604_RAW_FX_RATES_API
2026-04-16 00:00:00,AED,INR,22.9034,MOCK_FX_API,2026-04-16 01:11:00,2026-08-05 02:59:59,BATCH_202604_RAW_FX_RATES_API
2026-04-17 00:00:00,USD,INR,90.9802,MOCK_FX_API,2026-04-17 02:10:00,2026-08-05 02:59:59,BATCH_202604_RAW_FX_RATES_API
2026-04-17 00:00:00,EUR,INR,90.0919,MOCK_FX_API,2026-04-17 01:23:00,2026-08-05 02:59:59,BATCH_202604_RAW_FX_RATES_API
2026-04-17 00:00:00,SGD,INR,63.1942,MOCK_FX_API,2026-04-17 01:02:00,2026-08-05 02:59:59,BATCH_202604_RAW_FX_RATES_API
2026-04-17 00:00:00,AED,INR,22.8623,MOCK_FX_API,2026-04-17 01:12:00,2026-08-05 02:59:59,BATCH_202604_RAW_FX_RATES_API
2026-04-20 00:00:00,USD,INR,91.0566,MOCK_FX_API,2026-04-20 00:30:00,2026-08-05 02:59:59,BATCH_202604_RAW_FX_RATES_API
2026-04-20 00:00:00,EUR,INR,90.4162,MOCK_FX_API,2026-04-20 02:29:00,2026-08-05 02:59:59,BATCH_202604_RAW_FX_RATES_API
2026-04-20 00:00:00,SGD,INR,63.1997,MOCK_FX_API,2026-04-20 02:06:00,2026-08-05 02:59:59,BATCH_202604_RAW_FX_RATES_API
2026-04-20 00:00:00,AED,INR,22.8309,MOCK_FX_API,2026-05-05 01:05:00,2026-08-05 02:59:59,BATCH_202604_RAW_FX_RATES_API
2026-04-21 00:00:00,USD,INR,90.8878,MOCK_FX_API,2026-04-21 00:53:00,2026-08-05 02:59:59,BATCH_202604_RAW_FX_RATES_API
2026-04-21 00:00:00,EUR,INR,90.6201,MOCK_FX_API,2026-04-21 00:36:00,2026-08-05 02:59:59,BATCH_202604_RAW_FX_RATES_API
2026-04-21 00:00:00,SGD,INR,63.2055,MOCK_FX_API,2026-04-21 02:40:00,2026-08-05 02:59:59,BATCH_202604_RAW_FX_RATES_API
2026-04-21 00:00:00,AED,INR,22.8599,MOCK_FX_API,2026-04-21 01:05:00,2026-08-05 02:59:59,BATCH_202604_RAW_FX_RATES_API
2026-04-22 00:00:00,USD,INR,90.8409,MOCK_FX_API,2026-04-22 00:29:00,2026-08-05 02:59:59,BATCH_202604_RAW_FX_RATES_API
2026-04-22 00:00:00,EUR, INR ,90.3311,MOCK_FX_API,2026-04-22 00:41:00,2026-08-05 02:59:59,BATCH_202604_RAW_FX_RATES_API
2026-04-22 00:00:00,SGD,INR,63.1479,MOCK_FX_API,2026-04-22 00:20:00,2026-08-05 02:59:59,BATCH_202604_RAW_FX_RATES_API
2026-04-22 00:00:00,AED,INR,22.8185,MOCK_FX_API,2026-04-22 00:13:00,2026-08-05 02:59:59,BATCH_202604_RAW_FX_RATES_API
2026-04-23 00:00:00,USD,INR,90.8502,MOCK_FX_API,2026-04-23 00:18:00,2026-08-05 02:59:59,BATCH_202604_RAW_FX_RATES_API
04-23-2026,EUR,INR,90.4697,MOCK_FX_API,2026-04-23 00:07:00,2026-08-05 02:59:59,BATCH_202604_RAW_FX_RATES_API
2026-04-23 00:00:00,SGD,INR,63.1385,MOCK_FX_API,2026-04-23 00:18:00,2026-08-05 02:59:59,BATCH_202604_RAW_FX_RATES_API
2026-04-23 00:00:00,AED,INR,22.7655,MOCK_FX_API,2026-04-23 02:11:00,2026-08-05 02:59:59,BATCH_202604_RAW_FX_RATES_API
2026-04-24 00:00:00,USD,INR,90.7912,MOCK_FX_API,2026-04-24 01:16:00,2026-08-05 02:59:59,BATCH_202604_RAW_FX_RATES_API
2026-04-24 00:00:00,EUR,INR,90.4979,MOCK_FX_API,2026-04-24 02:43:00,2026-08-05 02:59:59,BATCH_202604_RAW_FX_RATES_API
2026-04-24 00:00:00,SGD,INR,63.1425,MOCK_FX_API,2026-04-24 02:29:00,2026-08-05 02:59:59,BATCH_202604_RAW_FX_RATES_API
2026-04-24 00:00:00,AED,INR,22.7481,MOCK_FX_API,2026-04-24 00:37:00,2026-08-05 02:59:59,BATCH_202604_RAW_FX_RATES_API
2026-04-27 00:00:00,USD,INR,90.6457,MOCK_FX_API,2026-04-27 02:08:00,2026-08-05 02:59:59,BATCH_202604_RAW_FX_RATES_API
2026-04-27 00:00:00,EUR,INR,90.7746,MOCK_FX_API,2026-04-27 02:09:00,2026-08-05 02:59:59,BATCH_202604_RAW_FX_RATES_API
2026-04-27 00:00:00,SGD,INR,63.2796,MOCK_FX_API,2026-04-27 02:18:00,2026-08-05 02:59:59,BATCH_202604_RAW_FX_RATES_API
2026-04-28 00:00:00,USD,INR,90.4874,MOCK_FX_API,2026-04-28 00:17:00,2026-08-05 02:59:59,BATCH_202604_RAW_FX_RATES_API
2026-04-28 00:00:00,EUR,INR,90.8909,MOCK_FX_API,2026-05-26 02:28:00,2026-08-05 02:59:59,BATCH_202604_RAW_FX_RATES_API
2026-04-28 00:00:00,SGD,INR,63.2356,MOCK_FX_API,2026-04-28 00:10:00,2026-08-05 02:59:59,BATCH_202604_RAW_FX_RATES_API
2026-04-28 00:00:00,AED,INR,22.7802,MOCK_FX_API,2026-04-28 00:52:00,2026-08-05 02:59:59,BATCH_202604_RAW_FX_RATES_API
2026-04-29 00:00:00,USD,INR,90.444,MOCK_FX_API,2026-04-29 02:59:00,2026-08-05 02:59:59,BATCH_202604_RAW_FX_RATES_API
2026-04-29 00:00:00,EUR,INR,90.7493,MOCK_FX_API,2026-04-29 00:07:00,2026-08-05 02:59:59,BATCH_202604_RAW_FX_RATES_API
2026-04-29 00:00:00,SGD,INR,63.273,MOCK_FX_API,2026-05-26 00:52:00,2026-08-05 02:59:59,BATCH_202604_RAW_FX_RATES_API
2026-04-29 00:00:00,AED,INR,22.7762,MOCK_FX_API,2026-04-29 02:31:00,2026-08-05 02:59:59,BATCH_202604_RAW_FX_RATES_API
2026-04-30 00:00:00,USD,INR,90.3005,MOCK_FX_API,2026-04-30 00:20:00,2026-08-05 02:59:59,BATCH_202604_RAW_FX_RATES_API
2026-04-30 00:00:00,EUR,INR,90.507,MOCK_FX_API,2026-04-30 00:39:00,2026-08-05 02:59:59,BATCH_202604_RAW_FX_RATES_API
2026-04-30 00:00:00,SGD,INR,63.3151,MOCK_FX_API,2026-04-30 01:01:00,2026-08-05 02:59:59,BATCH_202604_RAW_FX_RATES_API
2026-04-30 00:00:00,AED,INR,22.7574,MOCK_FX_API,2026-04-30 02:29:00,2026-08-05 02:59:59,BATCH_202604_RAW_FX_RATES_API
2026-05-01 00:00:00,USD,INR,90.355,MOCK_FX_API,2026-05-01 01:30:00,2026-08-05 02:59:59,BATCH_202605_RAW_FX_RATES_API
2026-05-01 00:00:00,EUR,INR,90.5474,MOCK_FX_API,2026-05-01 00:12:00,2026-08-05 02:59:59,BATCH_202605_RAW_FX_RATES_API
2026-05-01 00:00:00,SGD,INR,63.3731,MOCK_FX_API,2026-05-02 00:21:00,2026-08-05 02:59:59,BATCH_202605_RAW_FX_RATES_API
2026-05-01 00:00:00,AED,INR,22.7528,MOCK_FX_API,2026-05-01 02:35:00,2026-08-05 02:59:59,BATCH_202605_RAW_FX_RATES_API
2026-05-04 00:00:00,USD,INR,90.4825,MOCK_FX_API,2026-05-04 01:15:00,2026-08-05 02:59:59,BATCH_202605_RAW_FX_RATES_API
2026-05-04 00:00:00,EUR,INR,90.6166,MOCK_FX_API,2026-05-04 00:58:00,2026-08-05 02:59:59,BATCH_202605_RAW_FX_RATES_API
2026-05-04 00:00:00,SGD,INR,63.5435,MOCK_FX_API,2026-05-04 02:47:00,2026-08-05 02:59:59,BATCH_202605_RAW_FX_RATES_API
2026-05-04 00:00:00,AED,INR,22.8097,MOCK_FX_API,2026-05-04 02:22:00,2026-08-05 02:59:59,BATCH_202605_RAW_FX_RATES_API
2026-05-05 00:00:00,USD,INR,90.4619,MOCK_FX_API,2026-05-05 01:17:00,2026-08-05 02:59:59,BATCH_202605_RAW_FX_RATES_API
2026-05-05 00:00:00,EUR,INR,90.661,MOCK_FX_API,2026-05-05 02:07:00,2026-08-05 02:59:59,BATCH_202605_RAW_FX_RATES_API
2026-05-05 00:00:00,SGD,INR,63.432,MOCK_FX_API,2026-05-05 01:13:00,2026-08-05 02:59:59,BATCH_202605_RAW_FX_RATES_API
2026-05-05 00:00:00,AED,INR,22.8326,MOCK_FX_API,2026-05-05 01:51:00,2026-08-05 02:59:59,BATCH_202605_RAW_FX_RATES_API
2026-05-06 00:00:00,USD,INR,90.356,MOCK_FX_API,2026-05-06 00:55:00,2026-08-05 02:59:59,BATCH_202605_RAW_FX_RATES_API
2026-05-06 00:00:00,EUR,INR,90.7275,MOCK_FX_API,2026-05-25 01:38:00,2026-08-05 02:59:59,BATCH_202605_RAW_FX_RATES_API
2026-05-06 00:00:00,SGD,INR,63.4427,MOCK_FX_API,2026-05-06 02:54:00,2026-08-05 02:59:59,BATCH_202605_RAW_FX_RATES_API
2026-05-06 00:00:00,AED,INR,22.8264,MOCK_FX_API,2026-05-06 00:05:00,2026-08-05 02:59:59,BATCH_202605_RAW_FX_RATES_API
2026-05-07 00:00:00,USD,INR,90.4905,MOCK_FX_API,2026-05-07 02:06:00,2026-08-05 02:59:59,BATCH_202605_RAW_FX_RATES_API
2026-05-07 00:00:00,EUR,INR,90.9033,MOCK_FX_API,2026-05-07 02:08:00,2026-08-05 02:59:59,BATCH_202605_RAW_FX_RATES_API
2026-05-07 00:00:00,SGD,INR,63.5952,MOCK_FX_API,2026-05-07 02:58:00,2026-08-05 02:59:59,BATCH_202605_RAW_FX_RATES_API
2026-05-07 00:00:00,AED,INR,22.7345,MOCK_FX_API,2026-05-07 00:44:00,2026-08-05 02:59:59,BATCH_202605_RAW_FX_RATES_API
2026-05-08 00:00:00,USD,INR,90.6609,MOCK_FX_API,2026-05-08 02:49:00,2026-08-05 02:59:59,BATCH_202605_RAW_FX_RATES_API
2026-05-08 00:00:00,EUR,INR,90.9338,MOCK_FX_API,2026-05-08 01:37:00,2026-08-05 02:59:59,BATCH_202605_RAW_FX_RATES_API
2026-05-08 00:00:00,SGD,INR,63.5947,MOCK_FX_API,2026-05-08 01:16:00,2026-08-05 02:59:59,BATCH_202605_RAW_FX_RATES_API
2026-05-08 00:00:00,AED,INR,22.8032,MOCK_FX_API,2026-05-08 02:01:00,2026-08-05 02:59:59,BATCH_202605_RAW_FX_RATES_API
2026-05-11 00:00:00,USD,INR,90.519,MOCK_FX_API,2026-05-11 02:03:00,2026-08-05 02:59:59,BATCH_202605_RAW_FX_RATES_API
2026-05-11 00:00:00,SGD,INR,63.5305,MOCK_FX_API,2026-05-11 02:18:00,2026-08-05 02:59:59,BATCH_202605_RAW_FX_RATES_API
2026-05-11 00:00:00,AED,INR,22.7983,MOCK_FX_API,2026-05-11 01:07:00,2026-08-05 02:59:59,BATCH_202605_RAW_FX_RATES_API
2026-05-12 00:00:00,USD,INR,90.3703,MOCK_FX_API,2026-05-12 01:37:00,2026-08-05 02:59:59,BATCH_202605_RAW_FX_RATES_API
2026-05-12 00:00:00,EUR,INR,91.3336,MOCK_FX_API,2026-05-12 02:12:00,2026-08-05 02:59:59,BATCH_202605_RAW_FX_RATES_API
2026-05-12 00:00:00,SGD,INR,63.5068,MOCK_FX_API,2026-05-12 03:00:00,2026-08-05 02:59:59,BATCH_202605_RAW_FX_RATES_API
2026-05-12 00:00:00,AED,INR,22.8187,MOCK_FX_API,2026-05-12 02:17:00,2026-08-05 02:59:59,BATCH_202605_RAW_FX_RATES_API
2026-05-13 00:00:00, USD ,INR,90.3104,MOCK_FX_API,2026-05-13 01:41:00,2026-08-05 02:59:59,BATCH_202605_RAW_FX_RATES_API
2026-05-13 00:00:00,EUR,INR,91.4257,MOCK_FX_API,2026-05-13 01:17:00,2026-08-05 02:59:59,BATCH_202605_RAW_FX_RATES_API
2026-05-13 00:00:00,SGD,INR,63.6252,MOCK_FX_API,2026-05-13 02:21:00,2026-08-05 02:59:59,BATCH_202605_RAW_FX_RATES_API
2026-05-13 00:00:00,AED,INR,22.7945,MOCK_FX_API,2026-05-13 01:03:00,2026-08-05 02:59:59,BATCH_202605_RAW_FX_RATES_API
2026-05-14 00:00:00,USD,INR,90.4289,MOCK_FX_API,2026-05-14 01:45:00,2026-08-05 02:59:59,BATCH_202605_RAW_FX_RATES_API
2026-05-14 00:00:00,EUR,INR,91.4769,MOCK_FX_API,2026-05-14 01:32:00,2026-08-05 02:59:59,BATCH_202605_RAW_FX_RATES_API
2026-05-14 00:00:00,SGD,INR,63.6692,MOCK_FX_API,2026-05-14 02:18:00,2026-08-05 02:59:59,BATCH_202605_RAW_FX_RATES_API
2026-05-14 00:00:00,AED,INR,22.7546,MOCK_FX_API,2026-05-18 02:03:00,2026-08-05 02:59:59,BATCH_202605_RAW_FX_RATES_API
2026-05-15 00:00:00,USD,INR,90.5932,MOCK_FX_API,2026-05-15 02:04:00,2026-08-05 02:59:59,BATCH_202605_RAW_FX_RATES_API
2026-05-15 00:00:00,EUR,INR,91.6555,MOCK_FX_API,2026-05-15 02:19:00,2026-08-05 02:59:59,BATCH_202605_RAW_FX_RATES_API
2026-05-15 00:00:00,SGD,INR,63.5228,MOCK_FX_API,2026-05-15 01:01:00,2026-08-05 02:59:59,BATCH_202605_RAW_FX_RATES_API
2026-05-15 00:00:00,AED,INR,22.7817,MOCK_FX_API,2026-05-19 02:21:00,2026-08-05 02:59:59,BATCH_202605_RAW_FX_RATES_API
2026-05-18 00:00:00,USD,INR,90.9498,MOCK_FX_API,2026-05-18 02:31:00,2026-08-05 02:59:59,BATCH_202605_RAW_FX_RATES_API
2026-05-18 00:00:00,EUR,INR,91.5744,MOCK_FX_API,2026-05-18 01:19:00,2026-08-05 02:59:59,BATCH_202605_RAW_FX_RATES_API
2026-05-18 00:00:00,SGD,INR,63.8889,MOCK_FX_API,2026-05-18 02:40:00,2026-08-05 02:59:59,BATCH_202605_RAW_FX_RATES_API
2026-05-18 00:00:00,AED,INR,22.8616,MOCK_FX_API,2026-05-18 00:33:00,2026-08-05 02:59:59,BATCH_202605_RAW_FX_RATES_API
2026-05-19 00:00:00,USD,INR,90.9051,MOCK_FX_API,2026-05-19 00:32:00,2026-08-05 02:59:59,BATCH_202605_RAW_FX_RATES_API
2026-05-19 00:00:00,EUR,INR,91.6367,MOCK_FX_API,2026-05-19 00:00:00,2026-08-05 02:59:59,BATCH_202605_RAW_FX_RATES_API
2026-05-19 00:00:00,SGD,INR,63.6913,MOCK_FX_API,2026-05-19 02:28:00,2026-08-05 02:59:59,BATCH_202605_RAW_FX_RATES_API
2026-05-19 00:00:00,AED,INR,22.8485,MOCK_FX_API,2026-05-19 02:18:00,2026-08-05 02:59:59,BATCH_202605_RAW_FX_RATES_API
2026-05-20 00:00:00,USD,INR,90.9848,MOCK_FX_API,2026-05-20 02:45:00,2026-08-05 02:59:59,BATCH_202605_RAW_FX_RATES_API
2026-05-20 00:00:00,EUR,INR,91.5546,MOCK_FX_API,2026-05-20 01:48:00,2026-08-05 02:59:59,BATCH_202605_RAW_FX_RATES_API
2026-05-20 00:00:00,SGD,INR,63.634,MOCK_FX_API,2026-05-20 02:44:00,2026-08-05 02:59:59,BATCH_202605_RAW_FX_RATES_API
2026-05-20 00:00:00,AED,INR,22.8264,MOCK_FX_API,2026-05-20 00:22:00,2026-08-05 02:59:59,BATCH_202605_RAW_FX_RATES_API
2026-05-21 00:00:00,USD,INR,91.0055,MOCK_FX_API,2026-05-21 02:40:00,2026-08-05 02:59:59,BATCH_202605_RAW_FX_RATES_API
2026-05-21 00:00:00,EUR,INR,91.8546,MOCK_FX_API,2026-05-21 00:16:00,2026-08-05 02:59:59,BATCH_202605_RAW_FX_RATES_API
2026-05-21 00:00:00,SGD,INR,63.7305,MOCK_FX_API,2026-05-21 00:10:00,2026-08-05 02:59:59,BATCH_202605_RAW_FX_RATES_API
2026-05-21 00:00:00,AED,INR,22.812,MOCK_FX_API,2026-05-21 00:34:00,2026-08-05 02:59:59,BATCH_202605_RAW_FX_RATES_API
2026-05-22 00:00:00,USD,INR,91.0888,MOCK_FX_API,2026-05-22 02:20:00,2026-08-05 02:59:59,BATCH_202605_RAW_FX_RATES_API
2026-05-22 00:00:00,EUR,INR,92.1065,MOCK_FX_API,2026-05-22 02:08:00,2026-08-05 02:59:59,BATCH_202605_RAW_FX_RATES_API
2026-05-22 00:00:00,SGD,INR,63.7049,MOCK_FX_API,2026-05-22 02:31:00,2026-08-05 02:59:59,BATCH_202605_RAW_FX_RATES_API
2026-05-22 00:00:00,AED,INR,22.8033,MOCK_FX_API,2026-05-22 01:49:00,2026-08-05 02:59:59,BATCH_202605_RAW_FX_RATES_API
2026-05-25T00:00:00+05:30,USD,INR,91.2981,MOCK_FX_API,2026-05-25 02:15:00,2026-08-05 02:59:59,BATCH_202605_RAW_FX_RATES_API
2026-05-25 00:00:00,EUR,INR,92.6599,MOCK_FX_API,2026-05-25 03:00:00,2026-08-05 02:59:59,BATCH_202605_RAW_FX_RATES_API
2026-05-25 00:00:00,SGD,INR,63.6751,MOCK_FX_API,2026-06-04 01:23:00,2026-08-05 02:59:59,BATCH_202605_RAW_FX_RATES_API
2026-05-25 00:00:00,AED,INR,22.7847,MOCK_FX_API,2026-05-25 02:14:00,2026-08-05 02:59:59,BATCH_202605_RAW_FX_RATES_API
2026-05-26 00:00:00,USD,INR,91.3094,MOCK_FX_API,2026-05-26 02:19:00,2026-08-05 02:59:59,BATCH_202605_RAW_FX_RATES_API
2026-05-26 00:00:00,EUR,INR,92.6198,MOCK_FX_API,2026-05-26 02:56:00,2026-08-05 02:59:59,BATCH_202605_RAW_FX_RATES_API
2026-05-26 00:00:00,SGD,INR,63.7282,MOCK_FX_API,2026-05-26 00:41:00,2026-08-05 02:59:59,BATCH_202605_RAW_FX_RATES_API
2026-05-26 00:00:00,AED,INR,22.7423,MOCK_FX_API,2026-05-30 02:59:00,2026-08-05 02:59:59,BATCH_202605_RAW_FX_RATES_API
2026-05-27 00:00:00,USD,INR,91.2722,MOCK_FX_API,2026-05-27 02:47:00,2026-08-05 02:59:59,BATCH_202605_RAW_FX_RATES_API
2026-05-27 00:00:00,EUR,INR,92.6876,MOCK_FX_API,2026-05-27 01:22:00,2026-08-05 02:59:59,BATCH_202605_RAW_FX_RATES_API
2026-05-27 00:00:00,SGD,INR,63.7895,MOCK_FX_API,2026-05-27 00:06:00,2026-08-05 02:59:59,BATCH_202605_RAW_FX_RATES_API
2026-05-27 00:00:00,AED,INR,22.7414,MOCK_FX_API,2026-05-27 01:17:00,2026-08-05 02:59:59,BATCH_202605_RAW_FX_RATES_API
2026-05-28 00:00:00,USD,INR,91.3853,MOCK_FX_API,2026-05-28 01:23:00,2026-08-05 02:59:59,BATCH_202605_RAW_FX_RATES_API
2026-05-28 00:00:00,EUR,INR,92.3621,MOCK_FX_API,2026-05-28 01:58:00,2026-08-05 02:59:59,BATCH_202605_RAW_FX_RATES_API
2026-05-28 00:00:00,SGD,INR,63.7877,MOCK_FX_API,2026-05-28 00:01:00,2026-08-05 02:59:59,BATCH_202605_RAW_FX_RATES_API
28/05/2026,AED,INR,22.7156,MOCK_FX_API,2026-05-28 02:00:00,2026-08-05 02:59:59,BATCH_202605_RAW_FX_RATES_API
2026-05-29 00:00:00,USD,INR,91.4752,MOCK_FX_API,2026-05-29 00:48:00,2026-08-05 02:59:59,BATCH_202605_RAW_FX_RATES_API
2026-05-29 00:00:00,EUR,INR,92.4357,MOCK_FX_API,2026-05-29 00:08:00,2026-08-05 02:59:59,BATCH_202605_RAW_FX_RATES_API
2026-05-29 00:00:00,SGD,INR,63.9546,MOCK_FX_API,2026-05-29 02:38:00,2026-08-05 02:59:59,BATCH_202605_RAW_FX_RATES_API
2026-05-29 00:00:00,AED,INR,22.6869,MOCK_FX_API,2026-05-29 02:38:00,2026-08-05 02:59:59,BATCH_202605_RAW_FX_RATES_API
2026-06-01 00:00:00,USD,INR,91.3439,MOCK_FX_API,2026-06-04 02:18:00,2026-08-05 02:59:59,BATCH_202606_RAW_FX_RATES_API
2026-06-01 00:00:00,EUR,INR,92.3933,MOCK_FX_API,2026-06-01 01:21:00,2026-08-05 02:59:59,BATCH_202606_RAW_FX_RATES_API
2026-06-01 00:00:00,SGD,INR,63.9717,MOCK_FX_API,2026-06-01 02:08:00,2026-08-05 02:59:59,BATCH_202606_RAW_FX_RATES_API
2026-06-01 00:00:00,AED,INR,22.679,MOCK_FX_API,2026-06-01 01:51:00,2026-08-05 02:59:59,BATCH_202606_RAW_FX_RATES_API
2026-06-02 00:00:00,USD,INR,91.2461,MOCK_FX_API,2026-06-02 02:13:00,2026-08-05 02:59:59,BATCH_202606_RAW_FX_RATES_API
2026-06-02 00:00:00,EUR,N/A,92.3006,MOCK_FX_API,2026-06-05 01:17:00,2026-08-05 02:59:59,BATCH_202606_RAW_FX_RATES_API
2026-06-02 00:00:00,SGD,INR,64.0116,MOCK_FX_API,2026-06-02 00:18:00,2026-08-05 02:59:59,BATCH_202606_RAW_FX_RATES_API
2026-06-02 00:00:00,AED,INR,22.725,MOCK_FX_API,2026-06-02 02:05:00,2026-08-05 02:59:59,BATCH_202606_RAW_FX_RATES_API
2026-06-03 00:00:00,USD,INR,91.2262,MOCK_FX_API,2026-06-03 01:31:00,2026-08-05 02:59:59,BATCH_202606_RAW_FX_RATES_API
2026-06-03 00:00:00,EUR,INR,92.5562,MOCK_FX_API,2026-06-03 01:38:00,2026-08-05 02:59:59,BATCH_202606_RAW_FX_RATES_API
2026-06-03 00:00:00,SGD,INR,63.9725,MOCK_FX_API,2026-06-03 01:56:00,2026-08-05 02:59:59,BATCH_202606_RAW_FX_RATES_API
2026-06-03 00:00:00,AED,INR,22.7112,MOCK_FX_API,2026-06-03 00:58:00,2026-08-05 02:59:59,BATCH_202606_RAW_FX_RATES_API
2026-06-04 00:00:00,USD,INR,91.2353,MOCK_FX_API,2026-06-04 01:46:00,2026-08-05 02:59:59,BATCH_202606_RAW_FX_RATES_API
2026-06-04 00:00:00,EUR,INR,92.8787,MOCK_FX_API,2026-06-04 01:04:00,2026-08-05 02:59:59,BATCH_202606_RAW_FX_RATES_API
2026-06-04 00:00:00,SGD,INR,63.9108,MOCK_FX_API,2026-06-04 00:04:00,2026-08-05 02:59:59,BATCH_202606_RAW_FX_RATES_API
04/06/2026,AED,INR,22.6818,MOCK_FX_API,2026-06-04 01:45:00,2026-08-05 02:59:59,BATCH_202606_RAW_FX_RATES_API
2026-06-05 00:00:00,USD,INR,91.386,MOCK_FX_API,2026-06-05 02:19:00,2026-08-05 02:59:59,BATCH_202606_RAW_FX_RATES_API
2026-06-05 00:00:00,EUR,INR,92.9655,MOCK_FX_API,2026-06-05 00:36:00,2026-08-05 02:59:59,BATCH_202606_RAW_FX_RATES_API
2026-06-05 00:00:00,SGD,INR,63.8149,MOCK_FX_API,2026-06-05 00:34:00,2026-08-05 02:59:59,BATCH_202606_RAW_FX_RATES_API
2026-06-05 00:00:00,AED,INR,22.6975,MOCK_FX_API,2026-06-05 01:52:00,2026-08-05 02:59:59,BATCH_202606_RAW_FX_RATES_API
2026-06-08 00:00:00,USD,INR,91.4129,MOCK_FX_API,2026-06-08 02:54:00,2026-08-05 02:59:59,BATCH_202606_RAW_FX_RATES_API
2026-06-08 00:00:00,EUR,INR,92.9618,MOCK_FX_API,2026-06-08 02:00:00,2026-08-05 02:59:59,BATCH_202606_RAW_FX_RATES_API
2026-06-08 00:00:00,SGD,INR,63.8537,MOCK_FX_API,2026-06-08 02:59:00,2026-08-05 02:59:59,BATCH_202606_RAW_FX_RATES_API
2026-06-08 00:00:00,AED,INR,22.7198,MOCK_FX_API,2026-06-08 00:23:00,2026-08-05 02:59:59,BATCH_202606_RAW_FX_RATES_API
2026-06-09 00:00:00,USD,INR,91.6759,MOCK_FX_API,2026-06-09 01:48:00,2026-08-05 02:59:59,BATCH_202606_RAW_FX_RATES_API
2026-06-09 00:00:00,EUR,INR,92.8295,MOCK_FX_API,2026-06-09 00:09:00,2026-08-05 02:59:59,BATCH_202606_RAW_FX_RATES_API
2026-06-09 00:00:00,SGD,INR,63.8339,MOCK_FX_API,2026-06-09 00:51:00,2026-08-05 02:59:59,BATCH_202606_RAW_FX_RATES_API
2026-06-09 00:00:00,AED,INR,22.7307,MOCK_FX_API,2026-06-09 02:26:00,2026-08-05 02:59:59,BATCH_202606_RAW_FX_RATES_API
2026-06-10 00:00:00,usd,INR,91.6298,MOCK_FX_API,2026-06-10 02:45:00,2026-08-05 02:59:59,BATCH_202606_RAW_FX_RATES_API
2026-06-10 00:00:00,EUR,INR,92.9296,MOCK_FX_API,2026-06-10 00:12:00,2026-08-05 02:59:59,BATCH_202606_RAW_FX_RATES_API
2026-06-10 00:00:00,SGD,INR,63.7634,MOCK_FX_API,2026-06-10 02:08:00,2026-08-05 02:59:59,BATCH_202606_RAW_FX_RATES_API
2026-06-10 00:00:00,AED,INR,22.6739,MOCK_FX_API,2026-06-10 01:25:00,2026-08-05 02:59:59,BATCH_202606_RAW_FX_RATES_API
2026-06-11 00:00:00,USD,INR,91.4842,MOCK_FX_API,2026-06-11 02:00:00,2026-08-05 02:59:59,BATCH_202606_RAW_FX_RATES_API
2026-06-11 00:00:00,EUR,INR,92.8612,MOCK_FX_API,2026-06-11 01:51:00,2026-08-05 02:59:59,BATCH_202606_RAW_FX_RATES_API
2026-06-11 00:00:00,SGD,INR,63.8965,MOCK_FX_API,2026-06-11 02:13:00,2026-08-05 02:59:59,BATCH_202606_RAW_FX_RATES_API
2026-06-11 00:00:00,AED,INR,22.6908,MOCK_FX_API,2026-06-11 00:46:00,2026-08-05 02:59:59,BATCH_202606_RAW_FX_RATES_API
2026-06-12 00:00:00,USD,INR,91.2509,MOCK_FX_API,2026-06-12 00:23:00,2026-08-05 02:59:59,BATCH_202606_RAW_FX_RATES_API
2026-06-12 00:00:00,EUR,INR,92.693,MOCK_FX_API,2026-06-12 01:06:00,2026-08-05 02:59:59,BATCH_202606_RAW_FX_RATES_API
2026-06-12 00:00:00,SGD,INR,63.9042,MOCK_FX_API,2026-06-12 02:22:00,2026-08-05 02:59:59,BATCH_202606_RAW_FX_RATES_API
2026-06-12 00:00:00,AED,INR,22.7195,MOCK_FX_API,2026-06-12 00:40:00,2026-08-05 02:59:59,BATCH_202606_RAW_FX_RATES_API
2026-06-15 00:00:00,USD,INR,91.2934,MOCK_FX_API,2026-06-15 00:33:00,2026-08-05 02:59:59,BATCH_202606_RAW_FX_RATES_API
2026-06-15 00:00:00,EUR,INR,92.9317,MOCK_FX_API,2026-06-26 00:20:00,2026-08-05 02:59:59,BATCH_202606_RAW_FX_RATES_API
2026-06-15 00:00:00,SGD,INR,63.8603,MOCK_FX_API,2026-06-15 01:39:00,2026-08-05 02:59:59,BATCH_202606_RAW_FX_RATES_API
2026-06-15 00:00:00,AED,INR,22.6642,MOCK_FX_API,2026-06-15 02:38:00,2026-08-05 02:59:59,BATCH_202606_RAW_FX_RATES_API
2026-06-16T00:00:00+05:30,USD,INR,91.1481,MOCK_FX_API,2026-06-16 02:46:00,2026-08-05 02:59:59,BATCH_202606_RAW_FX_RATES_API
2026-06-16 00:00:00,EUR,INR,92.9909,MOCK_FX_API,2026-06-16 00:01:00,2026-08-05 02:59:59,BATCH_202606_RAW_FX_RATES_API
2026-06-16 00:00:00,SGD,INR,63.8625,MOCK_FX_API,2026-06-16 01:34:00,2026-08-05 02:59:59,BATCH_202606_RAW_FX_RATES_API
2026-06-16 00:00:00,AED,INR,22.6189,MOCK_FX_API,2026-06-16 00:33:00,2026-08-05 02:59:59,BATCH_202606_RAW_FX_RATES_API
2026-06-17 00:00:00,USD,INR,91.1512,MOCK_FX_API,2026-06-17 02:08:00,2026-08-05 02:59:59,BATCH_202606_RAW_FX_RATES_API
2026-06-17 00:00:00,EUR,INR,93.1887,MOCK_FX_API,2026-06-17 00:02:00,2026-08-05 02:59:59,BATCH_202606_RAW_FX_RATES_API
2026-06-17 00:00:00,SGD,INR,63.933,MOCK_FX_API,2026-06-17 01:12:00,2026-08-05 02:59:59,BATCH_202606_RAW_FX_RATES_API
2026-06-17 00:00:00,AED,INR,22.6494,MOCK_FX_API,2026-06-17 02:29:00,2026-08-05 02:59:59,BATCH_202606_RAW_FX_RATES_API
2026-06-18 00:00:00,USD,INR,91.0534,MOCK_FX_API,2026-06-18 01:37:00,2026-08-05 02:59:59,BATCH_202606_RAW_FX_RATES_API
2026-06-18 00:00:00,EUR,INR,93.2401,MOCK_FX_API,2026-06-18 00:08:00,2026-08-05 02:59:59,BATCH_202606_RAW_FX_RATES_API
2026-06-18 00:00:00,SGD,INR,64.0001,MOCK_FX_API,2026-06-18 02:58:00,2026-08-05 02:59:59,BATCH_202606_RAW_FX_RATES_API
2026-06-18 00:00:00,AED,INR,22.6249,MOCK_FX_API,2026-06-18 01:08:00,2026-08-05 02:59:59,BATCH_202606_RAW_FX_RATES_API
2026-06-19 00:00:00,USD,INR,91.1232,MOCK_FX_API,2026-06-19 00:57:00,2026-08-05 02:59:59,BATCH_202606_RAW_FX_RATES_API
2026-06-19 00:00:00,EUR,INR,93.0762,MOCK_FX_API,2026-06-19 01:45:00,2026-08-05 02:59:59,BATCH_202606_RAW_FX_RATES_API
2026-06-19 00:00:00,SGD,INR,64.0257,MOCK_FX_API,2026-06-19 00:12:00,2026-08-05 02:59:59,BATCH_202606_RAW_FX_RATES_API
2026-06-19 00:00:00,AED,INR,22.6109,MOCK_FX_API,2026-06-22 03:00:00,2026-08-05 02:59:59,BATCH_202606_RAW_FX_RATES_API
2026-06-22 00:00:00,USD,INR,91.4185,MOCK_FX_API,2026-06-22 02:09:00,2026-08-05 02:59:59,BATCH_202606_RAW_FX_RATES_API
2026-06-22 00:00:00,EUR,INR,92.9284,MOCK_FX_API,2026-06-22 01:02:00,2026-08-05 02:59:59,BATCH_202606_RAW_FX_RATES_API
2026-06-22 00:00:00,SGD,INR,64.0214,MOCK_FX_API,2026-06-22 02:47:00,2026-08-05 02:59:59,BATCH_202606_RAW_FX_RATES_API
2026-06-22 00:00:00,AED,INR,22.5486,MOCK_FX_API,2026-06-22 01:31:00,2026-08-05 02:59:59,BATCH_202606_RAW_FX_RATES_API
2026-06-23 00:00:00,EUR,INR,92.984,MOCK_FX_API,2026-06-23 02:19:00,2026-08-05 02:59:59,BATCH_202606_RAW_FX_RATES_API
2026-06-23 00:00:00,SGD,INR,64.0344,MOCK_FX_API,2026-06-23 00:54:00,2026-08-05 02:59:59,BATCH_202606_RAW_FX_RATES_API
2026-06-23 00:00:00,aed,INR,22.464,MOCK_FX_API,2026-06-23 02:23:00,2026-08-05 02:59:59,BATCH_202606_RAW_FX_RATES_API
2026-06-24 00:00:00,USD,INR,91.5397,MOCK_FX_API,2026-06-24 00:33:00,2026-08-05 02:59:59,BATCH_202606_RAW_FX_RATES_API
2026-06-24 00:00:00,EUR,INR,92.8801,MOCK_FX_API,2026-06-24 01:13:00,2026-08-05 02:59:59,BATCH_202606_RAW_FX_RATES_API
2026-06-24 00:00:00,SGD,INR,64.0869,MOCK_FX_API,2026-06-24 01:53:00,2026-08-05 02:59:59,BATCH_202606_RAW_FX_RATES_API
2026-06-24 00:00:00,AED,INR,22.4857,MOCK_FX_API,2026-06-24 02:49:00,2026-08-05 02:59:59,BATCH_202606_RAW_FX_RATES_API
2026-06-25 00:00:00,USD,INR,91.4895,MOCK_FX_API,2026-06-25 02:01:00,2026-08-05 02:59:59,BATCH_202606_RAW_FX_RATES_API
2026-06-25 00:00:00,EUR,INR,92.7706,MOCK_FX_API,2026-06-25 02:47:00,2026-08-05 02:59:59,BATCH_202606_RAW_FX_RATES_API
2026-06-25 00:00:00,SGD,INR,64.1886,MOCK_FX_API,2026-06-25 00:36:00,2026-08-05 02:59:59,BATCH_202606_RAW_FX_RATES_API
2026-06-25 00:00:00,AED,INR,22.4833,MOCK_FX_API,2026-06-25 02:32:00,2026-08-05 02:59:59,BATCH_202606_RAW_FX_RATES_API
2026-06-26 00:00:00,USD,INR,91.3928,MOCK_FX_API,2026-06-26 01:47:00,2026-08-05 02:59:59,BATCH_202606_RAW_FX_RATES_API
2026-06-26 00:00:00,EUR,INR,92.9056,MOCK_FX_API,2026-06-26 02:38:00,2026-08-05 02:59:59,BATCH_202606_RAW_FX_RATES_API
2026-06-26 00:00:00,SGD,INR,64.2337,MOCK_FX_API,2026-06-26 00:26:00,2026-08-05 02:59:59,BATCH_202606_RAW_FX_RATES_API
2026-06-26 00:00:00,AED,INR,22.5283,MOCK_FX_API,2026-06-26 02:44:00,2026-08-05 02:59:59,BATCH_202606_RAW_FX_RATES_API
2026-06-29 00:00:00,USD,INR,91.0645,MOCK_FX_API,2026-06-29 02:08:00,2026-08-05 02:59:59,BATCH_202606_RAW_FX_RATES_API
2026-06-29 00:00:00,EUR,INR,92.8043,MOCK_FX_API,2026-06-29 01:17:00,2026-08-05 02:59:59,BATCH_202606_RAW_FX_RATES_API
2026-06-29 00:00:00,AED,INR,22.5996,MOCK_FX_API,2026-06-29 00:55:00,2026-08-05 02:59:59,BATCH_202606_RAW_FX_RATES_API
2026-06-30 00:00:00,USD,INR,91.1324,MOCK_FX_API,2026-06-30 02:08:00,2026-08-05 02:59:59,BATCH_202606_RAW_FX_RATES_API
2026-06-30 00:00:00,EUR,INR,92.661,MOCK_FX_API,2026-06-30 02:54:00,2026-08-05 02:59:59,BATCH_202606_RAW_FX_RATES_API
2026-06-30 00:00:00,SGD,INR,64.4175,MOCK_FX_API,2026-06-30 00:19:00,2026-08-05 02:59:59,BATCH_202606_RAW_FX_RATES_API
2026-06-30 00:00:00,AED,INR,22.5729,MOCK_FX_API,2026-06-30 00:18:00,2026-08-05 02:59:59,BATCH_202606_RAW_FX_RATES_API
2025-12-31 00:00:00,EUR,INR,87.59667934611531,MOCK_FX_API,2025-12-31 02:01:00,2026-08-05 02:59:59,BATCH_202512_RAW_FX_RATES_API
2025-01-29 00:00:00,EUR,INR,91.1221188573801,MOCK_FX_API,2025-01-29 01:35:00,2026-08-05 02:59:59,BATCH_202501_RAW_FX_RATES_API
2025-05-23 00:00:00,AED,INR,23.118877091165125,MOCK_FX_API,2025-05-23 02:20:00,2026-08-05 02:59:59,BATCH_202505_RAW_FX_RATES_API
2025-01-31 00:00:00,AED,INR,23.020321264797854,MOCK_FX_API,2025-01-31 02:23:00,2026-08-05 02:59:59,BATCH_202501_RAW_FX_RATES_API
2025-05-14 00:00:00,AED,INR,23.29808312153189,MOCK_FX_API,2025-05-14 02:17:00,2026-08-05 02:59:59,BATCH_202505_RAW_FX_RATES_API
2025-01-24 00:00:00,EUR,INR,91.53809297622394,MOCK_FX_API,2025-01-24 02:02:00,2026-08-05 02:59:59,BATCH_202501_RAW_FX_RATES_API
2026-05-12 00:00:00,AED,INR,22.826056121607955,MOCK_FX_API,2026-05-12 02:07:00,2026-08-05 02:59:59,BATCH_202605_RAW_FX_RATES_API
2026-06-17 00:00:00,AED,INR,22.64480989991068,MOCK_FX_API,2026-06-19 00:50:00,2026-08-05 02:59:59,BATCH_202606_RAW_FX_RATES_API
04-29-2025,EUR,INR,89.54141032212003,MOCK_FX_API,2025-04-29 02:15:00,2026-08-05 02:59:59,BATCH_202504_RAW_FX_RATES_API
2025-10-29 00:00:00,USD,INR,90.189856404567,MOCK_FX_API,2025-10-29 00:57:00,2026-08-05 02:59:59,BATCH_202510_RAW_FX_RATES_API
2025-02-17 00:00:00,AED,INR,22.966571184709142,MOCK_FX_API,2025-02-17 00:50:00,2026-08-05 02:59:59,BATCH_202502_RAW_FX_RATES_API
2025-02-11 00:00:00,EUR,INR,91.78079022479434,MOCK_FX_API,2025-02-11 01:20:00,2026-08-05 02:59:59,BATCH_202502_RAW_FX_RATES_API
2025-07-11 00:00:00,AED,INR,23.005568337096516,MOCK_FX_API,2025-07-11 02:02:00,2026-08-05 02:59:59,BATCH_202507_RAW_FX_RATES_API
2025-02-07 00:00:00,SGD,INR,61.637246999224594,MOCK_FX_API,2025-02-07 01:27:00,2026-08-05 02:59:59,BATCH_202502_RAW_FX_RATES_API
2025-12-04T00:00:00Z,USD,INR,90.79050698366494,MOCK_FX_API,2025-12-04 00:57:00,2026-08-05 02:59:59,BATCH_202512_RAW_FX_RATES_API
