po_id_raw,po_line_raw,po_date_raw,supplier_id_raw,sku_id_raw,warehouse_id_raw,ordered_qty_raw,unit_cost_foreign_raw,currency_code_raw,expected_delivery_date_raw,supplier_promised_ship_date_raw,status_raw,source_system,record_updated_at,ingestion_timestamp,batch_id
PO-00000001,1,2025-01-01 16:00:00,SUP-002,SKU-0019,WH-LKO-01,473,61.01,AED,2025-01-21 16:00:00,2025-01-08T16:00:00+05:30,CLOSED,SAP_ARIBA,2025-01-01 18:11:00,2026-08-05 02:59:59,BATCH_202501_RAW_PURCHASE_ORDERS
PO-00000002,1,2025-01-01 14:00:00,SUP-005,SKU-0025,WH-MUM-03,423,103.42,EUR,2025-01-12 14:00:00,2025-01-09 14:00:00,CLOSED,SAP_ARIBA,2025-01-01 16:54:00,2026-08-05 02:59:59,BATCH_202501_RAW_PURCHASE_ORDERS
PO-00000003,1,2025-01-01 16:00:00,SUP-001,SKU-0050,WH-BLR-04,444,50.22,EUR,2025-01-10 16:00:00,2025-01-08 16:00:00,CLOSED,SAP_ARIBA,2025-01-01 17:46:00,2026-08-05 02:59:59,BATCH_202501_RAW_PURCHASE_ORDERS
PO-00000004,1,2025-01-01 15:00:00,SUP-001,SKU-0058,WH-DEL-02,452,39.35,USD,2025-01-21 15:00:00,2025-01-12 15:00:00,PARTIALLY_RECEIVED,SAP_ARIBA,2025-01-01 17:56:00,2026-08-05 02:59:59,BATCH_202501_RAW_PURCHASE_ORDERS
PO-00000005,1,2025-01-01 14:00:00,SUP-002,SKU-0059,WH-DEL-02,333,96.54,AED,2025-01-17 14:00:00,12/01/2025,CLOSED,SAP_ARIBA,2025-01-01 16:18:00,2026-08-05 02:59:59,BATCH_202501_RAW_PURCHASE_ORDERS
PO-00000006,1,2025-01-01 08:00:00,SUP-005,SKU-0086,WH-DEL-02,415,94.85,AED,2025-01-16 08:00:00,2025-01-14 08:00:00,CLOSED,SAP_ARIBA,2025-01-01 10:39:00,2026-08-05 02:59:59,BATCH_202501_RAW_PURCHASE_ORDERS
PO-00000007,1,2025-01-01 16:00:00,SUP-005,SKU-0115,WH-MUM-03,419,16.50,EUR,2025-01-13 16:00:00,2025-01-11 16:00:00,CLOSED,SAP_ARIBA,2025-01-01 18:27:00,2026-08-05 02:59:59,BATCH_202501_RAW_PURCHASE_ORDERS
PO-00000008,1,2025-01-01 12:00:00,SUP-001,SKU-0121,WH-MUM-03,480,41.30,SGD,2025-01-13 12:00:00,2025-01-08 12:00:00,CLOSED,SAP_ARIBA,2025-01-01 12:54:00,2026-08-05 02:59:59,BATCH_202501_RAW_PURCHASE_ORDERS
PO-00000009,1,2025-01-01 08:00:00,SUP-001,SKU-0135,WH-LKO-01,428,59.47,EUR,2025-01-16 08:00:00,2025-01-11 08:00:00,CLOSED,SAP_ARIBA,2025-01-01 10:06:00,2026-08-05 02:59:59,BATCH_202501_RAW_PURCHASE_ORDERS
PO-00000010,1,2025-01-01 16:00:00,SUP-006,SKU-0148,WH-MUM-03,465,135.46,USD,2025-01-19 16:00:00,2025-01-15 16:00:00,CLOSED,SAP_ARIBA,2025-01-01 17:52:00,2026-08-05 02:59:59,BATCH_202501_RAW_PURCHASE_ORDERS
PO-00000011,1,2025-01-07 10:00:00,SUP-008,SKU-0057,WH-MUM-03,359,83.89,EUR,2025-01-20 10:00:00,2025-01-17 10:00:00,closed,SAP_ARIBA,2025-01-07 12:20:00,2026-08-05 02:59:59,BATCH_202501_RAW_PURCHASE_ORDERS
PO-00000012,1,2025-01-11 09:00:00,SUP-005,SKU-0025,WH-MUM-03,318, 103.42 EUR ,EUR,2025-01-22 09:00:00,2025-01-19 09:00:00,PARTIALLY_RECEIVED,SAP_ARIBA,2025-01-11 10:15:00,2026-08-05 02:59:59,BATCH_202501_RAW_PURCHASE_ORDERS
N/A,1,2025-01-12 08:00:00,SUP-007,SKU-0093,WH-BLR-04,352,74.28,SGD,2025-01-27 08:00:00,2025-01-25 08:00:00,CLOSED,SAP_ARIBA,2025-01-15 08:28:00,2026-08-05 02:59:59,BATCH_202501_RAW_PURCHASE_ORDERS
PO-00000014,1,2025-01-16 15:00:00,SUP-001,SKU-0121,WH-MUM-03,365,41.30,SGD,2025-01-25 15:00:00,2025-01-23 15:00:00,CLOSED,SAP_ARIBA,2025-01-16 15:31:00,2026-08-05 02:59:59,BATCH_202501_RAW_PURCHASE_ORDERS
PO-00000015,1,2025-01-16 10:00:00,SUP-001,SKU-0135,WH-LKO-01,337,59.47,EUR,2025-01-28 10:00:00,2025-01-26 10:00:00,CLOSED,SAP_ARIBA,2025-01-16 10:57:00,2026-08-05 02:59:59,BATCH_202501_RAW_PURCHASE_ORDERS
PO-00000016,1,2025-01-17 08:00:00,SUP-002,SKU-0059,WH-DEL-02,378,96.54,AED,2025-02-06 08:00:00,2025-01-28 08:00:00,CLOSED,SAP_ARIBA,2025-01-17 08:20:00,2026-08-05 02:59:59,BATCH_202501_RAW_PURCHASE_ORDERS
PO-00000017,1,2025-01-17 10:00:00,SUP-001,SKU-0066,WH-BLR-04,226,49.92,USD,2025-02-01 10:00:00,2025-01-28 10:00:00,CLOSED,SAP_ARIBA,2025-01-17 12:10:00,2026-08-05 02:59:59,BATCH_202501_RAW_PURCHASE_ORDERS
PO-00000018,1,2025-01-18 10:00:00,SUP-005,SKU-0086,WH-DEL-02,317,94.85,AED,2025-02-04 10:00:00,2025-01-31 10:00:00,CLOSED,SAP_ARIBA,2025-01-18 10:32:00,2026-08-05 02:59:59,BATCH_202501_RAW_PURCHASE_ORDERS
PO-00000019,1,2025-01-19 09:00:00,SUP-001,SKU-0082,WH-MUM-03,304,35.47,AED,2025-02-04 09:00:00,2025-02-01 09:00:00,CLOSED,SAP_ARIBA,2025-01-19 11:59:00,2026-08-05 02:59:59,BATCH_202501_RAW_PURCHASE_ORDERS
PO-00000020,1,2025-01-19 12:00:00,SUP-006,SKU-0148,WH-MUM-03,383,135.46,USD,2025-02-14 12:00:00,2025-02-02 12:00:00,CLOSED,SAP_ARIBA,2025-01-23 12:32:00,2026-08-05 02:59:59,BATCH_202501_RAW_PURCHASE_ORDERS
PO-00000021,1,2025-01-20 11:00:00,SUP-003,SKU-0035,WH-DEL-02,239,135.69,AED,2025-02-04 11:00:00,2025-02-01 11:00:00,CLOSED,SAP_ARIBA,2025-01-20 13:35:00,2026-08-05 02:59:59,BATCH_202501_RAW_PURCHASE_ORDERS
PO-00000022,1,2025-01-20 08:00:00,SUP-002,SKU-0145,WH-BLR-04,363,61.86,USD,2025-02-05 08:00:00,2025-02-02 08:00:00,CLOSED,SAP_ARIBA,2025-01-20 10:56:00,2026-08-05 02:59:59,BATCH_202501_RAW_PURCHASE_ORDERS
PO-00000023,1,2025-01-27 10:00:00,SUP-002,SKU-0031,WH-MUM-03,448,140.35,EUR,2025-02-14 10:00:00,2025-02-10 10:00:00,CLOSED,SAP_ARIBA,2025-01-27 11:34:00,2026-08-05 02:59:59,BATCH_202501_RAW_PURCHASE_ORDERS
PO-00000024,1,2025-01-28 14:00:00,SUP-007,SKU-0093,WH-BLR-04,370,74.28,SGD,2025-02-14 14:00:00,2025-02-10 14:00:00,CANCELLED,SAP_ARIBA,2025-01-28 14:16:00,2026-08-05 02:59:59,BATCH_202501_RAW_PURCHASE_ORDERS
PO-00000025,1,2025-01-29 11:00:00,SUP-008,SKU-0057,WH-LKO-01,260,83.89,EUR,2025-02-15 11:00:00,2025-02-05 11:00:00,CLOSED,SAP_ARIBA,2025-01-29 11:59:00,2026-08-05 02:59:59,BATCH_202501_RAW_PURCHASE_ORDERS
PO-00000026,1,2025-01-29 16:00:00,SUP-001,SKU-0066,WH-DEL-02,450,49.92,USD,2025-02-21 16:00:00,2025-02-12 16:00:00,PARTIALLY_RECEIVED,SAP_ARIBA,2025-01-29 18:10:00,2026-08-05 02:59:59,BATCH_202501_RAW_PURCHASE_ORDERS
PO-00000027,1,2025-01-29 09:00:00,SUP-007,SKU-0093,WH-BLR-04,396,74.28,SGD,2025-02-20 09:00:00,2025-02-11 09:00:00,CLOSED,SAP_ARIBA,2025-01-29 09:41:00,2026-08-05 02:59:59,BATCH_202501_RAW_PURCHASE_ORDERS
PO-00000028,1,2025-01-29 10:00:00,SUP-001,SKU-0119,WH-DEL-02,358,80.31,EUR,2025-02-11 10:00:00,2025-02-08 10:00:00,CLOSED,SAP_ARIBA,2025-01-29 11:33:00,2026-08-05 02:59:59,BATCH_202501_RAW_PURCHASE_ORDERS
PO-00000029,1,2025-01-29 08:00:00,SUP-001,SKU-0119,WH-MUM-03,395,80.31,EUR,2025-02-23 08:00:00,2025-02-12 08:00:00,CLOSED,SAP_ARIBA,2025-01-29 10:10:00,2026-08-05 02:59:59,BATCH_202501_RAW_PURCHASE_ORDERS
PO-00000030,1,2025-02-03 12:00:00,SUP-001,SKU-0082,WH-MUM-03,409, 35.47 AED ,AED,2025-02-18 12:00:00,2025-02-16 12:00:00,CLOSED,SAP_ARIBA,2025-02-03 14:11:00,2026-08-05 02:59:59,BATCH_202502_RAW_PURCHASE_ORDERS
PO-00000031,1,2025-02-03 14:00:00,SUP-007,SKU-0093,WH-MUM-03,389,74.28,SGD,2025-02-22 14:00:00,2025-02-16 14:00:00,CLOSED,SAP_ARIBA,2025-02-03 15:19:00,2026-08-05 02:59:59,BATCH_202502_RAW_PURCHASE_ORDERS
PO-00000032,1,2025-02-04 15:00:00,SUP-008,SKU-0084,WH-LKO-01,364,21.58,USD,2025-02-22 15:00:00,2025-02-18 15:00:00,CLOSED,SAP_ARIBA,2025-02-04 17:21:00,2026-08-05 02:59:59,BATCH_202502_RAW_PURCHASE_ORDERS
PO-00000033,1,2025-02-06 08:00:00,SUP-003,SKU-0052,WH-DEL-02,402,35.99,AED,2025-02-18 08:00:00,2025-02-13 08:00:00,CLOSED,SAP_ARIBA,2025-02-06 08:08:00,2026-08-05 02:59:59,BATCH_202502_RAW_PURCHASE_ORDERS
PO-00000034,1,2025-02-10 16:00:00,SUP-001,SKU-0066,WH-MUM-03,425,49.92,USD,2025-02-25 16:00:00,2025-02-22 16:00:00,CLOSED,SAP_ARIBA,2025-02-10 18:43:00,2026-08-05 02:59:59,BATCH_202502_RAW_PURCHASE_ORDERS
PO-00000035,1,2025-02-10 12:00:00,SUP-001,SKU-0082,WH-BLR-04,423,"35,47",AED,2025-02-26 12:00:00,2025-02-17 12:00:00,CLOSED,SAP_ARIBA,2025-02-10 13:09:00,2026-08-05 02:59:59,BATCH_202502_RAW_PURCHASE_ORDERS
PO-00000036,1,2025-02-11 12:00:00,SUP-001,SKU-0119,WH-DEL-02,317,80.31,EUR,2025-02-26 12:00:00,2025-02-21 12:00:00,CLOSED,SAP_ARIBA,2025-02-11 14:51:00,2026-08-05 02:59:59,BATCH_202502_RAW_PURCHASE_ORDERS
PO-00000037,1,2025-02-12 14:00:00,SUP-004,SKU-0141,WH-LKO-01,269,130.17,USD,2025-03-03 14:00:00,2025-02-25 14:00:00,CLOSED,SAP_ARIBA,2025-02-12 16:15:00,2026-08-05 02:59:59,BATCH_202502_RAW_PURCHASE_ORDERS
PO-00000038,1,2025-02-14 16:00:00,SUP-001,SKU-0066,WH-LKO-01,201,49.92,USD,2025-02-28 16:00:00,2025-02-22 16:00:00,CLOSED,SAP_ARIBA,2025-02-14 16:15:00,2026-08-05 02:59:59,BATCH_202502_RAW_PURCHASE_ORDERS
PO-00000039,1,2025-02-15 14:00:00,SUP-001,SKU-0066,WH-BLR-04,258,49.92,USD,2025-03-03 14:00:00,02-26-2025,CLOSED,SAP_ARIBA,2025-02-15 16:05:00,2026-08-05 02:59:59,BATCH_202502_RAW_PURCHASE_ORDERS
PO-00000040,1,2025-02-17 11:00:00,SUP-005,SKU-0069,WH-MUM-03,313,125.54,EUR,2025-03-03 11:00:00,2025-02-26 11:00:00,PARTIALLY_RECEIVED,SAP_ARIBA,2025-02-17 13:20:00,2026-08-05 02:59:59,BATCH_202502_RAW_PURCHASE_ORDERS
PO-00000041,1,2025-02-18 08:00:00,SUP-008,SKU-0057,WH-LKO-01,285,83.89,EUR,2025-03-05 08:00:00,2025-02-25 08:00:00,PARTIALLY_RECEIVED,SAP_ARIBA,2025-02-18 10:58:00,2026-08-05 02:59:59,BATCH_202502_RAW_PURCHASE_ORDERS
PO-00000042,1,2025-02-19 14:00:00,SUP-003,SKU-0035,WH-LKO-01,387,135.69,AED,2025-03-04 14:00:00,2025-03-02 14:00:00,CLOSED,SAP_ARIBA,2025-02-19 15:39:00,2026-08-05 02:59:59,BATCH_202502_RAW_PURCHASE_ORDERS
PO-00000043,1,2025-02-23 13:00:00,SUP-003,SKU-0052,WH-DEL-02,377,35.99,AED,2025-03-08 13:00:00,2025-03-02 13:00:00,CLOSED,SAP_ARIBA,2025-02-23 13:31:00,2026-08-05 02:59:59,BATCH_202502_RAW_PURCHASE_ORDERS
PO-00000044,1,2025-02-23 13:00:00,SUP-008,SKU-0057,WH-DEL-02,454,N/A,EUR,2025-03-08 13:00:00,2025-03-06 13:00:00,CLOSED,SAP_ARIBA,2025-02-23 13:37:00,2026-08-05 02:59:59,BATCH_202502_RAW_PURCHASE_ORDERS
PO-00000045,1,2025-02-23 16:00:00,SUP-008,SKU-0084,WH-LKO-01,472,21.58,USD,2025-03-19 16:00:00,2025-03-09 16:00:00,CLOSED,SAP_ARIBA,2025-02-23 18:50:00,2026-08-05 02:59:59,BATCH_202502_RAW_PURCHASE_ORDERS
PO-00000046,1,2025-02-27 11:00:00,SUP-001,SKU-0066,WH-LKO-01,276,49.92,USD,09/03/2025,2025-03-07 11:00:00,CLOSED,SAP_ARIBA,2025-02-27 11:22:00,2026-08-05 02:59:59,BATCH_202502_RAW_PURCHASE_ORDERS
PO-00000047,1,02/03/2025,SUP-001,SKU-0082,WH-BLR-04,379,35.47,AED,2025-03-12 12:00:00,2025-03-09 12:00:00,CLOSED,SAP_ARIBA,2025-03-02 12:06:00,2026-08-05 02:59:59,BATCH_202503_RAW_PURCHASE_ORDERS
PO-00000048,1,2025-03-02 12:00:00,SUP-004,SKU-0132,WH-LKO-01,319,87.06,SGD,2025-03-23 12:00:00,2025-03-10 12:00:00,CLOSED,SAP_ARIBA,2025-03-04 13:22:00,2026-08-05 02:59:59,BATCH_202503_RAW_PURCHASE_ORDERS
PO-00000049,1,2025-03-04 08:00:00,SUP-004,SKU-0141,WH-LKO-01,296,130.17,USD,2025-03-28 08:00:00,2025-03-17 08:00:00,CLOSED,SAP_ARIBA,2025-03-04 10:07:00,2026-08-05 02:59:59,BATCH_202503_RAW_PURCHASE_ORDERS
PO-00000050,1,2025-03-06 11:00:00,SUP-007,SKU-0060,WH-BLR-04,344,38.68,SGD,2025-03-21 11:00:00,2025-03-15 11:00:00,CLOSED,SAP_ARIBA,2025-03-06 11:11:00,2026-08-05 02:59:59,BATCH_202503_RAW_PURCHASE_ORDERS
PO-00000051,1,2025-03-07 16:00:00,SUP-007,SKU-0093,WH-DEL-02,236,74.28,SGD,2025-03-18 16:00:00,2025-03-15 16:00:00,PARTIALLY_RECEIVED,SAP_ARIBA,2025-03-07 17:14:00,2026-08-05 02:59:59,BATCH_202503_RAW_PURCHASE_ORDERS
PO-00000052,1,2025-03-08 11:00:00,SUP-008,SKU-0057,WH-DEL-02,367,83.89,EUR,2025-03-22 11:00:00,2025-03-19 11:00:00,CLOSED,SAP_ARIBA,2025-03-08 12:29:00,2026-08-05 02:59:59,BATCH_202503_RAW_PURCHASE_ORDERS
PO-00000053,1,2025-03-10 09:00:00,SUP-001,SKU-0066,WH-LKO-01,268,49.92,USD,2025-03-28 09:00:00,2025-03-18 09:00:00,CLOSED,SAP_ARIBA,2025-03-10 11:44:00,2026-08-05 02:59:59,BATCH_202503_RAW_PURCHASE_ORDERS
PO-00000054,1,2025-03-12 15:00:00,SUP-008,SKU-0011,WH-DEL-02,441,108.30,AED,2025-04-01 15:00:00,2025-03-25 15:00:00,CLOSED,SAP_ARIBA,2025-03-12 16:25:00,2026-08-05 02:59:59,BATCH_202503_RAW_PURCHASE_ORDERS
PO-00000055,1,2025-03-15 08:00:00,SUP-001,SKU-0066,WH-MUM-03,283,49.92,USD,2025-03-31 08:00:00,2025-03-27 08:00:00,CLOSED,SAP_ARIBA,2025-03-15 10:00:00,2026-08-05 02:59:59,BATCH_202503_RAW_PURCHASE_ORDERS
PO-00000056,1,2025-03-17 15:00:00,SUP-003,SKU-0037,WH-LKO-01,212,15.39,SGD,2025-04-06 15:00:00,2025-03-28 15:00:00,CLOSED,SAP_ARIBA,2025-03-17 16:30:00,2026-08-05 02:59:59,BATCH_202503_RAW_PURCHASE_ORDERS
PO-00000057,1,2025-03-19 13:00:00,SUP-001,SKU-0032,WH-MUM-03,494,72.77,USD,2025-03-30 13:00:00,2025-03-26 13:00:00,OPEN,SAP_ARIBA,2025-03-19 14:23:00,2026-08-05 02:59:59,BATCH_202503_RAW_PURCHASE_ORDERS
PO-00000058,1,2025-03-19 13:00:00,SUP-003,SKU-0065,WH-MUM-03,308,48.44,EUR,2025-04-04T13:00:00+05:30,1743319800,CLOSED,SAP_ARIBA,2025-03-19 13:14:00,2026-08-05 02:59:59,BATCH_202503_RAW_PURCHASE_ORDERS
PO-00000059,1,2025-03-20 16:00:00,SUP-008,SKU-0097,WH-BLR-04,339,139.55,EUR,2025-04-18 16:00:00,2025-04-03 16:00:00,CLOSED,SAP_ARIBA,2025-03-20 18:53:00,2026-08-05 02:59:59,BATCH_202503_RAW_PURCHASE_ORDERS
PO-00000060,1,2025-03-20 09:00:00,SUP-004,SKU-0145,WH-DEL-02,297,61.86,USD,2025-04-01 09:00:00,2025-03-28 09:00:00,CLOSED,SAP_ARIBA,2025-03-20 09:39:00,2026-08-05 02:59:59,BATCH_202503_RAW_PURCHASE_ORDERS
PO-00000061,1,2025-03-20T08:00:00Z,SUP-002,SKU-0145,WH-BLR-04,372,61.86,USD,2025-04-08 08:00:00,2025-04-02T08:00:00+05:30,CLOSED,SAP_ARIBA,2025-03-20 08:43:00,2026-08-05 02:59:59,BATCH_202503_RAW_PURCHASE_ORDERS
PO-00000062,1,2025-03-21 10:00:00,SUP-008,SKU-0100,WH-BLR-04,298,60.72,SGD,2025-04-12 10:00:00,2025-04-03 10:00:00,CLOSED,SAP_ARIBA,2025-03-21 10:55:00,2026-08-05 02:59:59,BATCH_202503_RAW_PURCHASE_ORDERS
PO-00000063,1,2025-03-22 11:00:00,SUP-007,SKU-0060,WH-BLR-04,276,38.68,SGD,2025-04-10 11:00:00,2025-03-31 11:00:00,PARTIALLY_RECEIVED,SAP_ARIBA,2025-03-22 13:02:00,2026-08-05 02:59:59,BATCH_202503_RAW_PURCHASE_ORDERS
PO-00000064,1,2025-03-23 11:00:00,SUP-002,SKU-0072,WH-MUM-03,312,66.12,AED,2025-04-05 11:00:00,2025-03-30 11:00:00,CLOSED,SAP_ARIBA,2025-03-23 12:26:00,2026-08-05 02:59:59,BATCH_202503_RAW_PURCHASE_ORDERS
PO-00000065,1,2025-03-24 15:00:00,SUP-001,SKU-0066,WH-BLR-04,196,49.92,USD,2025-04-10 15:00:00,2025-04-04 15:00:00,CLOSED,SAP_ARIBA,2025-03-24 15:29:00,2026-08-05 02:59:59,BATCH_202503_RAW_PURCHASE_ORDERS
PO-00000066,1,2025-03-24 12:00:00,SUP-002,SKU-0145,WH-MUM-03,480,61.86,USD,45752,2025-04-01 12:00:00,PARTIALLY_RECEIVED,SAP_ARIBA,2025-03-24 13:47:00,2026-08-05 02:59:59,BATCH_202503_RAW_PURCHASE_ORDERS
PO-00000067,1,2025-03-25 16:00:00,SUP-004,SKU-0132,WH-LKO-01,324,87.06,SGD,2025-04-12 16:00:00,2025-04-02 16:00:00,CLOSED,SAP_ARIBA,2025-03-25 16:37:00,2026-08-05 02:59:59,BATCH_202503_RAW_PURCHASE_ORDERS
PO-00000068,1,2025-03-25 08:00:00,SUP-002,SKU-0145,WH-LKO-01,329,61.86,USD,2025-04-14 08:00:00,2025-04-07 08:00:00,CLOSED,SAP_ARIBA,2025-03-25 08:00:00,2026-08-05 02:59:59,BATCH_202503_RAW_PURCHASE_ORDERS
PO-00000069,1,2025-03-26 10:00:00,SUP-002,SKU-0002,WH-MUM-03,362,138.45,AED,2025-04-11 10:00:00,2025-04-09 10:00:00,CLOSED,SAP_ARIBA,2025-03-26 11:04:00,2026-08-05 02:59:59,BATCH_202503_RAW_PURCHASE_ORDERS
PO-00000070,1,2025-03-26 16:00:00,SUP-002,SKU-0019,WH-MUM-03,282,61.01,AED,2025-04-15 16:00:00,2025-04-06 16:00:00,PARTIALLY_RECEIVED,SAP_ARIBA,2025-03-26 17:40:00,2026-08-05 02:59:59,BATCH_202503_RAW_PURCHASE_ORDERS
PO-00000071,1,2025-03-29 08:00:00,SUP-008,SKU-0011,WH-DEL-02,402,108.30,AED,2025-04-13 08:00:00,2025-04-11 08:00:00,CLOSED,SAP_ARIBA,2025-03-29 08:08:00,2026-08-05 02:59:59,BATCH_202503_RAW_PURCHASE_ORDERS
PO-00000072,1,2025-03-29 11:00:00,SUP-004,SKU-0034,WH-DEL-02,300,125.91,AED,2025-04-09 11:00:00,2025-04-06 11:00:00,CLOSED,SAP_ARIBA,2025-03-29 13:45:00,2026-08-05 02:59:59,BATCH_202503_RAW_PURCHASE_ORDERS
PO-00000073,1,2025-03-31 14:00:00,SUP-002,SKU-0026,WH-LKO-01,394,26.97,USD,2025-04-17 14:00:00,04-08-2025,CLOSED,SAP_ARIBA,2025-03-31 15:45:00,2026-08-05 02:59:59,BATCH_202503_RAW_PURCHASE_ORDERS
PO-00000074,1,2025-03-31 09:00:00,SUP-004,SKU-0034,WH-LKO-01,453,125.91,AED,2025-04-19 09:00:00,2025-04-14 09:00:00,CLOSED,SAP_ARIBA,2025-03-31 11:31:00,2026-08-05 02:59:59,BATCH_202503_RAW_PURCHASE_ORDERS
PO-00000075,1,2025-04-01 15:00:00,SUP-004,SKU-0145,WH-DEL-02,364,61.86,USD,2025-04-11 15:00:00,2025-04-09 15:00:00,CLOSED,SAP_ARIBA,2025-04-01 17:27:00,2026-08-05 02:59:59,BATCH_202504_RAW_PURCHASE_ORDERS
PO-00000076,1,2025-04-03 12:00:00,SUP-003,SKU-0037,WH-LKO-01,209,15.39,SGD,2025-04-17 12:00:00,2025-04-14 12:00:00,CLOSED,SAP_ARIBA,2025-04-03 13:50:00,2026-08-05 02:59:59,BATCH_202504_RAW_PURCHASE_ORDERS
PO-00000077,1,2025-04-04 12:00:00,SUP-001,SKU-0066,WH-LKO-01,239,49.92,USD,2025-04-18 12:00:00,2025-04-12 12:00:00,CLOSED,SAP_ARIBA,2025-04-04 14:27:00,2026-08-05 02:59:59,BATCH_202504_RAW_PURCHASE_ORDERS
PO-00000078,1,2025-04-05 08:00:00,SUP-002,SKU-0072,WH-MUM-03,467,66.12,AED,2025-04-22 08:00:00,2025-04-12T08:00:00Z,CLOSED,SAP_ARIBA,2025-04-05 08:30:00,2026-08-05 02:59:59,BATCH_202504_RAW_PURCHASE_ORDERS
PO-00000079,1,2025-04-05 13:00:00,SUP-001,SKU-0113,WH-MUM-03,355,71.37,SGD,2025-04-20 13:00:00,2025-04-17 13:00:00,CLOSED,SAP_ARIBA,2025-04-05 14:19:00,2026-08-05 02:59:59,BATCH_202504_RAW_PURCHASE_ORDERS
PO-00000080,1,2025-04-05 08:00:00,SUP-002,SKU-0145,WH-BLR-04,267,61.86,USD,2025-04-22 08:00:00,2025-04-18 08:00:00,CLOSED,SAP_ARIBA,2025-04-05 08:13:00,2026-08-05 02:59:59,BATCH_202504_RAW_PURCHASE_ORDERS
PO-00000081,1,2025-04-07T08:00:00Z,SUP-003,SKU-0037,WH-BLR-04,193,15.39,SGD,2025-04-28 08:00:00,2025-04-18 08:00:00,CLOSED,SAP_ARIBA,2025-04-07 08:58:00,2026-08-05 02:59:59,BATCH_202504_RAW_PURCHASE_ORDERS
PO-00000082,1,2025-04-09 11:00:00,SUP-004,SKU-0034,WH-DEL-02,329,125.91,AED,2025-04-26 11:00:00,2025-04-17 11:00:00,CLOSED,SAP_ARIBA,2025-04-09 13:36:00,2026-08-05 02:59:59,BATCH_202504_RAW_PURCHASE_ORDERS
PO-00000083,1,2025-04-10 11:00:00,SUP-001,SKU-0066,WH-MUM-03,312,49.92,USD,2025-04-28 11:00:00,2025-04-22 11:00:00,CLOSED,SAP_ARIBA,2025-04-10 13:20:00,2026-08-05 02:59:59,BATCH_202504_RAW_PURCHASE_ORDERS
PO-00000084,1,2025-04-11 09:00:00,SUP-002,SKU-0002,WH-MUM-03,418,138.45,AED,2025-04-28 09:00:00,1745551800,CLOSED,SAP_ARIBA,2025-04-11 10:48:00,2026-08-05 02:59:59,BATCH_202504_RAW_PURCHASE_ORDERS
PO-00000085,1,2025-04-12 16:00:00,SUP-001,SKU-0066,WH-BLR-04,250,49.92,USD,2025-04-30 16:00:00,2025-04-23 16:00:00,CLOSED,SAP_ARIBA,2025-04-12 18:49:00,2026-08-05 02:59:59,BATCH_202504_RAW_PURCHASE_ORDERS
PO-00000086,1,2025-04-13 16:00:00,SUP-006,SKU-0071,WH-BLR-04,316,84.01,SGD,2025-05-03 16:00:00,2025-04-24 16:00:00,CLOSED,SAP_ARIBA,2025-04-13 16:38:00,2026-08-05 02:59:59,BATCH_202504_RAW_PURCHASE_ORDERS
po-00000087,1,2025-04-15 10:00:00,SUP-008,SKU-0100,WH-BLR-04,352,60.72,SGD,2025-05-03 10:00:00,2025-04-28 10:00:00,CLOSED,SAP_ARIBA,2025-04-15 12:05:00,2026-08-05 02:59:59,BATCH_202504_RAW_PURCHASE_ORDERS
PO-00000088,1,2025-04-16 11:00:00,SUP-006,SKU-0003,WH-MUM-03,256,32.55,AED,2025-05-05 11:00:00,2025-04-23 11:00:00,CLOSED,SAP_ARIBA,2025-04-16 11:57:00,2026-08-05 02:59:59,BATCH_202504_RAW_PURCHASE_ORDERS
PO-00000089,1,2025-04-16 12:00:00,SUP-001,SKU-0066,WH-LKO-01,205,49.92,USD,2025-05-03 12:00:00,2025-04-24 12:00:00,CLOSED,SAP_ARIBA,2025-04-16 14:42:00,2026-08-05 02:59:59,BATCH_202504_RAW_PURCHASE_ORDERS
PO-00000090,1,2025-04-16 09:00:00,SUP-008,SKU-0097,WH-BLR-04,349,139.55,EUR,2025-05-04 09:00:00,2025-04-30 09:00:00,CLOSED,SAP_ARIBA,2025-04-16 09:35:00,2026-08-05 02:59:59,BATCH_202504_RAW_PURCHASE_ORDERS
PO-00000091,1,2025-04-20 13:00:00,SUP-004, SKU-0034 ,WH-LKO-01,428,125.91,AED,2025-05-08 13:00:00,2025-05-04 13:00:00,CLOSED,SAP_ARIBA,2025-04-20 13:13:00,2026-08-05 02:59:59,BATCH_202504_RAW_PURCHASE_ORDERS
PO-00000092,1,2025-04-22 13:00:00,SUP-001,SKU-0113, WH-MUM-03 ,285,71.37,SGD,2025-05-07 13:00:00,2025-05-04 13:00:00,CLOSED,SAP_ARIBA,2025-04-22 13:36:00,2026-08-05 02:59:59,BATCH_202504_RAW_PURCHASE_ORDERS
PO-00000093,1,2025-04-23 14:00:00,SUP-005,SKU-0069,WH-DEL-02,386,125.54,EUR,2025-05-10 14:00:00,2025-05-05 14:00:00,CLOSED,SAP_ARIBA,2025-04-23 14:34:00,2026-08-05 02:59:59,BATCH_202504_RAW_PURCHASE_ORDERS
PO-00000094,1,2025-04-26 13:00:00,SUP-003,SKU-0037,WH-MUM-03,467,15.39,SGD,2025-05-15 13:00:00,2025-05-06 13:00:00,CLOSED,SAP_ARIBA,2025-04-26 14:26:00,2026-08-05 02:59:59,BATCH_202504_RAW_PURCHASE_ORDERS
PO-00000095,1,2025-04-26 10:00:00,SUP-003,SKU-0037,WH-BLR-04,224,15.39,SGD,2025-05-12 10:00:00,2025-05-07 10:00:00,CLOSED,SAP_ARIBA,2025-04-26 10:18:00,2026-08-05 02:59:59,BATCH_202504_RAW_PURCHASE_ORDERS
PO-00000096,1,2025-04-28 16:00:00,SUP-005,SKU-0069,WH-BLR-04,360,125.54,EUR,2025-05-15 16:00:00,2025-05-10 16:00:00,CLOSED,SAP_ARIBA,2025-04-28 16:03:00,2026-08-05 02:59:59,BATCH_202504_RAW_PURCHASE_ORDERS
PO-00000097,1,2025-04-30 10:00:00,SUP-002,SKU-0003,WH-BLR-04,293,32.55,AED,2025-05-18 10:00:00,2025-05-12 10:00:00,CLOSED,SAP_ARIBA,2025-04-30 12:13:00,2026-08-05 02:59:59,BATCH_202504_RAW_PURCHASE_ORDERS
PO-00000098,1,2025-04-30 13:00:00,SUP-004,SKU-0132,WH-DEL-02,410,87.06,SGD,2025-05-15 13:00:00,2025-05-11 13:00:00,PARTIALLY_RECEIVED,SAP_ARIBA,2025-04-30 14:47:00,2026-08-05 02:59:59,BATCH_202504_RAW_PURCHASE_ORDERS
PO-00000099,1,2025-05-02 10:00:00,SUP-002,SKU-0145,WH-LKO-01,303,61.86,USD,2025-05-23 10:00:00,2025-05-15 10:00:00,CLOSED,SAP_ARIBA,2025-05-02 10:19:00,2026-08-05 02:59:59,BATCH_202505_RAW_PURCHASE_ORDERS
PO-00000100,1,2025-05-03 15:00:00,SUP-001,SKU-0066,WH-BLR-04,265,49.92,USD,2025-05-18 15:00:00,2025-05-14 15:00:00,CLOSED,SAP_ARIBA,2025-05-03 15:12:00,2026-08-05 02:59:59,BATCH_202505_RAW_PURCHASE_ORDERS
PO-00000101,1,2025-05-05 11:00:00,SUP-001,SKU-0066,WH-LKO-01,194,49.92,USD,2025-05-16 11:00:00,2025-05-13 11:00:00,CLOSED,SAP_ARIBA,2025-05-05 12:53:00,2026-08-05 02:59:59,BATCH_202505_RAW_PURCHASE_ORDERS
PO-00000102,1,2025-05-12 11:00:00,SUP-003,SKU-0037,WH-MUM-03,431,15.39,SGD,2025-05-27 11:00:00,2025-05-22 11:00:00,CLOSED,SAP_ARIBA,2025-05-12 11:24:00,2026-08-05 02:59:59,BATCH_202505_RAW_PURCHASE_ORDERS
PO-00000103,1,2025-05-12 15:00:00,SUP-005,SKU-0069,WH-DEL-02,401,125.54,EUR,2025-05-27 15:00:00,2025-05-24 15:00:00,CLOSED,SAP_ARIBA,2025-05-12 15:43:00,2026-08-05 02:59:59,BATCH_202505_RAW_PURCHASE_ORDERS
PO-00000104,1,2025-05-14 11:00:00,SUP-006,SKU-0048,WH-DEL-02,290,129.41,AED,2025-06-01 11:00:00,2025-05-28 11:00:00,PARTIALLY_RECEIVED,SAP_ARIBA,2025-05-15 13:35:00,2026-08-05 02:59:59,BATCH_202505_RAW_PURCHASE_ORDERS
PO-00000105,1,2025-05-14 12:00:00,SUP-001,SKU-0066,WH-MUM-03,366,49.92,USD,2025-05-28 12:00:00,2025-05-26 12:00:00,CLOSED,SAP_ARIBA,2025-05-14 14:02:00,2026-08-05 02:59:59,BATCH_202505_RAW_PURCHASE_ORDERS
PO-00000106,1,2025-05-15 09:00:00,SUP-005,SKU-0069,WH-BLR-04,411,125.54,EUR,2025-06-02 09:00:00,2025-05-27 09:00:00,CLOSED,SAP_ARIBA,2025-05-15 11:02:00,2026-08-05 02:59:59,BATCH_202505_RAW_PURCHASE_ORDERS
PO-00000107,1,2025-05-16 15:00:00,SUP-001,SKU-0066,WH-LKO-01,241,49.92,USD,2025-05-28 15:00:00,2025-05-24 15:00:00,CLOSED,SAP_ARIBA,2025-05-20 17:08:00,2026-08-05 02:59:59,BATCH_202505_RAW_PURCHASE_ORDERS
PO-00000108,1,2025-05-17 14:00:00,SUP-001,SKU-0066,WH-BLR-04,211,49.92,USD,2025-06-06 14:00:00,2025-05-28 14:00:00,CLOSED,SAP_ARIBA,2025-05-17 16:39:00,2026-08-05 02:59:59,BATCH_202505_RAW_PURCHASE_ORDERS
PO-00000109,1,2025-05-20 11:00:00,SUP-002,SKU-0003,WH-BLR-04,390,32.55,AED,2025-06-09 11:00:00,2025-06-01 11:00:00,CLOSED,SAP_ARIBA,2025-05-20 11:46:00,2026-08-05 02:59:59,BATCH_202505_RAW_PURCHASE_ORDERS
PO-00000110,1,2025-05-21 10:00:00,SUP-006,SKU-0048,WH-LKO-01,360,129.41,AED,2025-06-07 10:00:00,2025-05-29 10:00:00,CLOSED,SAP_ARIBA,2025-05-21 10:12:00,2026-08-05 02:59:59,BATCH_202505_RAW_PURCHASE_ORDERS
PO-00000111,1,2025-05-25 08:00:00,SUP-001,SKU-0035,WH-BLR-04,445,135.69,AED,2025-06-08 08:00:00,2025-06-03 08:00:00,CLOSED,SAP_ARIBA,2025-05-25 08:59:00,2026-08-05 02:59:59,BATCH_202505_RAW_PURCHASE_ORDERS
PO-00000112,1,2025-05-28 14:00:00,SUP-008,SKU-0100,WH-LKO-01,223,60.72,SGD,2025-06-13 14:00:00,2025-06-08 14:00:00,CLOSED,SAP_ARIBA,2025-05-28 16:33:00,2026-08-05 02:59:59,BATCH_202505_RAW_PURCHASE_ORDERS
PO-00000113,1,2025-05-29 11:00:00,SUP-001,SKU-0066,WH-MUM-03,295, 49.92 USD ,USD,2025-06-15 11:00:00,2025-06-10T11:00:00+05:30,CLOSED,SAP_ARIBA,2025-05-29 11:36:00,2026-08-05 02:59:59,BATCH_202505_RAW_PURCHASE_ORDERS
PO-00000114,1,2025-06-01 15:00:00,SUP-001,SKU-0066,WH-LKO-01,264,49.92,USD,2025-06-12 15:00:00,2025-06-09 15:00:00,CLOSED,SAP_ARIBA,2025-06-01 16:41:00,2026-08-05 02:59:59,BATCH_202506_RAW_PURCHASE_ORDERS
PO-00000115,1,2025-06-03 16:00:00,SUP-006,SKU-0048,WH-LKO-01,385,129.41,AED,2025-06-15 16:00:00,2025-06-11 16:00:00,CLOSED,SAP_ARIBA,2025-06-03 16:43:00,2026-08-05 02:59:59,BATCH_202506_RAW_PURCHASE_ORDERS
PO-00000116,1,2025-06-04 13:00:00,SUP-003,SKU-0006,WH-LKO-01,293,66.64,AED,2025-06-22 13:00:00,2025-06-17 13:00:00,CLOSED,SAP_ARIBA,2025-06-04 14:21:00,2026-08-05 02:59:59,BATCH_202506_RAW_PURCHASE_ORDERS
PO-00000117,1,2025-06-04T11:00:00+05:30,SUP-006,SKU-0089,WH-BLR-04,373,99.92,USD,2025-06-23 11:00:00,2025-06-16 11:00:00,CLOSED,SAP_ARIBA,2025-06-04 13:58:00,2026-08-05 02:59:59,BATCH_202506_RAW_PURCHASE_ORDERS
PO-00000118,1,2025-06-04 09:00:00,SUP-007,SKU-0093,WH-MUM-03,372,74.28,SGD,2025-06-28 09:00:00,2025-06-17 09:00:00,CLOSED,SAP_ARIBA,2025-06-04 11:57:00,2026-08-05 02:59:59,BATCH_202506_RAW_PURCHASE_ORDERS
PO-00000119,1,2025-06-09 10:00:00,SUP-001,SKU-0035,WH-BLR-04,467,135.69,AED,2025-06-21 10:00:00,2025-06-18T10:00:00+05:30,CLOSED,SAP_ARIBA,2025-06-09 11:14:00,2026-08-05 02:59:59,BATCH_202506_RAW_PURCHASE_ORDERS
PO-00000120,1,2025-06-10 09:00:00,SUP-001,SKU-0038,WH-BLR-04,316,125.11,SGD,2025-06-29 09:00:00,2025-06-23 09:00:00,OPEN,SAP_ARIBA,2025-06-10 10:52:00,2026-08-05 02:59:59,BATCH_202506_RAW_PURCHASE_ORDERS
PO-00000121,1,2025-06-12 13:00:00,SUP-001,SKU-0066,WH-BLR-04,241,49.92,USD,2025-07-02 13:00:00,2025-06-23 13:00:00,CLOSED,SAP_ARIBA,2025-06-12 15:25:00,2026-08-05 02:59:59,BATCH_202506_RAW_PURCHASE_ORDERS
PO-00000122,1,2025-06-12T16:00:00+05:30,SUP-007,SKU-0105,WH-MUM-03,502,107.95,USD,2025-07-06 16:00:00,2025-06-26 16:00:00,CLOSED,SAP_ARIBA,2025-06-12 17:08:00,2026-08-05 02:59:59,BATCH_202506_RAW_PURCHASE_ORDERS
PO-00000123,1,2025-06-12 09:00:00,SUP-001,SKU-0150,WH-DEL-02,393,144.79,AED,2025-06-30 09:00:00,2025-06-21 09:00:00,CLOSED,SAP_ARIBA,2025-06-12 09:17:00,2026-08-05 02:59:59,BATCH_202506_RAW_PURCHASE_ORDERS
PO-00000124,1,2025-06-13 14:00:00,SUP-003,SKU-0052,WH-LKO-01,538,39.54,AED,2025-07-01 14:00:00,2025-06-28 14:00:00,CLOSED,SAP_ARIBA,2025-06-13 15:57:00,2026-08-05 02:59:59,BATCH_202506_RAW_PURCHASE_ORDERS
PO-00000125,1,2025-06-13 16:00:00,SUP-007,SKU-0093,WH-LKO-01,294,74.28,SGD,2025-06-30 16:00:00,2025-06-23 16:00:00,PARTIALLY_RECEIVED,SAP_ARIBA,2025-06-13 16:20:00,2026-08-05 02:59:59,BATCH_202506_RAW_PURCHASE_ORDERS
PO-00000126,1,2025-06-13 10:00:00,SUP-002,SKU-0145,WH-LKO-01,466,70.80,USD,2025-07-10 10:00:00,2025-06-29 10:00:00,CLOSED,SAP_ARIBA,2025-06-13 12:42:00,2026-08-05 02:59:59,BATCH_202506_RAW_PURCHASE_ORDERS
PO-00000127,1,2025-06-15 09:00:00,SUP-004,SKU-0027,WH-BLR-04,400,117.32,AED,2025-07-07 09:00:00,2025-06-27 09:00:00,CLOSED,SAP_ARIBA,2025-06-15 10:20:00,2026-08-05 02:59:59,BATCH_202506_RAW_PURCHASE_ORDERS
PO-00000128,1,2025-06-15 10:00:00,SUP-001,SKU-0030,WH-MUM-03,415,156.64,EUR,2025-06-29 10:00:00,2025-06-25 10:00:00,CLOSED,SAP_ARIBA,2025-06-15 10:27:00,2026-08-05 02:59:59,BATCH_202506_RAW_PURCHASE_ORDERS
PO-00000129,1,2025-06-15 14:00:00,SUP-007,SKU-0064,WH-BLR-04,604,97.35,USD,2025-07-04 14:00:00,2025-07-01 14:00:00,PARTIALLY_RECEIVED,SAP_ARIBA,2025-06-15 15:45:00,2026-08-05 02:59:59,BATCH_202506_RAW_PURCHASE_ORDERS
PO-00000130,1,2025-06-15 11:00:00,SUP-008,SKU-0100,WH-LKO-01,253,60.72,SGD,2025-07-01 11:00:00,2025-06-26 11:00:00,OPEN,SAP_ARIBA,2025-06-15 12:13:00,2026-08-05 02:59:59,BATCH_202506_RAW_PURCHASE_ORDERS
PO-00000131,1,2025-06-17 14:00:00,SUP-001,SKU-0066,WH-LKO-01,222,49.92,USD,2025-06-30 14:00:00,2025-06-25 14:00:00,CLOSED,SAP_ARIBA,2025-06-17 14:04:00,2026-08-05 02:59:59,BATCH_202506_RAW_PURCHASE_ORDERS
PO-00000132,1,2025-06-18 13:00:00,SUP-003,SKU-0052,WH-BLR-04,431,40.92,AED,2025-07-04 13:00:00,2025-06-29 13:00:00,CLOSED,SAP_ARIBA,2025-07-02 15:42:00,2026-08-05 02:59:59,BATCH_202506_RAW_PURCHASE_ORDERS
PO-00000133,1,2025-06-18 09:00:00,SUP-002,SKU-0131,WH-DEL-02,471,152.44,USD,2025-07-07 09:00:00,2025-06-30 09:00:00,CLOSED,SAP_ARIBA,2025-06-18 09:59:00,2026-08-05 02:59:59,BATCH_202506_RAW_PURCHASE_ORDERS
PO-00000134,1,2025-06-19 09:00:00,SUP-005,SKU-0054,WH-BLR-04,425,47.77,EUR,2025-07-10 09:00:00,2025-07-07 09:00:00,CLOSED,SAP_ARIBA,2025-06-19 09:00:00,2026-08-05 02:59:59,BATCH_202506_RAW_PURCHASE_ORDERS
PO-00000135,1,2025-06-19 11:00:00,SUP-005,SKU-0069,WH-LKO-01,431,133.11,EUR,2025-07-03 11:00:00,2025-07-01 11:00:00,CLOSED,SAP_ARIBA,2025-06-19 13:47:00,2026-08-05 02:59:59,BATCH_202506_RAW_PURCHASE_ORDERS
PO-00000136,1,2025-06-19 16:00:00,SUP-004,SKU-0145,WH-DEL-02,337,61.86,USD,29/06/2025,2025-06-27 16:00:00,PARTIALLY_RECEIVED,SAP_ARIBA,2025-06-19 17:29:00,2026-08-05 02:59:59,BATCH_202506_RAW_PURCHASE_ORDERS
PO-00000137,1,2025-06-21 15:00:00,SUP-004,SKU-0001,WH-DEL-02,476,37.27,SGD,2025-07-17 15:00:00,2025-07-05 15:00:00,CLOSED,SAP_ARIBA,2025-06-21 16:15:00,2026-08-05 02:59:59,BATCH_202506_RAW_PURCHASE_ORDERS
PO-00000138,1,2025-06-21 12:00:00,SUP-002,SKU-0102,WH-LKO-01,550,110.25,SGD,2025-07-16 12:00:00,2025-07-06 12:00:00,CLOSED,SAP_ARIBA,2025-06-21 12:26:00,2026-08-05 02:59:59,BATCH_202506_RAW_PURCHASE_ORDERS
PO-00000139,1,2025-06-22 16:00:00, SUP-003 ,SKU-0006,WH-LKO-01,259,74.25,AED,2025-07-09 16:00:00,1751884200,CLOSED,SAP_ARIBA,2025-06-22 16:06:00,2026-08-05 02:59:59,BATCH_202506_RAW_PURCHASE_ORDERS
PO-00000140,1,2025-06-22 15:00:00,SUP-001,SKU-0050,WH-DEL-02,400,56.56,EUR,2025-07-05 15:00:00,2025-07-02 15:00:00,CLOSED,SAP_ARIBA,2025-06-22 17:53:00,2026-08-05 02:59:59,BATCH_202506_RAW_PURCHASE_ORDERS
PO-00000141,1,2025-06-23 09:00:00,SUP-003,SKU-0016,WH-LKO-01,416,93.10,SGD,2025-07-13 09:00:00,2025-07-10 09:00:00,PARTIALLY_RECEIVED,SAP_ARIBA,2025-06-23 11:13:00,2026-08-05 02:59:59,BATCH_202506_RAW_PURCHASE_ORDERS
PO-00000142,1,2025-06-24 10:00:00,SUP-005,SKU-0137,WH-LKO-01,365,160.17,AED,2025-07-19 10:00:00,2025-07-09 10:00:00,CLOSED,SAP_ARIBA,2025-06-24 11:21:00,2026-08-05 02:59:59,BATCH_202506_RAW_PURCHASE_ORDERS
PO-00000143,1,2025-06-25T13:00:00Z,SUP-004,SKU-0015,WH-LKO-01,636,62.60,SGD,2025-07-15 13:00:00,2025-07-10 13:00:00,CLOSED,SAP_ARIBA,2025-06-25 13:14:00,2026-08-05 02:59:59,BATCH_202506_RAW_PURCHASE_ORDERS
PO-00000144,1,2025-06-25 08:00:00,SUP-004,SKU-0016,WH-BLR-04,346,94.81,SGD,2025-07-18 08:00:00,2025-07-11 08:00:00,CLOSED,SAP_ARIBA,2025-06-25 10:27:00,2026-08-05 02:59:59,BATCH_202506_RAW_PURCHASE_ORDERS
PO-00000145,1,2025-06-25 16:00:00,SUP-006,SKU-0089,WH-BLR-04,499,99.92,USD,2025-07-19 16:00:00,45845,CLOSED,SAP_ARIBA,2025-06-25 17:57:00,2026-08-05 02:59:59,BATCH_202506_RAW_PURCHASE_ORDERS
PO-00000146,1,2025-06-28 08:00:00,SUP-008,SKU-0087,WH-DEL-02,312,128.38,USD,2025-07-23 08:00:00,2025-07-12 08:00:00,PARTIALLY_RECEIVED,SAP_ARIBA,2025-06-28 08:44:00,2026-08-05 02:59:59,BATCH_202506_RAW_PURCHASE_ORDERS
PO-00000147,1,2025-06-28 11:00:00,SUP-002,SKU-0116,WH-BLR-04,414,160.31,SGD,2025-07-16 11:00:00,2025-07-10 11:00:00,CLOSED,SAP_ARIBA,2025-06-28 12:08:00,2026-08-05 02:59:59,BATCH_202506_RAW_PURCHASE_ORDERS
PO-00000148,1,2025-06-30 09:00:00,SUP-002,SKU-0002,WH-DEL-02,220,138.45,AED,2025-07-15 09:00:00,2025-07-13 09:00:00,CLOSED,SAP_ARIBA,2025-06-30 10:23:00,2026-08-05 02:59:59,BATCH_202506_RAW_PURCHASE_ORDERS
PO-00000149,1,2025-06-30 14:00:00,SUP-004,SKU-0027,WH-DEL-02,363,121.29,AED,2025-07-17 14:00:00,2025-07-09 14:00:00,CLOSED,SAP_ARIBA,2025-06-30 16:20:00,2026-08-05 02:59:59,BATCH_202506_RAW_PURCHASE_ORDERS
PO-00000150,1,2025-06-30 08:00:00,SUP-002,SKU-0145,WH-BLR-04,309,61.86,USD,2025-07-20 08:00:00,2025-07-13 08:00:00,CLOSED,SAP_ARIBA,2025-06-30 08:39:00,2026-08-05 02:59:59,BATCH_202506_RAW_PURCHASE_ORDERS
PO-00000151,1,2025-07-01 15:00:00,SUP-004,SKU-0099,WH-LKO-01,516,94.36,USD,2025-07-13 15:00:00,2025-07-10 15:00:00,CLOSED,SAP_ARIBA,2025-07-01 17:03:00,2026-08-05 02:59:59,BATCH_202507_RAW_PURCHASE_ORDERS
PO-00000152,1,2025-07-02 13:00:00,SUP-001,SKU-0066,WH-LKO-01,473,54.38,USD,2025-07-21 13:00:00,2025-07-16 13:00:00,CLOSED,SAP_ARIBA,2025-07-02 14:18:00,2026-08-05 02:59:59,BATCH_202507_RAW_PURCHASE_ORDERS
PO-00000153,1,2025-07-03 16:00:00,SUP-004,SKU-0095,WH-BLR-04,557,72.98,AED,2025-07-31T16:00:00+05:30,2025-07-20 16:00:00,CLOSED,SAP_ARIBA,2025-07-03 18:09:00,2026-08-05 02:59:59,BATCH_202507_RAW_PURCHASE_ORDERS
PO-00000154,1,2025-07-03 14:00:00,SUP-004,SKU-0132,WH-BLR-04,226,87.06,SGD,2025-07-21 14:00:00,2025-07-13 14:00:00,CLOSED,SAP_ARIBA,2025-07-03 14:40:00,2026-08-05 02:59:59,BATCH_202507_RAW_PURCHASE_ORDERS
PO-00000155,1,2025-07-03 10:00:00,SUP-001,SKU-0146,WH-BLR-04,348,71.29,EUR,2025-07-23 10:00:00,2025-07-20 10:00:00,CLOSED,SAP_ARIBA,2025-07-03 11:51:00,2026-08-05 02:59:59,BATCH_202507_RAW_PURCHASE_ORDERS
PO-00000156,1,2025-07-03 13:00:00,SUP-001,SKU-0150,WH-DEL-02,300,144.79,AED,2025-07-21T13:00:00+05:30,2025-07-12 13:00:00,CLOSED,SAP_ARIBA,2025-07-03 13:51:00,2026-08-05 02:59:59,BATCH_202507_RAW_PURCHASE_ORDERS
PO-00000157,1,2025-07-04 13:00:00,SUP-007,SKU-0101,WH-BLR-04,560,146.11,AED,28/07/2025,2025-07-21 13:00:00,CLOSED,SAP_ARIBA,2025-07-04 14:23:00,2026-08-05 02:59:59,BATCH_202507_RAW_PURCHASE_ORDERS
PO-00000158,1,2025-07-04 08:00:00,SUP-006,SKU-0117,WH-MUM-03,296,95.89,EUR,2025-07-21 08:00:00,2025-07-17 08:00:00,CLOSED,SAP_ARIBA,2025-07-04 08:31:00,2026-08-05 02:59:59,BATCH_202507_RAW_PURCHASE_ORDERS
PO-00000159,1,2025-07-05 13:00:00,SUP-004,SKU-0132,WH-MUM-03,335,87.06,SGD,2025-07-28 13:00:00,2025-07-18 13:00:00,CLOSED,SAP_ARIBA,2025-08-03 15:34:00,2026-08-05 02:59:59,BATCH_202507_RAW_PURCHASE_ORDERS
PO-00000160,1,2025-07-06 10:00:00,SUP-001,SKU-0050,WH-DEL-02,498,56.56,EUR,2025-07-22 10:00:00,2025-07-16 10:00:00,PARTIALLY_RECEIVED,SAP_ARIBA,2025-07-06 12:15:00,2026-08-05 02:59:59,BATCH_202507_RAW_PURCHASE_ORDERS
PO-00000161,1,2025-07-08 11:00:00,SUP-004,SKU-0027,WH-BLR-04,532,117.32,AED,2025-08-06 11:00:00,2025-07-20 11:00:00,CLOSED,SAP_ARIBA,2025-07-08 12:47:00,2026-08-05 02:59:59,BATCH_202507_RAW_PURCHASE_ORDERS
PO-00000162,1,2025-07-09 11:00:00,SUP-006,SKU-0044,WH-MUM-03,408,126.10,USD,2025-07-31 11:00:00,2025-07-25 11:00:00,CLOSED,SAP_ARIBA,2025-07-09 12:17:00,2026-08-05 02:59:59,BATCH_202507_RAW_PURCHASE_ORDERS
PO-00000163,1,2025-07-09 14:00:00,SUP-006,SKU-0053,WH-DEL-02,577,145.28,SGD,2025-07-28 14:00:00,2025-07-24 14:00:00,CLOSED,SAP_ARIBA,2025-07-09 16:27:00,2026-08-05 02:59:59,BATCH_202507_RAW_PURCHASE_ORDERS
PO-00000164,1,2025-07-10 14:00:00,SUP-003,SKU-0052,WH-BLR-04,415,40.92,AED,2025-07-23 14:00:00,2025-07-21 14:00:00,CLOSED,SAP_ARIBA,2025-07-10 16:11:00,2026-08-05 02:59:59,BATCH_202507_RAW_PURCHASE_ORDERS
PO-00000165,1,2025-07-10 14:00:00,SUP-007,SKU-0129,WH-LKO-01,510,27.40,AED,2025-08-02 14:00:00,2025-07-24 14:00:00,CLOSED,SAP_ARIBA,2025-07-10 15:03:00,2026-08-05 02:59:59,BATCH_202507_RAW_PURCHASE_ORDERS
PO-00000166,1,2025-07-11 08:00:00,SUP-005,SKU-0054,WH-BLR-04,457,47.77,EUR,2025-08-04 08:00:00,2025-07-29 08:00:00,CLOSED,SAP_ARIBA,2025-07-11 10:16:00,2026-08-05 02:59:59,BATCH_202507_RAW_PURCHASE_ORDERS
PO-00000167,1,2025-07-11 12:00:00,SUP-001,SKU-0066,WH-MUM-03,514,53.36,USD,2025-07-24 12:00:00,2025-07-21 12:00:00,CLOSED,SAP_ARIBA,2025-07-11 12:08:00,2026-08-05 02:59:59,BATCH_202507_RAW_PURCHASE_ORDERS
PO-00000168,1,2025-07-11 16:00:00,SUP-006,SKU-0083,wh-mum-03,477,121.92,USD,2025-07-29 16:00:00,2025-07-25 16:00:00,CLOSED,SAP_ARIBA,2025-07-15 16:08:00,2026-08-05 02:59:59,BATCH_202507_RAW_PURCHASE_ORDERS
PO-00000169,1,2025-07-11 11:00:00,SUP-001,SKU-0146,WH-DEL-02,510,68.74,EUR,2025-07-27 11:00:00,2025-07-23 11:00:00,CLOSED,SAP_ARIBA,2025-07-11 11:53:00,2026-08-05 02:59:59,BATCH_202507_RAW_PURCHASE_ORDERS
PO-00000170,1,2025-07-12 13:00:00,SUP-004,SKU-0091,WH-BLR-04,373,69.56,SGD,2025-07-28 13:00:00,2025-07-23 13:00:00,CLOSED,SAP_ARIBA,2025-07-13 14:47:00,2026-08-05 02:59:59,BATCH_202507_RAW_PURCHASE_ORDERS
PO-00000171,1,2025-07-13 09:00:00,SUP-004,SKU-0091,WH-DEL-02,634,79.30,SGD,2025-07-30 09:00:00,2025-07-22 09:00:00,CLOSED,SAP_ARIBA,2025-07-13 09:41:00,2026-08-05 02:59:59,BATCH_202507_RAW_PURCHASE_ORDERS
PO-00000172,1,2025-07-14 10:00:00,SUP-004,SKU-0099,WH-LKO-01,639,94.36,USD,2025-07-26 10:00:00,2025-07-23 10:00:00,PARTIALLY_RECEIVED,SAP_ARIBA,2025-07-14 12:51:00,2026-08-05 02:59:59,BATCH_202507_RAW_PURCHASE_ORDERS
PO-00000173,1,2025-07-14 11:00:00,SUP-005,SKU-0137,WH-LKO-01,340,160.17,AED,2025-08-03 11:00:00,2025-07-29 11:00:00,CLOSED,SAP_ARIBA,2025-07-14 12:29:00,2026-08-05 02:59:59,BATCH_202507_RAW_PURCHASE_ORDERS
PO-00000174,1,2025-07-14 13:00:00,SUP-001,SKU-0138,WH-LKO-01,341,81.29,AED,2025-07-27 13:00:00,2025-07-22 13:00:00,CLOSED,SAP_ARIBA,2025-07-14 15:19:00,2026-08-05 02:59:59,BATCH_202507_RAW_PURCHASE_ORDERS
PO-00000175,1,2025-07-15 12:00:00,SUP-002, SKU-0002 ,WH-DEL-02,289,138.45,AED,2025-08-04 12:00:00,2025-07-28 12:00:00,CLOSED,SAP_ARIBA,2025-07-15 14:05:00,2026-08-05 02:59:59,BATCH_202507_RAW_PURCHASE_ORDERS
PO-00000176,1,2025-07-15 15:00:00,SUP-006,SKU-0126,WH-BLR-04,587,111.99,USD,2025-08-05 15:00:00,2025-08-02 15:00:00,CLOSED,SAP_ARIBA,2025-07-15 17:14:00,2026-08-05 02:59:59,BATCH_202507_RAW_PURCHASE_ORDERS
PO-00000177,1,2025-07-16 09:00:00,SUP-001,SKU-0150,WH-MUM-03,340,144.79,AED,2025-07-30 09:00:00,2025-07-27 09:00:00,CLOSED,SAP_ARIBA,2025-07-16 11:26:00,2026-08-05 02:59:59,BATCH_202507_RAW_PURCHASE_ORDERS
PO-00000178,1,2025-07-17 11:00:00,SUP-004,SKU-0027,WH-MUM-03,663,119.58,AED,2025-08-12 11:00:00,2025-07-31 11:00:00,CLOSED,SAP_ARIBA,2025-07-17 11:49:00,2026-08-05 02:59:59,BATCH_202507_RAW_PURCHASE_ORDERS
PO-00000179,1,2025-07-18 08:00:00,SUP-005,SKU-0107,WH-MUM-03,455,45.71,SGD,2025-08-03 08:00:00,2025-07-30 08:00:00,CLOSED,SAP_ARIBA,2025-07-18 09:14:00,2026-08-05 02:59:59,BATCH_202507_RAW_PURCHASE_ORDERS
PO-00000180,1,2025-07-18 10:00:00,SUP-001,SKU-0134,WH-BLR-04,404,66.33,USD,2025-08-04 10:00:00,2025-07-30 10:00:00,CLOSED,SAP_ARIBA,2025-07-18 10:57:00,2026-08-05 02:59:59,BATCH_202507_RAW_PURCHASE_ORDERS
PO-00000181,1,2025-07-19 10:00:00,SUP-004,SKU-0016,WH-BLR-04,370,94.81,SGD,2025-08-07 10:00:00,1754281800,CLOSED,SAP_ARIBA,2025-07-19 12:19:00,2026-08-05 02:59:59,BATCH_202507_RAW_PURCHASE_ORDERS
PO-00000182,1,2025-07-19 10:00:00,SUP-001,SKU-0066,WH-BLR-04,207,49.92,USD,2025-08-04 10:00:00,2025-07-30 10:00:00,PARTIALLY_RECEIVED,SAP_ARIBA,2025-07-19 12:56:00,2026-08-05 02:59:59,BATCH_202507_RAW_PURCHASE_ORDERS
PO-00000183,1,2025-07-20 12:00:00,SUP-008,SKU-0004,WH-MUM-03,492,135.98,AED,2025-08-16 12:00:00,2025-08-07 12:00:00,CLOSED,SAP_ARIBA,2025-07-20 13:34:00,2026-08-05 02:59:59,BATCH_202507_RAW_PURCHASE_ORDERS
PO-00000184,1,2025-07-20 11:00:00,SUP-003,SKU-0028,WH-BLR-04,510,108.64,USD,08-05-2025,2025-07-31 11:00:00,CLOSED,SAP_ARIBA,2025-07-20 13:19:00,2026-08-05 02:59:59,BATCH_202507_RAW_PURCHASE_ORDERS
PO-00000185,1,2025-07-21 16:00:00,SUP-003,SKU-0035,WH-MUM-03,422,144.85,AED,2025-08-02 16:00:00,2025-07-31 16:00:00,CLOSED,SAP_ARIBA,2025-07-21 17:06:00,2026-08-05 02:59:59,BATCH_202507_RAW_PURCHASE_ORDERS
PO-00000186,1,2025-07-21 10:00:00,SUP-002,SKU-0102,WH-LKO-01,453,110.25,SGD,2025-08-08 10:00:00,2025-08-05 10:00:00,CLOSED,SAP_ARIBA,2025-07-21 10:55:00,2026-08-05 02:59:59,BATCH_202507_RAW_PURCHASE_ORDERS
PO-00000187,1,2025-07-21 10:00:00,SUP-006,SKU-0117,WH-MUM-03,321,95.89,EUR,2025-08-12 10:00:00,2025-08-03 10:00:00,CLOSED,SAP_ARIBA,2025-07-21 11:39:00,2026-08-05 02:59:59,BATCH_202507_RAW_PURCHASE_ORDERS
PO-00000188,1,2025-07-22 15:00:00,SUP-003,SKU-0076,WH-BLR-04,649,119.47,EUR,2025-08-10 15:00:00,2025-08-01 15:00:00,CLOSED,SAP_ARIBA,2025-07-22 17:12:00,2026-08-05 02:59:59,BATCH_202507_RAW_PURCHASE_ORDERS
PO-00000189,1,2025-07-22 11:00:00,SUP-004,SKU-0132,WH-BLR-04,304,87.06,SGD,2025-08-07 11:00:00,2025-08-01 11:00:00, CLOSED ,SAP_ARIBA,2025-07-22 11:23:00,2026-08-05 02:59:59,BATCH_202507_RAW_PURCHASE_ORDERS
PO-00000190,1,2025-07-23 15:00:00,SUP-006,SKU-0071,WH-MUM-03,362,"92,33",SGD,2025-08-07 15:00:00,2025-08-02 15:00:00,CLOSED,SAP_ARIBA,2025-07-28 17:10:00,2026-08-05 02:59:59,BATCH_202507_RAW_PURCHASE_ORDERS
PO-00000191,1,2025-07-24 11:00:00,SUP-003,SKU-0009,WH-BLR-04,507,94.70,EUR,2025-08-07 11:00:00,2025-08-04 11:00:00,CLOSED,SAP_ARIBA,2025-07-24 13:08:00,2026-08-05 02:59:59,BATCH_202507_RAW_PURCHASE_ORDERS
PO-00000192,1,2025-07-24 14:00:00,SUP-004,SKU-0027,WH-DEL-02,470,121.29,AED,2025-08-16 14:00:00,2025-08-02 14:00:00,PARTIALLY_RECEIVED,SAP_ARIBA,2025-07-24 16:14:00,2026-08-05 02:59:59,BATCH_202507_RAW_PURCHASE_ORDERS
PO-00000193,1,2025-07-24 15:00:00,SUP-001,SKU-0066,WH-LKO-01,407,54.38,USD,2025-08-10 15:00:00,2025-08-07 15:00:00,CLOSED,SAP_ARIBA,2025-07-24 17:40:00,2026-08-05 02:59:59,BATCH_202507_RAW_PURCHASE_ORDERS
PO-00000194,1,2025-07-26 12:00:00,SUP-001,SKU-0138,WH-LKO-01,347,81.29,AED,2025-08-06 12:00:00,2025-08-03 12:00:00,CLOSED,SAP_ARIBA,2025-07-26 13:23:00,2026-08-05 02:59:59,BATCH_202507_RAW_PURCHASE_ORDERS
PO-00000195,1,2025-07-27T10:00:00+05:30,SUP-002,SKU-0078,WH-DEL-02,346,120.96,USD,2025-08-16T10:00:00Z,2025-08-09 10:00:00,PARTIALLY_RECEIVED,SAP_ARIBA,2025-07-27 10:01:00,2026-08-05 02:59:59,BATCH_202507_RAW_PURCHASE_ORDERS
PO-00000196,1,2025-07-28 15:00:00,SUP-008,SKU-0023,WH-BLR-04,516,125.81,EUR,2025-08-27 15:00:00,2025-08-12 15:00:00,OPEN,SAP_ARIBA,2025-07-28 17:08:00,2026-08-05 02:59:59,BATCH_202507_RAW_PURCHASE_ORDERS
PO-00000197,1,2025-07-28 12:00:00,SUP-005,SKU-0058,WH-MUM-03,308,39.35,USD,2025-08-09 12:00:00,2025-08-05 12:00:00,CLOSED,SAP_ARIBA,2025-07-28 12:38:00,2026-08-05 02:59:59,BATCH_202507_RAW_PURCHASE_ORDERS
PO-00000198,1,2025-07-28 10:00:00,SUP-005,SKU-0074,WH-DEL-02,453,37.07,USD,2025-08-16 10:00:00,2025-08-14 10:00:00,CLOSED,SAP_ARIBA,2025-07-28 12:14:00,2026-08-05 02:59:59,BATCH_202507_RAW_PURCHASE_ORDERS
PO-00000199,1,45866,SUP-006,SKU-0104,WH-DEL-02,339,60.93,SGD,2025-08-11 12:00:00,2025-08-06T12:00:00+05:30,CLOSED,SAP_ARIBA,2025-07-28 13:13:00,2026-08-05 02:59:59,BATCH_202507_RAW_PURCHASE_ORDERS
PO-00000200,1,2025-07-28 08:00:00,SUP-007,SKU-0110,WH-BLR-04,614,85.69,AED,2025-08-20 08:00:00,2025-08-07 08:00:00,CLOSED,SAP_ARIBA,2025-07-28 10:58:00,2026-08-05 02:59:59,BATCH_202507_RAW_PURCHASE_ORDERS
PO-00000201,1,2025-07-28 12:00:00,SUP-005,SKU-0139,WH-BLR-04,538,32.64,EUR,2025-08-16 12:00:00,2025-08-13 12:00:00,CLOSED,SAP_ARIBA,2025-07-28 12:57:00,2026-08-05 02:59:59,BATCH_202507_RAW_PURCHASE_ORDERS
PO-00000202,1,2025-07-29 15:00:00,SUP-004,SKU-0091,WH-BLR-04,376,69.56,SGD,45887,2025-08-09 15:00:00,PARTIALLY_RECEIVED,SAP_ARIBA,2025-07-29 15:25:00,2026-08-05 02:59:59,BATCH_202507_RAW_PURCHASE_ORDERS
PO-00000203,1,2025-07-29 12:00:00,SUP-007,SKU-0101,WH-BLR-04,514,146.11,AED,2025-08-26 12:00:00,2025-08-15 12:00:00,CANCELLED,SAP_ARIBA,2025-07-29 13:47:00,2026-08-05 02:59:59,BATCH_202507_RAW_PURCHASE_ORDERS
PO-00000204,1,2025-07-30 12:00:00,SUP-006,SKU-0053,WH-DEL-02,431,145.28,SGD,2025-08-24 12:00:00,2025-08-14 12:00:00,CLOSED,SAP_ARIBA,2025-07-30 13:06:00,2026-08-05 02:59:59,BATCH_202507_RAW_PURCHASE_ORDERS
PO-00000205,1,2025-07-30 14:00:00,SUP-004,SKU-0053,WH-BLR-04,680,141.26,SGD,2025-08-24 14:00:00,2025-08-12 14:00:00,PARTIALLY_RECEIVED,SAP_ARIBA,2025-07-30 14:11:00,2026-08-05 02:59:59,BATCH_202507_RAW_PURCHASE_ORDERS
PO-00000206,1,2025-07-30 09:00:00,SUP-004,SKU-0091,WH-DEL-02,534,79.30,SGD,2025-08-14 09:00:00,2025-08-08 09:00:00,CLOSED,SAP_ARIBA,2025-07-30 09:24:00,2026-08-05 02:59:59,BATCH_202507_RAW_PURCHASE_ORDERS
PO-00000207,1,2025-07-30 14:00:00,SUP-004,SKU-0095,WH-MUM-03,669,74.86,AED,2025-08-21 14:00:00,2025-08-15 14:00:00,PARTIALLY_RECEIVED,SAP_ARIBA,2025-07-30 14:48:00,2026-08-05 02:59:59,BATCH_202507_RAW_PURCHASE_ORDERS
PO-00000208,1,2025-07-30 16:00:00,sup-006,SKU-0148,WH-BLR-04,347,155.63,USD,2025-08-14 16:00:00,2025-08-08 16:00:00,PARTIALLY_RECEIVED,SAP_ARIBA,2025-07-30 17:47:00,2026-08-05 02:59:59,BATCH_202507_RAW_PURCHASE_ORDERS
PO-00000209,1,2025-07-30 15:00:00,SUP-001,SKU-0150,WH-MUM-03,291,144.79,AED,2025-08-12 15:00:00,2025-08-10 15:00:00,CLOSED,SAP_ARIBA,2025-07-30 17:17:00,2026-08-05 02:59:59,BATCH_202507_RAW_PURCHASE_ORDERS
PO-00000210,1,2025-07-31 16:00:00,SUP-008,SKU-0023,WH-LKO-01,620,122.62,EUR,2025-08-19 16:00:00,2025-08-13 16:00:00,CLOSED,SAP_ARIBA,2025-07-31 17:09:00,2026-08-05 02:59:59,BATCH_202507_RAW_PURCHASE_ORDERS
PO-00000211,1,2025-07-31 09:00:00,SUP-004,SKU-0026,WH-BLR-04,321,28.10,USD,2025-08-25 09:00:00,2025-08-16 09:00:00,CLOSED,SAP_ARIBA,2025-07-31 10:55:00,2026-08-05 02:59:59,BATCH_202507_RAW_PURCHASE_ORDERS
PO-00000212,1,2025-07-31 12:00:00,SUP-006,SKU-0083,WH-MUM-03,437,138.63,USD,2025-08-18 12:00:00,2025-08-14 12:00:00,CLOSED,SAP_ARIBA,2025-08-02 14:51:00,2026-08-05 02:59:59,BATCH_202507_RAW_PURCHASE_ORDERS
PO-00000213,1,2025-07-31 11:00:00,SUP-005,SKU-0103,WH-MUM-03,434,154.41,AED,2025-08-22 11:00:00,45882,CLOSED,SAP_ARIBA,2025-07-31 13:45:00,2026-08-05 02:59:59,BATCH_202507_RAW_PURCHASE_ORDERS
PO-00000214,1,2025-08-01 14:00:00,SUP-003,SKU-0035,WH-DEL-02,481,144.93,AED,2025-08-20 14:00:00,2025-08-17 14:00:00,CLOSED,SAP_ARIBA,2025-08-01 15:50:00,2026-08-05 02:59:59,BATCH_202508_RAW_PURCHASE_ORDERS
PO-00000215,1,2025-08-01 14:00:00,SUP-007,SKU-0040,WH-MUM-03,318,67.21,SGD,2025-08-27 14:00:00,2025-08-14 14:00:00,CLOSED,SAP_ARIBA,2025-08-01 16:50:00,2026-08-05 02:59:59,BATCH_202508_RAW_PURCHASE_ORDERS
PO-00000216,1,2025-08-01 09:00:00,SUP-001,SKU-0134,WH-BLR-04,486,66.33,USD,2025-08-24 09:00:00,2025-08-13 09:00:00,CLOSED,SAP_ARIBA,2025-08-06 09:40:00,2026-08-05 02:59:59,BATCH_202508_RAW_PURCHASE_ORDERS
PO-00000217,1,2025-08-02 13:00:00,SUP-006,SKU-0008,WH-LKO-01,305,73.99,SGD,2025-08-21 13:00:00,2025-08-16 13:00:00,CLOSED,SAP_ARIBA,2025-08-02 13:29:00,2026-08-05 02:59:59,BATCH_202508_RAW_PURCHASE_ORDERS
PO-00000218,1,2025-08-02 08:00:00,SUP-001,SKU-0038,WH-MUM-03,335,132.70,SGD,2025-08-22 08:00:00,2025-08-17 08:00:00,CLOSED,SAP_ARIBA,2025-08-02 10:24:00,2026-08-05 02:59:59,BATCH_202508_RAW_PURCHASE_ORDERS
PO-00000219,1,2025-08-02 09:00:00,SUP-007,SKU-0101,WH-DEL-02,379,154.09,AED,2025-08-29 09:00:00,2025-08-16 09:00:00,CLOSED,SAP_ARIBA,2025-08-02 09:46:00,2026-08-05 02:59:59,BATCH_202508_RAW_PURCHASE_ORDERS
PO-00000220,1,2025-08-02 15:00:00,SUP-006,SKU-0126,WH-MUM-03,395,111.10,USD,2025-08-14 15:00:00,2025-08-12 15:00:00,CLOSED,SAP_ARIBA,2025-08-02 17:13:00,2026-08-05 02:59:59,BATCH_202508_RAW_PURCHASE_ORDERS
PO-00000221,1,2025-08-02 10:00:00,SUP-006,SKU-0148,WH-LKO-01,442,"155,13",USD,2025-08-15 10:00:00,2025-08-12 10:00:00,CLOSED,SAP_ARIBA,2025-08-02 10:40:00,2026-08-05 02:59:59,BATCH_202508_RAW_PURCHASE_ORDERS
PO-00000222,1,45873,SUP-007,SKU-0060,WH-LKO-01,395,43.89,SGD,2025-08-29 16:00:00,2025-08-18 16:00:00,CLOSED,SAP_ARIBA,2025-08-04 18:47:00,2026-08-05 02:59:59,BATCH_202508_RAW_PURCHASE_ORDERS
PO-00000223,1,2025-08-04 15:00:00,SUP-006,SKU-0071,WH-MUM-03,449,92.33,SGD,2025-08-18 15:00:00,2025-08-14 15:00:00,CLOSED,SAP_ARIBA,2025-08-09 15:31:00,2026-08-05 02:59:59,BATCH_202508_RAW_PURCHASE_ORDERS
PO-00000224,1,2025-08-04 11:00:00,SUP-005,SKU-0092,WH-BLR-04,582,15.99,AED,2025-08-24 11:00:00,2025-08-19 11:00:00,CLOSED,SAP_ARIBA,2025-08-04 11:49:00,2026-08-05 02:59:59,BATCH_202508_RAW_PURCHASE_ORDERS
PO-00000225,1,2025-08-05 14:00:00,SUP-006,SKU-0010,WH-BLR-04,348,110.76,USD,2025-08-26 14:00:00,2025-08-16 14:00:00,CLOSED,SAP_ARIBA,2025-08-05 14:56:00,2026-08-05 02:59:59,BATCH_202508_RAW_PURCHASE_ORDERS
PO-00000226,1,2025-08-05 09:00:00,SUP-003,SKU-0028,WH-BLR-04,522,108.64,USD,2025-08-21 09:00:00,2025-08-16 09:00:00,CLOSED,SAP_ARIBA,2025-08-05 10:46:00,2026-08-05 02:59:59,BATCH_202508_RAW_PURCHASE_ORDERS
PO-00000227,1,2025-08-05 14:00:00,SUP-001,SKU-0043,WH-DEL-02,454, 86.66 EUR ,EUR,2025-09-01 14:00:00,2025-08-22 14:00:00,OPEN,SAP_ARIBA,2025-08-05 15:43:00,2026-08-05 02:59:59,BATCH_202508_RAW_PURCHASE_ORDERS
PO-00000228,1,2025-08-05 12:00:00,SUP-006,SKU-0067,WH-LKO-01,335,99.54,SGD,2025-08-29 12:00:00,2025-08-19 12:00:00,CLOSED,SAP_ARIBA,2025-08-05 14:33:00,2026-08-05 02:59:59,BATCH_202508_RAW_PURCHASE_ORDERS
PO-00000229,1,2025-08-05 10:00:00,SUP-007,SKU-0081,WH-MUM-03,663,112.98,EUR,2025-08-26 10:00:00,2025-08-23 10:00:00,CLOSED,SAP_ARIBA,2025-08-05 12:58:00,2026-08-05 02:59:59,BATCH_202508_RAW_PURCHASE_ORDERS
PO-00000230,1,2025-08-06 14:00:00,SUP-003,SKU-0013,WH-LKO-01,482,34.01,SGD,2025-08-18 14:00:00,2025-08-16 14:00:00,CLOSED,SAP_ARIBA,2025-08-06 14:43:00,2026-08-05 02:59:59,BATCH_202508_RAW_PURCHASE_ORDERS
PO-00000231,1,2025-08-06 08:00:00,SUP-005,SKU-0107,WH-MUM-03,568,45.71,SGD,2025-08-21 08:00:00,2025-08-18 08:00:00,CLOSED,SAP_ARIBA,2025-08-06 09:13:00,2026-08-05 02:59:59,BATCH_202508_RAW_PURCHASE_ORDERS
PO-00000232,1,2025-08-07 13:00:00,SUP-003,SKU-0009,WH-BLR-04,594,94.70,EUR,2025-08-27 13:00:00,2025-08-18 13:00:00,CLOSED,SAP_ARIBA,2025-08-07 14:54:00,2026-08-05 02:59:59,BATCH_202508_RAW_PURCHASE_ORDERS
PO-00000233,1,2025-08-07 16:00:00,SUP-004,SKU-0027,WH-MUM-03,529,119.58,AED,2025-09-06 16:00:00,2025-08-21 16:00:00,CLOSED,SAP_ARIBA,2025-08-07 17:03:00,2026-08-05 02:59:59,BATCH_202508_RAW_PURCHASE_ORDERS
PO-00000234,1,2025-08-07 12:00:00,SUP-001,SKU-0032,WH-DEL-02,452,81.51,USD,2025-08-21 12:00:00,2025-08-16 12:00:00,CLOSED,SAP_ARIBA,2025-08-07 12:17:00,2026-08-05 02:59:59,BATCH_202508_RAW_PURCHASE_ORDERS
PO-00000235,1,2025-08-08 12:00:00,SUP-008,SKU-0046,WH-MUM-03,500,105.91,AED,2025-08-27 12:00:00,2025-08-20 12:00:00,CLOSED,SAP_ARIBA,2025-08-26 12:41:00,2026-08-05 02:59:59,BATCH_202508_RAW_PURCHASE_ORDERS
PO-00000236,1,09/08/2025,SUP-008,SKU-0004,WH-MUM-03,468,135.98,AED,2025-09-05 10:00:00,2025-08-27 10:00:00,PARTIALLY_RECEIVED,SAP_ARIBA,2025-08-09 10:28:00,2026-08-05 02:59:59,BATCH_202508_RAW_PURCHASE_ORDERS
PO-00000237,1,2025-08-09 16:00:00,SUP-005,SKU-0058,WH-MUM-03,278,39.35,USD,2025-08-26 16:00:00,2025-08-17 16:00:00,CLOSED,SAP_ARIBA,2025-08-09 18:33:00,2026-08-05 02:59:59,BATCH_202508_RAW_PURCHASE_ORDERS
PO-00000238,1,2025-08-10 10:00:00,SUP-006,SKU-0008,WH-MUM-03,419,77.77,SGD,2025-08-27 10:00:00,2025-08-24 10:00:00,CLOSED,SAP_ARIBA,2025-08-10 11:49:00,2026-08-05 02:59:59,BATCH_202508_RAW_PURCHASE_ORDERS
PO-00000239,1,2025-08-10 13:00:00,SUP-004,SKU-0013,WH-BLR-04,558,34.06,SGD,2025-08-28 13:00:00,2025-08-21 13:00:00, CLOSED ,SAP_ARIBA,2025-08-10 13:06:00,2026-08-05 02:59:59,BATCH_202508_RAW_PURCHASE_ORDERS
PO-00000240,1,2025-08-10T09:00:00+05:30, SUP-001 ,SKU-0121,WH-LKO-01,533,43.72,SGD,2025-09-06 09:00:00,2025-08-28 09:00:00,PARTIALLY_RECEIVED,SAP_ARIBA,2025-08-10 09:31:00,2026-08-05 02:59:59,BATCH_202508_RAW_PURCHASE_ORDERS
PO-00000241,1,2025-08-10 10:00:00,SUP-002,SKU-0145,WH-BLR-04,439,64.38,USD,2025-09-02 10:00:00,2025-08-28 10:00:00,CLOSED,SAP_ARIBA,2025-08-10 11:45:00,2026-08-05 02:59:59,BATCH_202508_RAW_PURCHASE_ORDERS
PO-00000242,1,2025-08-11 08:00:00,SUP-002,SKU-0045,WH-LKO-01,304,29.10,AED,2025-09-05 08:00:00,2025-08-25 08:00:00,CLOSED,SAP_ARIBA,2025-08-11 09:37:00,2026-08-05 02:59:59,BATCH_202508_RAW_PURCHASE_ORDERS
PO-00000243,1,2025-08-11 11:00:00,SUP-001,SKU-0050,WH-LKO-01,552,54.88,EUR,2025-08-28 11:00:00,2025-08-23 11:00:00,CANCELLED,SAP_ARIBA,2025-08-11 11:01:00,2026-08-05 02:59:59,BATCH_202508_RAW_PURCHASE_ORDERS
PO-00000244,1,2025-08-11 08:00:00,SUP-006,SKU-0094,WH-BLR-04,477,N/A,SGD,2025-09-02 08:00:00,2025-08-24 08:00:00,CLOSED,SAP_ARIBA,2025-08-11 10:43:00,2026-08-05 02:59:59,BATCH_202508_RAW_PURCHASE_ORDERS
PO-00000245,1,2025-08-12 12:00:00,SUP-003,SKU-0037,WH-BLR-04,516,16.92,SGD,2025-09-02 12:00:00,2025-08-28 12:00:00,PARTIALLY_RECEIVED,SAP_ARIBA,2025-08-12 14:43:00,2026-08-05 02:59:59,BATCH_202508_RAW_PURCHASE_ORDERS
PO-00000246,1,2025-08-12 10:00:00,SUP-001,SKU-0050,WH-LKO-01,443,54.88,EUR,2025-08-29 10:00:00,2025-08-24 10:00:00,CLOSED,SAP_ARIBA,2025-08-12 10:40:00,2026-08-05 02:59:59,BATCH_202508_RAW_PURCHASE_ORDERS
PO-00000247,1,2025-08-13 14:00:00,SUP-001,SKU-0024,WH-LKO-01,488,18.92,EUR,2025-09-09 14:00:00,2025-08-31 14:00:00,CLOSED,SAP_ARIBA,2025-08-13 14:02:00,2026-08-05 02:59:59,BATCH_202508_RAW_PURCHASE_ORDERS
PO-00000248,1,2025-08-13 09:00:00,SUP-004,SKU-0029,WH-MUM-03,458,99.39,EUR,2025-08-29 09:00:00,2025-08-25 09:00:00,CLOSED,SAP_ARIBA,2025-08-13 09:29:00,2026-08-05 02:59:59,BATCH_202508_RAW_PURCHASE_ORDERS
PO-00000249,1,2025-08-13 08:00:00,SUP-006,SKU-0083,WH-LKO-01,460,129.88,USD,2025-09-04 08:00:00,2025-08-29 08:00:00,CLOSED,SAP_ARIBA,2025-08-13 10:16:00,2026-08-05 02:59:59,BATCH_202508_RAW_PURCHASE_ORDERS
PO-00000250,1,2025-08-14 16:00:00,SUP-008,SKU-0057,WH-BLR-04,610,91.74,EUR,2025-09-10 16:00:00,2025-08-29 16:00:00,CLOSED,SAP_ARIBA,2025-08-14 16:59:00,2026-08-05 02:59:59,BATCH_202508_RAW_PURCHASE_ORDERS
PO-00000251,1,2025-08-14 12:00:00,SUP-006,SKU-0126,WH-MUM-03,379,111.10,USD,2025-08-28 12:00:00,2025-08-24 12:00:00,CLOSED,SAP_ARIBA,2025-08-14 12:28:00,2026-08-05 02:59:59,BATCH_202508_RAW_PURCHASE_ORDERS
PO-00000252,1,2025-08-16 15:00:00,SUP-002,SKU-0111,WH-BLR-04,420,43.10,EUR,2025-09-03 15:00:00,2025-08-28 15:00:00,CLOSED,SAP_ARIBA,2025-08-16 16:36:00,2026-08-05 02:59:59,BATCH_202508_RAW_PURCHASE_ORDERS
PO-00000253,1,2025-08-16 12:00:00,SUP-006,SKU-0148,WH-LKO-01,457,155.13,USD,2025-08-29 12:00:00,2025-08-26 12:00:00,PARTIALLY_RECEIVED,SAP_ARIBA,2025-08-16 13:45:00,2026-08-05 02:59:59,BATCH_202508_RAW_PURCHASE_ORDERS
PO-00000254,1,2025-08-17 11:00:00,SUP-003,SKU-0037,WH-LKO-01,355,16.53,SGD,2025-09-06 11:00:00,2025-08-31 11:00:00,CLOSED,SAP_ARIBA,2025-08-17 13:20:00,2026-08-05 02:59:59,BATCH_202508_RAW_PURCHASE_ORDERS
PO-00000255,1,2025-08-17 11:00:00,SUP-006,SKU-0061,WH-DEL-02,594,124.33,EUR,2025-09-11 11:00:00,2025-09-02 11:00:00,PARTIALLY_RECEIVED,SAP_ARIBA,2025-08-17 13:54:00,2026-08-05 02:59:59,BATCH_202508_RAW_PURCHASE_ORDERS
PO-00000256,1,2025-08-17 15:00:00,SUP-005,SKU-0074,WH-DEL-02,574,37.07,USD,2025-09-08 15:00:00,2025-09-03 15:00:00,CLOSED,SAP_ARIBA,2025-08-17 15:21:00,2026-08-05 02:59:59,BATCH_202508_RAW_PURCHASE_ORDERS
PO-00000257,1,2025-08-17 16:00:00,SUP-008,SKU-0100,WH-MUM-03,335,68.99,SGD,2025-09-07 16:00:00,2025-08-27 16:00:00,CLOSED,SAP_ARIBA,2025-08-17 16:01:00,2026-08-05 02:59:59,BATCH_202508_RAW_PURCHASE_ORDERS
PO-00000258,1,2025-08-17 10:00:00,SUP-005,SKU-0139,WH-BLR-04,558,32.64,EUR,2025-09-09 10:00:00,2025-09-02 10:00:00,CLOSED,SAP_ARIBA,2025-08-17 11:01:00,2026-08-05 02:59:59,BATCH_202508_RAW_PURCHASE_ORDERS
PO-00000259,1,2025-08-18 12:00:00,SUP-002,SKU-0145,WH-LKO-01,550,70.80,USD,2025-09-07 12:00:00,2025-09-03 12:00:00,PARTIALLY_RECEIVED,SAP_ARIBA,2025-08-18 14:16:00,2026-08-05 02:59:59,BATCH_202508_RAW_PURCHASE_ORDERS
PO-00000260,1,2025-08-19 14:00:00,SUP-003,SKU-0035,WH-DEL-02,416,144.93,AED,2025-09-07 14:00:00,2025-09-04 14:00:00,CLOSED,SAP_ARIBA,2025-08-19 14:27:00,2026-08-05 02:59:59,BATCH_202508_RAW_PURCHASE_ORDERS
PO-00000261,1,2025-08-19 11:00:00,SUP-001,SKU-0066,WH-MUM-03,530,53.36,USD,2025-09-02 11:00:00,2025-08-29 11:00:00,PARTIALLY_RECEIVED,SAP_ARIBA,2025-08-19 13:08:00,2026-08-05 02:59:59,BATCH_202508_RAW_PURCHASE_ORDERS
PO-00000262,1,2025-08-20 09:00:00,SUP-008,SKU-0023,WH-LKO-01,592,122.62,EUR,2025-09-07 09:00:00,2025-09-02 09:00:00,CLOSED,SAP_ARIBA,2025-08-20 10:56:00,2026-08-05 02:59:59,BATCH_202508_RAW_PURCHASE_ORDERS
PO-00000263,1,2025-08-20 11:00:00,SUP-001,SKU-0066,WH-LKO-01,471,54.38,USD,2025-09-10 11:00:00,03/09/2025,CLOSED,SAP_ARIBA,2025-08-20 13:00:00,2026-08-05 02:59:59,BATCH_202508_RAW_PURCHASE_ORDERS
PO-00000264,1,2025-08-20T15:00:00Z,SUP-006,SKU-0067,WH-BLR-04,320,108.74,SGD,2025-09-13 15:00:00,2025-09-02 15:00:00,CLOSED,SAP_ARIBA,2025-08-20 17:03:00,2026-08-05 02:59:59,BATCH_202508_RAW_PURCHASE_ORDERS
PO-00000265,1,2025-08-20 08:00:00,SUP-007,SKU-0110,WH-BLR-04,601,85.69,AED,2025-09-06 08:00:00,2025-08-30 08:00:00,CLOSED,SAP_ARIBA,2025-08-20 09:45:00,2026-08-05 02:59:59,BATCH_202508_RAW_PURCHASE_ORDERS
PO-00000266,1,08-20-2025,SUP-002,SKU-0136,WH-BLR-04,453,107.60,USD,2025-09-05 11:00:00,2025-08-30 11:00:00,CLOSED,SAP_ARIBA,2025-08-20 11:28:00,2026-08-05 02:59:59,BATCH_202508_RAW_PURCHASE_ORDERS
PO-00000267,1,2025-08-21 16:00:00,SUP-006,SKU-0008,WH-LKO-01,440,73.99,SGD,2025-09-09 16:00:00,2025-09-04 16:00:00,CLOSED,SAP_ARIBA,2025-08-21 17:52:00,2026-08-05 02:59:59,BATCH_202508_RAW_PURCHASE_ORDERS
PO-00000268,1,2025-08-21 08:00:00,SUP-001,SKU-0038,WH-MUM-03,343,132.70,SGD,2025-09-14 08:00:00,2025-09-05 08:00:00,CLOSED,SAP_ARIBA,2025-08-25 08:12:00,2026-08-05 02:59:59,BATCH_202508_RAW_PURCHASE_ORDERS
PO-00000269,1,2025-08-21 11:00:00,SUP-003,SKU-0073,WH-MUM-03,581,48.33,AED,2025-09-11 11:00:00,2025-09-08 11:00:00,CLOSED,SAP_ARIBA,2025-08-21 12:25:00,2026-08-05 02:59:59,BATCH_202508_RAW_PURCHASE_ORDERS
PO-00000270,1,2025-08-21 08:00:00,SUP-005,SKU-0092,WH-BLR-04,451,15.99,AED,2025-09-15 08:00:00,2025-09-05 08:00:00,CLOSED,SAP_ARIBA,2025-08-21 08:23:00,2026-08-05 02:59:59,BATCH_202508_RAW_PURCHASE_ORDERS
PO-00000271,1,2025-08-22 11:00:00,SUP-003,SKU-0013,WH-LKO-01,383,34.01,SGD,2025-09-11 11:00:00,2025-09-01 11:00:00,CLOSED,SAP_ARIBA,2025-08-22 11:35:00,2026-08-05 02:59:59,BATCH_202508_RAW_PURCHASE_ORDERS
PO-00000272,1,22/08/2025,SUP-006,SKU-0067,WH-LKO-01,478,99.54,SGD,2025-09-15 10:00:00,2025-09-05 10:00:00,CLOSED,SAP_ARIBA,2025-08-22 11:23:00,2026-08-05 02:59:59,BATCH_202508_RAW_PURCHASE_ORDERS
PO-00000273,1,2025-08-22 09:00:00,SUP-006,SKU-0067,WH-MUM-03,325,100.58,SGD,2025-09-12 09:00:00,2025-09-09 09:00:00,CLOSED,SAP_ARIBA,2025-08-22 11:27:00,2026-08-05 02:59:59,BATCH_202508_RAW_PURCHASE_ORDERS
PO-00000274,1,2025-08-22 16:00:00,SUP-005,SKU-0076,WH-MUM-03,532,110.44,EUR,2025-09-12 16:00:00,2025-09-04 16:00:00,CLOSED,SAP_ARIBA,2025-08-22 16:44:00,2026-08-05 02:59:59,BATCH_202508_RAW_PURCHASE_ORDERS
PO-00000275,1,2025-08-22 16:00:00,SUP-005,SKU-0103,WH-MUM-03,478,154.41,AED,2025-09-11 16:00:00,2025-09-04 16:00:00,CLOSED,SAP_ARIBA,2025-08-22 16:48:00,2026-08-05 02:59:59,BATCH_202508_RAW_PURCHASE_ORDERS
PO-00000276,1,2025-08-23 15:00:00,SUP-002,SKU-0019,WH-BLR-04,580,68.80,AED,2025-09-15 15:00:00,2025-09-08 15:00:00,CLOSED,SAP_ARIBA,2025-08-23 16:17:00,2026-08-05 02:59:59,BATCH_202508_RAW_PURCHASE_ORDERS
PO-00000277,1,2025-08-23 09:00:00,SUP-001,SKU-0032,WH-DEL-02,494,81.51,USD,2025-09-04 09:00:00,2025-09-01 09:00:00,CLOSED,SAP_ARIBA,2025-08-23 09:08:00,2026-08-05 02:59:59,BATCH_202508_RAW_PURCHASE_ORDERS
PO-00000278,1,2025-08-23 12:00:00,SUP-007,SKU-0093,WH-BLR-04,419,80.92,SGD,2025-09-04 12:00:00,2025-09-01 12:00:00,CLOSED,SAP_ARIBA,2025-08-23 13:20:00,2026-08-05 02:59:59,BATCH_202508_RAW_PURCHASE_ORDERS
PO-00000279,1,2025-08-24 13:00:00,SUP-005,SKU-0092,WH-DEL-02,513,16.95,AED,2025-09-11 13:00:00,2025-09-02 13:00:00,CLOSED,SAP_ARIBA,2025-08-24 13:09:00,2026-08-05 02:59:59,BATCH_202508_RAW_PURCHASE_ORDERS
PO-00000280,1,2025-08-25 12:00:00,SUP-001,SKU-0150,WH-LKO-01,535,163.56,AED,2025-09-13 12:00:00,2025-09-04 12:00:00,CLOSED,SAP_ARIBA,2025-08-25 12:23:00,2026-08-05 02:59:59,BATCH_202508_RAW_PURCHASE_ORDERS
PO-00000281,1,2025-08-27 09:00:00,SUP-006,SKU-0008,WH-MUM-03,418,77.77,SGD,2025-09-14 09:00:00,2025-09-10 09:00:00,CLOSED,SAP_ARIBA,2025-08-27 09:03:00,2026-08-05 02:59:59,BATCH_202508_RAW_PURCHASE_ORDERS
PO-00000282,1,2025-08-27 14:00:00,sup-004,SKU-0013,WH-BLR-04,466,34.06,SGD,2025-09-17 14:00:00,2025-09-07 14:00:00,CLOSED,SAP_ARIBA,2025-08-27 15:13:00,2026-08-05 02:59:59,BATCH_202508_RAW_PURCHASE_ORDERS
PO-00000283,1,2025-08-27 09:00:00,SUP-004,SKU-0099,WH-BLR-04,360,100.08,USD,2025-09-28 09:00:00,2025-09-14 09:00:00,PARTIALLY_RECEIVED,SAP_ARIBA,2025-08-27 11:01:00,2026-08-05 02:59:59,BATCH_202508_RAW_PURCHASE_ORDERS
PO-00000284,1,2025-08-27 15:00:00,SUP-003,SKU-0123,WH-BLR-04,397,133.70,SGD,2025-09-08 15:00:00,2025-09-05 15:00:00,CLOSED,SAP_ARIBA,2025-08-27 15:17:00,2026-08-05 02:59:59,BATCH_202508_RAW_PURCHASE_ORDERS
PO-00000285,1,2025-08-28 16:00:00,SUP-007,SKU-0081,WH-MUM-03,487,112.98,EUR,2025-09-27 16:00:00,2025-09-15 16:00:00,CLOSED,SAP_ARIBA,2025-08-28 18:17:00,2026-08-05 02:59:59,BATCH_202508_RAW_PURCHASE_ORDERS
PO-00000286,1,2025-08-28 13:00:00,SUP-007,SKU-0087,WH-LKO-01,420,141.58,USD,2025-09-18T13:00:00Z,2025-09-13 13:00:00,CLOSED,SAP_ARIBA,2025-08-28 13:37:00,2026-08-05 02:59:59,BATCH_202508_RAW_PURCHASE_ORDERS
PO-00000287,1,2025-08-29 15:00:00,SUP-007,SKU-0060,WH-LKO-01,385,43.89,SGD,2025-09-26 15:00:00,2025-09-12 15:00:00,CLOSED,SAP_ARIBA,2025-08-29 17:40:00,2026-08-05 02:59:59,BATCH_202508_RAW_PURCHASE_ORDERS
PO-00000288,1,2025-08-30 08:00:00,SUP-008,SKU-0046,WH-DEL-02,378,108.58,AED,2025-09-15 08:00:00,2025-09-08 08:00:00,CLOSED,SAP_ARIBA,2025-08-30 08:28:00,2026-08-05 02:59:59,BATCH_202508_RAW_PURCHASE_ORDERS
PO-00000289,1,2025-08-30 13:00:00,SUP-007,SKU-0101,WH-DEL-02,489,154.09,AED,2025-09-22 13:00:00,2025-09-13 13:00:00,CLOSED,SAP_ARIBA,2025-08-30 15:13:00,2026-08-05 02:59:59,BATCH_202508_RAW_PURCHASE_ORDERS
PO-00000290,1,2025-08-31 10:00:00,SUP-004,SKU-0029,WH-MUM-03,454,99.39,EUR,2025-09-24 10:00:00,2025-09-12 10:00:00,PARTIALLY_RECEIVED,SAP_ARIBA,2025-08-31 11:53:00,2026-08-05 02:59:59,BATCH_202508_RAW_PURCHASE_ORDERS
PO-00000291,1,2025-08-31T13:00:00+05:30,SUP-007,SKU-0040,WH-MUM-03,307,67.21,SGD,2025-09-16 13:00:00,2025-09-13 13:00:00,CLOSED,SAP_ARIBA,2025-08-31 14:50:00,2026-08-05 02:59:59,BATCH_202508_RAW_PURCHASE_ORDERS
PO-00000292,1,2025-08-31 11:00:00,SUP-006,SKU-0094,WH-BLR-04,367,60.96,SGD,2025-09-25 11:00:00,2025-09-13 11:00:00,CLOSED,SAP_ARIBA,2025-08-31 12:02:00,2026-08-05 02:59:59,BATCH_202508_RAW_PURCHASE_ORDERS
PO-00000293,1,2025-09-01 09:00:00,SUP-001,SKU-0111,WH-LKO-01,417,46.03,EUR,2025-09-13 09:00:00,2025-09-11 09:00:00,CLOSED,SAP_ARIBA,2025-09-01 09:12:00,2026-08-05 02:59:59,BATCH_202509_RAW_PURCHASE_ORDERS
PO-00000294,1,2025-09-01 12:00:00,SUP-001,SKU-0111,WH-MUM-03,338,43.12,EUR,2025-09-18 12:00:00,2025-09-15 12:00:00,CLOSED,SAP_ARIBA,2025-09-01 14:31:00,2026-08-05 02:59:59,BATCH_202509_RAW_PURCHASE_ORDERS
PO-00000295,1,2025-09-04 08:00:00,SUP-003,SKU-0037,WH-LKO-01,334,16.53,SGD,2025-09-20 08:00:00,2025-09-18 08:00:00,CLOSED,SAP_ARIBA,2025-09-04 08:54:00,2026-08-05 02:59:59,BATCH_202509_RAW_PURCHASE_ORDERS
PO-00000296,1,2025-09-04 16:00:00,SUP-002,SKU-0145,WH-BLR-04,636,64.38,USD,2025-09-29 16:00:00,2025-09-22 16:00:00,PARTIALLY_RECEIVED,SAP_ARIBA,2025-09-04 17:56:00,2026-08-05 02:59:59,BATCH_202509_RAW_PURCHASE_ORDERS
PO-00000297,1,2025-09-06 11:00:00,SUP-007,SKU-0093,WH-BLR-04,415,80.92,SGD,2025-09-20 11:00:00,2025-09-15 11:00:00,CLOSED,SAP_ARIBA,2025-09-06 12:02:00,2026-08-05 02:59:59,BATCH_202509_RAW_PURCHASE_ORDERS
PO-00000298,1,2025-09-07 13:00:00,SUP-004,SKU-0047,WH-MUM-03,364,61.40,AED,2025-09-30 13:00:00,2025-09-23 13:00:00,PARTIALLY_RECEIVED,SAP_ARIBA,2025-09-07 13:16:00,2026-08-05 02:59:59,BATCH_202509_RAW_PURCHASE_ORDERS
PO-00000299,1,2025-09-08 13:00:00,SUP-005,SKU-0092,WH-DEL-02,668,16.95,AED,2025-09-21 13:00:00,2025-09-17 13:00:00,CLOSED,SAP_ARIBA,2025-09-11 14:02:00,2026-08-05 02:59:59,BATCH_202509_RAW_PURCHASE_ORDERS
PO-00000300,1,2025-09-08 11:00:00,SUP-002,SKU-0136,WH-BLR-04,425,107.60,USD,2025-09-24 11:00:00,2025-09-18 11:00:00,CLOSED,SAP_ARIBA,2025-09-08 11:48:00,2026-08-05 02:59:59,BATCH_202509_RAW_PURCHASE_ORDERS
PO-00000301,1,2025-09-09 08:00:00,SUP-001,SKU-0066,WH-LKO-01,401,54.38,USD,2025-10-02 08:00:00,2025-09-23 08:00:00,CLOSED,SAP_ARIBA,2025-09-09 09:19:00,2026-08-05 02:59:59,BATCH_202509_RAW_PURCHASE_ORDERS
PO-00000302,1,2025-09-09 11:00:00,SUP-003,SKU-0123,WH-BLR-04,412,133.70,SGD,2025-09-23 11:00:00,2025-09-18 11:00:00,PARTIALLY_RECEIVED,SAP_ARIBA,2025-09-13 13:24:00,2026-08-05 02:59:59,BATCH_202509_RAW_PURCHASE_ORDERS
PO-00000303,1,2025-09-10 15:00:00,SUP-008,SKU-0057,WH-BLR-04,559,91.74,EUR,2025-10-02 15:00:00,2025-09-25 15:00:00,CLOSED,SAP_ARIBA,2025-09-10 15:17:00,2026-08-05 02:59:59,BATCH_202509_RAW_PURCHASE_ORDERS
PO-00000304,1,2025-09-11 14:00:00,SUP-001,SKU-0082,WH-DEL-02,600,40.38,AED,2025-09-27 14:00:00,2025-09-22 14:00:00,CLOSED,SAP_ARIBA,2025-09-11 16:25:00,2026-08-05 02:59:59,BATCH_202509_RAW_PURCHASE_ORDERS
PO-00000305,1,2025-09-12 15:00:00,SUP-008,SKU-0004,WH-LKO-01,366,130.20,AED,2025-09-27 15:00:00,2025-09-21 15:00:00,CLOSED,SAP_ARIBA,2025-09-12 15:30:00,2026-08-05 02:59:59,BATCH_202509_RAW_PURCHASE_ORDERS
PO-00000306,1,2025-09-12 08:00:00,SUP-007,SKU-0093,WH-MUM-03,449,78.88,SGD,2025-10-02 08:00:00,2025-09-25 08:00:00,CLOSED,SAP_ARIBA,2025-09-12 09:50:00,2026-08-05 02:59:59,BATCH_202509_RAW_PURCHASE_ORDERS
PO-00000307,1,2025-09-13 12:00:00,SUP-001,SKU-0024,WH-LKO-01,408,18.92,EUR,2025-10-06 12:00:00,2025-10-01 12:00:00,CLOSED,SAP_ARIBA,2025-09-15 13:57:00,2026-08-05 02:59:59,BATCH_202509_RAW_PURCHASE_ORDERS
PO-00000308,1,2025-09-13 15:00:00,SUP-006,SKU-0067,WH-MUM-03,278,100.58,SGD,2025-10-05 15:00:00,2025-10-01 15:00:00,CLOSED,SAP_ARIBA,2025-09-13 16:42:00,2026-08-05 02:59:59,BATCH_202509_RAW_PURCHASE_ORDERS
PO-00000309,1,2025-09-13 15:00:00,SUP-001,SKU-0111,WH-LKO-01,564,46.03,EUR,2025-09-28 15:00:00,2025-09-23 15:00:00,CLOSED,SAP_ARIBA,2025-09-13 15:52:00,2026-08-05 02:59:59,BATCH_202509_RAW_PURCHASE_ORDERS
PO-00000310,1,2025-09-14 14:00:00,SUP-001,SKU-0150,WH-LKO-01,465,163.56,AED,2025-10-04 14:00:00,2025-09-24 14:00:00,CLOSED,SAP_ARIBA,2025-09-14 16:26:00,2026-08-05 02:59:59,BATCH_202509_RAW_PURCHASE_ORDERS
PO-00000311,1,2025-09-16 16:00:00,SUP-008,SKU-0022,WH-LKO-01,640,56.75,SGD,2025-10-02 16:00:00,2025-09-29 16:00:00,CLOSED,SAP_ARIBA,2025-09-16 16:21:00,2026-08-05 02:59:59,BATCH_202509_RAW_PURCHASE_ORDERS
PO-00000312,1,2025-09-18 12:00:00,SUP-001,SKU-0111,WH-MUM-03,370,43.12,EUR,2025-10-06 12:00:00,2025-10-02 12:00:00,CLOSED,SAP_ARIBA,2025-09-18 12:08:00,2026-08-05 02:59:59,BATCH_202509_RAW_PURCHASE_ORDERS
PO-00000313,1,2025-09-19 12:00:00,SUP-002,SKU-0019,WH-BLR-04,458,68.80,AED,2025-10-13 12:00:00,2025-10-05 12:00:00,PARTIALLY_RECEIVED,SAP_ARIBA,2025-09-19 12:45:00,2026-08-05 02:59:59,BATCH_202509_RAW_PURCHASE_ORDERS
PO-00000314,1,2025-09-21 10:00:00,SUP-008,SKU-0046,WH-DEL-02,379,108.58,AED,2025-10-04 10:00:00,2025-09-30 10:00:00,CLOSED,SAP_ARIBA,2025-09-21 12:51:00,2026-08-05 02:59:59,BATCH_202509_RAW_PURCHASE_ORDERS
PO-00000315,1,2025-09-21 11:00:00,SUP-005,SKU-0085,WH-MUM-03,428,83.36,SGD,2025-10-07 11:00:00,2025-10-05 11:00:00,CLOSED,SAP_ARIBA,2025-09-21 13:21:00,2026-08-05 02:59:59,BATCH_202509_RAW_PURCHASE_ORDERS
PO-00000316,1,2025-09-26 13:00:00,SUP-005,SKU-0139,WH-MUM-03,491,33.97,EUR,2025-10-18 13:00:00,2025-10-09 13:00:00,CLOSED,SAP_ARIBA,2025-09-26 13:55:00,2026-08-05 02:59:59,BATCH_202509_RAW_PURCHASE_ORDERS
PO-00000317,1,2025-09-29 08:00:00,SUP-003,SKU-0128,wh-del-02,404,25.83,EUR,2025-10-17 08:00:00,2025-10-14 08:00:00,CLOSED,SAP_ARIBA,2025-09-29 10:57:00,2026-08-05 02:59:59,BATCH_202509_RAW_PURCHASE_ORDERS
PO-00000318,1,2025-09-30 14:00:00,SUP-005,SKU-0051,WH-DEL-02,328,137.08,USD,2025-10-21 14:00:00,10-12-2025,PARTIALLY_RECEIVED,SAP_ARIBA,2025-09-30 14:44:00,2026-08-05 02:59:59,BATCH_202509_RAW_PURCHASE_ORDERS
PO-00000319,1,2025-09-30 12:00:00,SUP-003,SKU-0123,WH-DEL-02,436,135.01,SGD,2025-10-21 12:00:00,10-18-2025,CLOSED,SAP_ARIBA,2025-09-30 14:46:00,2026-08-05 02:59:59,BATCH_202509_RAW_PURCHASE_ORDERS
PO-00000320,1,2025-10-01 11:00:00,SUP-008,SKU-0022,WH-LKO-01,613,56.75,SGD,2025-10-23 11:00:00,2025-10-14 11:00:00,CLOSED,SAP_ARIBA,2025-10-01 11:41:00,2026-08-05 02:59:59,BATCH_202510_RAW_PURCHASE_ORDERS
PO-00000321,1,2025-10-03 13:00:00,SUP-007,SKU-0138,WH-MUM-03,481,93.01,AED,10-23-2025,2025-10-18 13:00:00,CLOSED,SAP_ARIBA,2025-10-03 13:08:00,2026-08-05 02:59:59,BATCH_202510_RAW_PURCHASE_ORDERS
PO-00000322,1,2025-10-05 08:00:00,SUP-001,SKU-0066,WH-LKO-01,517,54.38,USD,2025-10-22 08:00:00,2025-10-19 08:00:00,PARTIALLY_RECEIVED,SAP_ARIBA,2025-10-05 08:39:00,2026-08-05 02:59:59,BATCH_202510_RAW_PURCHASE_ORDERS
PO-00000323,1,2025-10-05 15:00:00,SUP-001,SKU-0106,WH-DEL-02,517,81.21,SGD,2025-10-22 15:00:00,2025-10-18 15:00:00,CLOSED,SAP_ARIBA,2025-10-05 18:00:00,2026-08-05 02:59:59,BATCH_202510_RAW_PURCHASE_ORDERS
PO-00000324,1,2025-10-05 14:00:00,SUP-005,SKU-0112,WH-DEL-02,456,44.91,EUR,2025-10-24 14:00:00,2025-10-18 14:00:00,CLOSED,SAP_ARIBA,2025-10-05 16:24:00,2026-08-05 02:59:59,BATCH_202510_RAW_PURCHASE_ORDERS
PO-00000325,1,2025-10-05 14:00:00,SUP-006,SKU-0117,WH-LKO-01,354,100.83,EUR,2025-10-23 14:00:00,2025-10-19 14:00:00,PARTIALLY_RECEIVED,SAP_ARIBA,2025-10-05 14:33:00,2026-08-05 02:59:59,BATCH_202510_RAW_PURCHASE_ORDERS
PO-00000326,1,2025-10-08 11:00:00,SUP-003,SKU-0111,WH-DEL-02,360,46.46,EUR,2025-10-23 11:00:00,2025-10-17 11:00:00,PARTIALLY_RECEIVED,SAP_ARIBA,2025-10-08 13:13:00,2026-08-05 02:59:59,BATCH_202510_RAW_PURCHASE_ORDERS
PO-00000327,1,2025-10-15 11:00:00,SUP-005,SKU-0069,WH-LKO-01,434,133.11,EUR,2025-11-02 11:00:00,2025-10-27 11:00:00,CLOSED,SAP_ARIBA,2025-10-15 12:45:00,2026-08-05 02:59:59,BATCH_202510_RAW_PURCHASE_ORDERS
PO-00000328,1,2025-10-16 08:00:00,SUP-003,SKU-0007,WH-DEL-02,384,14.97,SGD,11-09-2025,2025-10-31 08:00:00,CLOSED,SAP_ARIBA,2025-10-16 09:45:00,2026-08-05 02:59:59,BATCH_202510_RAW_PURCHASE_ORDERS
PO-00000329,1,2025-10-17 13:00:00,SUP-003,SKU-0128,WH-DEL-02,366,25.83,EUR,2025-11-06 13:00:00,2025-11-01 13:00:00,CLOSED,SAP_ARIBA,2025-10-17 15:42:00,2026-08-05 02:59:59,BATCH_202510_RAW_PURCHASE_ORDERS
PO-00000330,1,2025-10-18 14:00:00,SUP-005,SKU-0139,wh-mum-03,461,33.97,EUR,2025-11-04 14:00:00,2025-10-31 14:00:00,PARTIALLY_RECEIVED,SAP_ARIBA,2025-10-18 14:02:00,2026-08-05 02:59:59,BATCH_202510_RAW_PURCHASE_ORDERS
PO-00000331,1,2025-10-20 15:00:00,SUP-003,SKU-0104,WH-BLR-04,438,57.24,SGD,2025-11-10 15:00:00,01/11/2025,CLOSED,SAP_ARIBA,2025-10-20 15:26:00,2026-08-05 02:59:59,BATCH_202510_RAW_PURCHASE_ORDERS
PO-00000332,1,2025-10-21 14:00:00,SUP-003,SKU-0123,WH-DEL-02,373,135.01,SGD,2025-11-10 14:00:00,2025-11-08 14:00:00,CLOSED,SAP_ARIBA,2025-10-21 16:58:00,2026-08-05 02:59:59,BATCH_202510_RAW_PURCHASE_ORDERS
PO-00000333,1,2025-10-23 16:00:00,SUP-001,SKU-0106,WH-DEL-02,535,81.21,SGD,45971,2025-11-05 16:00:00,CLOSED,SAP_ARIBA,2025-10-23 18:52:00,2026-08-05 02:59:59,BATCH_202510_RAW_PURCHASE_ORDERS
PO-00000334,1,2025-10-25 11:00:00,SUP-005,SKU-0112,WH-DEL-02,506,44.91,EUR,2025-11-11T11:00:00Z,2025-11-07 11:00:00,CLOSED,SAP_ARIBA,2025-10-25 13:20:00,2026-08-05 02:59:59,BATCH_202510_RAW_PURCHASE_ORDERS
PO-00000335,1,2025-10-25 13:00:00,SUP-006,SKU-0120,WH-DEL-02,435,21.83,USD,2025-11-07 13:00:00,2025-11-03 13:00:00,CLOSED,SAP_ARIBA,2025-10-25 15:04:00,2026-08-05 02:59:59,BATCH_202510_RAW_PURCHASE_ORDERS
PO-00000336,1,2025-10-26 16:00:00,SUP-004,SKU-0070,WH-LKO-01,551,97.83,EUR,2025-11-20 16:00:00,2025-11-10 16:00:00,CLOSED,SAP_ARIBA,2025-10-26 17:07:00,2026-08-05 02:59:59,BATCH_202510_RAW_PURCHASE_ORDERS
PO-00000337,1,2025-10-26 15:00:00,SUP-002,SKU-0072,WH-DEL-02,394,69.89,AED,2025-11-11 15:00:00,2025-11-04 15:00:00,CLOSED,SAP_ARIBA,2025-10-26 15:32:00,2026-08-05 02:59:59,BATCH_202510_RAW_PURCHASE_ORDERS
PO-00000338,1,2025-10-26 09:00:00,SUP-002,SKU-0096,WH-LKO-01,557,16.03,SGD,2025-11-22 09:00:00,2025-11-09 09:00:00,CLOSED,SAP_ARIBA,2025-10-27 10:43:00,2026-08-05 02:59:59,BATCH_202510_RAW_PURCHASE_ORDERS
PO-00000339,1,2025-10-26 11:00:00,SUP-003,SKU-0097,WH-DEL-02,372,149.77,EUR,2025-11-14 11:00:00,2025-11-05 11:00:00,CLOSED,SAP_ARIBA,2025-10-26 13:15:00,2026-08-05 02:59:59,BATCH_202510_RAW_PURCHASE_ORDERS
PO-00000340,1,2025-10-27 14:00:00,SUP-004,SKU-0055,WH-DEL-02,594,153.96,SGD,2025-11-18 14:00:00,2025-11-11 14:00:00,PARTIALLY_RECEIVED,SAP_ARIBA,2025-10-27 14:16:00,2026-08-05 02:59:59,BATCH_202510_RAW_PURCHASE_ORDERS
PO-00000341,1,2025-10-27 09:00:00,SUP-007,SKU-0105,WH-DEL-02,406,109.47,USD,2025-11-23 09:00:00,2025-11-14 09:00:00,CLOSED,SAP_ARIBA,2025-10-27 10:33:00,2026-08-05 02:59:59,BATCH_202510_RAW_PURCHASE_ORDERS
PO-00000342,1,2025-10-30 16:00:00,SUP-001,SKU-0038,WH-LKO-01,575,132.98,SGD,2025-11-22 16:00:00,2025-11-13 16:00:00,CLOSED,SAP_ARIBA,2025-10-30 16:29:00,2026-08-05 02:59:59,BATCH_202510_RAW_PURCHASE_ORDERS
PO-00000343,1,2025-10-31 11:00:00,SUP-007,SKU-0138,WH-MUM-03,459,93.01,AED,2025-11-24 11:00:00,2025-11-15 11:00:00,CLOSED,SAP_ARIBA,2025-10-31 11:37:00,2026-08-05 02:59:59,BATCH_202510_RAW_PURCHASE_ORDERS
PO-00000344,1,2025-11-03 14:00:00,SUP-006,SKU-0021,WH-BLR-04,420,116.88,SGD,2025-11-16 14:00:00,2025-11-13 14:00:00,CLOSED,SAP_ARIBA,2025-11-03 14:23:00,2026-08-05 02:59:59,BATCH_202511_RAW_PURCHASE_ORDERS
PO-00000345,1,2025-11-06 08:00:00,SUP-006,SKU-0003,WH-MUM-03,340,36.59,AED,2025-11-28 08:00:00,2025-11-21 08:00:00,CLOSED,SAP_ARIBA,2025-11-06 08:06:00,2026-08-05 02:59:59,BATCH_202511_RAW_PURCHASE_ORDERS
PO-00000346,1,2025-11-07 16:00:00,SUP-008,SKU-0084,WH-MUM-03,359,24.31,USD,2025-12-01 16:00:00,2025-11-20 16:00:00,PARTIALLY_RECEIVED,SAP_ARIBA,2025-11-07 18:37:00,2026-08-05 02:59:59,BATCH_202511_RAW_PURCHASE_ORDERS
PO-00000347,1,2025-11-09 13:00:00,SUP-006,SKU-0048,WH-BLR-04,483,143.30,AED,2025-11-24 13:00:00,2025-11-20 13:00:00,CLOSED,SAP_ARIBA,2025-11-09 13:16:00,2026-08-05 02:59:59,BATCH_202511_RAW_PURCHASE_ORDERS
PO-00000348,1,2025-11-09 09:00:00,SUP-006,SKU-0120,WH-DEL-02,453,21.83,USD,2025-11-24T09:00:00+05:30,2025-11-18 09:00:00,CLOSED,SAP_ARIBA,2025-11-09 10:53:00,2026-08-05 02:59:59,BATCH_202511_RAW_PURCHASE_ORDERS
PO-00000349,1,2025-11-10 10:00:00,SUP-002,SKU-0072,WH-DEL-02,390,69.89,AED,2025-11-23 10:00:00,2025-11-19 10:00:00,CLOSED,SAP_ARIBA,2025-11-10 10:23:00,2026-08-05 02:59:59,BATCH_202511_RAW_PURCHASE_ORDERS
PO-00000350,1,2025-11-12 11:00:00,SUP-003,SKU-0007,WH-DEL-02,327,14.97,SGD,2025-12-02 11:00:00,2025-11-27 11:00:00,CLOSED,SAP_ARIBA,2025-11-12 13:37:00,2026-08-05 02:59:59,BATCH_202511_RAW_PURCHASE_ORDERS
PO-00000351,1,2025-11-12 16:00:00,SUP-003,SKU-0097,WH-DEL-02,418,149.77,EUR,2025-11-27 16:00:00,2025-11-22 16:00:00,CLOSED,SAP_ARIBA,2025-11-12 18:15:00,2026-08-05 02:59:59,BATCH_202511_RAW_PURCHASE_ORDERS
PO-00000352,1,2025-11-13 11:00:00,SUP-002,SKU-0002,WH-BLR-04,405,146.54,AED,2025-12-05 11:00:00,2025-11-26 11:00:00,CLOSED,SAP_ARIBA,2025-11-13 11:07:00,2026-08-05 02:59:59,BATCH_202511_RAW_PURCHASE_ORDERS
PO-00000353,1,2025-11-19 12:00:00,SUP-004,SKU-0099,WH-DEL-02,613,95.05,USD,2025-12-17 12:00:00,2025-12-05 12:00:00,PARTIALLY_RECEIVED,SAP_ARIBA,2025-11-19 12:41:00,2026-08-05 02:59:59,BATCH_202511_RAW_PURCHASE_ORDERS
PO-00000354,1,2025-11-20 15:00:00,SUP-007,SKU-0087,WH-BLR-04,306,137.19,USD,2025-12-08 15:00:00,2025-12-02 15:00:00,CLOSED,SAP_ARIBA,2025-11-20 16:54:00,2026-08-05 02:59:59,BATCH_202511_RAW_PURCHASE_ORDERS
PO-00000355,1,2025-11-21 15:00:00,SUP-004,SKU-0070,WH-LKO-01,413,97.83,EUR,2025-12-10 15:00:00,2025-12-06 15:00:00,PARTIALLY_RECEIVED,SAP_ARIBA,2025-11-21 17:01:00,2026-08-05 02:59:59,BATCH_202511_RAW_PURCHASE_ORDERS
PO-00000356,1,2025-11-26 14:00:00,SUP-006,SKU-0048,WH-BLR-04,443,143.30,AED,2025-12-14 14:00:00,2025-12-07 14:00:00,CLOSED,SAP_ARIBA,2025-12-01 16:15:00,2026-08-05 02:59:59,BATCH_202511_RAW_PURCHASE_ORDERS
PO-00000357,1,2025-11-27 16:00:00,SUP-001,SKU-0038,WH-LKO-01,575,132.98,SGD,2025-12-14 16:00:00,11/12/2025,CLOSED,SAP_ARIBA,2025-11-27 18:12:00,2026-08-05 02:59:59,BATCH_202511_RAW_PURCHASE_ORDERS
PO-00000358,1,28/11/2025,SUP-004,SKU-0034,WH-BLR-04,476,141.16,AED,2025-12-28 12:00:00,2025-12-16 12:00:00,CLOSED,SAP_ARIBA,2025-11-28 13:24:00,2026-08-05 02:59:59,BATCH_202511_RAW_PURCHASE_ORDERS
PO-00000359,1,2025-11-28 08:00:00,SUP-008,SKU-0046,WH-LKO-01,393,109.74,AED,2025-12-24 08:00:00,2025-12-15T08:00:00+05:30,CLOSED,SAP_ARIBA,2025-11-28 10:04:00,2026-08-05 02:59:59,BATCH_202511_RAW_PURCHASE_ORDERS
PO-00000360,1,2025-11-29 13:00:00,SUP-006,SKU-0003,WH-MUM-03,284,36.59,AED,2025-12-23 13:00:00,2025-12-14 13:00:00,CLOSED,SAP_ARIBA,2025-11-29 14:57:00,2026-08-05 02:59:59,BATCH_202511_RAW_PURCHASE_ORDERS
PO-00000361,1,2025-12-02 11:00:00,SUP-004,SKU-0132,WH-LKO-01,573,94.18,SGD,2025-12-19 11:00:00,2025-12-13 11:00:00,CLOSED,SAP_ARIBA,2025-12-02 11:56:00,2026-08-05 02:59:59,BATCH_202512_RAW_PURCHASE_ORDERS
PO-00000362,1,2025-12-03 12:00:00,SUP-008,SKU-0057,WH-MUM-03,372,91.53,EUR,2025-12-20 12:00:00,2025-12-14 12:00:00,CLOSED,SAP_ARIBA,2025-12-03 12:26:00,2026-08-05 02:59:59,BATCH_202512_RAW_PURCHASE_ORDERS
PO-00000363,1,2025-12-04 16:00:00,SUP-004,SKU-0122,WH-LKO-01,400,65.08,EUR,2025-12-18 16:00:00,2025-12-13 16:00:00,CLOSED,SAP_ARIBA,2025-12-04 16:08:00,2026-08-05 02:59:59,BATCH_202512_RAW_PURCHASE_ORDERS
PO-00000364,1,2025-12-07 08:00:00,SUP-005,SKU-0068,WH-BLR-04,369,75.57,EUR,2025-12-28 08:00:00,2025-12-23 08:00:00,CLOSED,SAP_ARIBA,2025-12-07 09:11:00,2026-08-05 02:59:59,BATCH_202512_RAW_PURCHASE_ORDERS
PO-00000365,1,2025-12-08T09:00:00+05:30,SUP-007,SKU-0087,WH-BLR-04,306,137.19,USD,2025-12-27 09:00:00,2025-12-20 09:00:00,CLOSED,SAP_ARIBA,2025-12-08 11:09:00,2026-08-05 02:59:59,BATCH_202512_RAW_PURCHASE_ORDERS
PO-00000366,1,2025-12-11T08:00:00Z,SUP-006,SKU-0010,WH-LKO-01,335,116.69,USD,2025-12-30 08:00:00,2025-12-25 08:00:00,CLOSED,SAP_ARIBA,2025-12-11 08:04:00,2026-08-05 02:59:59,BATCH_202512_RAW_PURCHASE_ORDERS
PO-00000367,1,2025-12-11 14:00:00,SUP-004,SKU-0047,WH-LKO-01,334,66.57,AED,2025-12-29 14:00:00,2025-12-27 14:00:00,CLOSED,SAP_ARIBA,2025-12-11 14:57:00,2026-08-05 02:59:59,BATCH_202512_RAW_PURCHASE_ORDERS
PO-00000368,1,2025-12-18 12:00:00,SUP-003,SKU-0035,WH-LKO-01,298,145.69,AED,2026-01-07 12:00:00,2025-12-29 12:00:00,CLOSED,SAP_ARIBA,2025-12-18 13:25:00,2026-08-05 02:59:59,BATCH_202512_RAW_PURCHASE_ORDERS
PO-00000369,1,2025-12-20 16:00:00,SUP-004,SKU-0132,WH-LKO-01,613,94.18,SGD,2026-01-09 16:00:00,2025-12-31 16:00:00,CLOSED,SAP_ARIBA,2025-12-20 16:18:00,2026-08-05 02:59:59,BATCH_202512_RAW_PURCHASE_ORDERS
PO-00000370,1,2025-12-23 13:00:00,SUP-004,SKU-0122,WH-LKO-01,455,65.08,EUR,2026-01-18 13:00:00,2026-01-01 13:00:00,PARTIALLY_RECEIVED,SAP_ARIBA,2025-12-23 13:17:00,2026-08-05 02:59:59,BATCH_202512_RAW_PURCHASE_ORDERS
PO-00000371,1,2025-12-24 12:00:00,SUP-006,SKU-0003,WH-DEL-02,284,35.49,AED,2026-01-15 12:00:00,2026-01-10 12:00:00,CLOSED,SAP_ARIBA,2025-12-24 14:41:00,2026-08-05 02:59:59,BATCH_202512_RAW_PURCHASE_ORDERS
PO-00000372,1,2025-12-25 16:00:00,SUP-008,SKU-0057,WH-MUM-03,432,91.53,EUR,2026-01-10 16:00:00,2026-01-05 16:00:00,CLOSED,SAP_ARIBA,2025-12-25 18:30:00,2026-08-05 02:59:59,BATCH_202512_RAW_PURCHASE_ORDERS
PO-00000373,1,2025-12-28 11:00:00,SUP-002,SKU-0019,WH-LKO-01,391,68.85,AED,2026-01-20 11:00:00,2026-01-13 11:00:00,PARTIALLY_RECEIVED,SAP_ARIBA,2026-01-02 13:51:00,2026-08-05 02:59:59,BATCH_202512_RAW_PURCHASE_ORDERS
PO-00000374,1,2025-12-28 11:00:00,SUP-006,SKU-0028,WH-DEL-02,407,110.31,USD,2026-01-09 11:00:00,2026-01-06 11:00:00,CLOSED,SAP_ARIBA,2025-12-28 11:00:00,2026-08-05 02:59:59,BATCH_202512_RAW_PURCHASE_ORDERS
PO-00000375,1,2025-12-28 16:00:00,SUP-005,SKU-0068,WH-BLR-04,415,75.57,EUR,2026-01-16 16:00:00,2026-01-13 16:00:00,CLOSED,SAP_ARIBA,2025-12-28 17:28:00,2026-08-05 02:59:59,BATCH_202512_RAW_PURCHASE_ORDERS
PO-00000376,1,2025-12-29 14:00:00,SUP-004,SKU-0034,WH-BLR-04,548,141.16,AED,2026-01-25 14:00:00,2026-01-16 14:00:00,CLOSED,SAP_ARIBA,2025-12-29 15:59:00,2026-08-05 02:59:59,BATCH_202512_RAW_PURCHASE_ORDERS
PO-00000377,1,2025-12-30 11:00:00,SUP-004,SKU-0047,WH-LKO-01,351,66.57,AED,2026-01-26 11:00:00,2026-01-15 11:00:00,CANCELLED,SAP_ARIBA,2025-12-30 12:43:00,2026-08-05 02:59:59,BATCH_202512_RAW_PURCHASE_ORDERS
PO-00000378,1,2026-01-04 15:00:00,SUP-006,SKU-0010,WH-LKO-01,277,116.69,USD,2026-01-25 15:00:00,2026-01-18 15:00:00,CLOSED,SAP_ARIBA,2026-01-04 17:03:00,2026-08-05 02:59:59,BATCH_202601_RAW_PURCHASE_ORDERS
PO-00000379,1,2026-01-08 14:00:00,SUP-004,SKU-0033,WH-MUM-03,564,119.68,USD,2026-01-28 14:00:00,2026-01-17 14:00:00,PARTIALLY_RECEIVED,SAP_ARIBA,2026-01-08 15:50:00,2026-08-05 02:59:59,BATCH_202601_RAW_PURCHASE_ORDERS
PO-00000380,1,2026-01-10T10:00:00Z,SUP-006,SKU-0028,WH-DEL-02,291,110.31,USD,2026-01-25 10:00:00,2026-01-19 10:00:00,CLOSED,SAP_ARIBA,2026-01-10 12:07:00,2026-08-05 02:59:59,BATCH_202601_RAW_PURCHASE_ORDERS
PO-00000381,1,2026-01-11 15:00:00,SUP-007,SKU-0109,WH-LKO-01,508,34.81,SGD,2026-02-06 15:00:00,2026-01-23 15:00:00,CLOSED,SAP_ARIBA,2026-01-11 15:44:00,2026-08-05 02:59:59,BATCH_202601_RAW_PURCHASE_ORDERS
PO-00000382,1,2026-01-14 15:00:00,SUP-003,SKU-0035,WH-LKO-01,370,145.69,AED,2026-02-01 15:00:00,2026-01-25 15:00:00,CLOSED,SAP_ARIBA,2026-01-14 17:39:00,2026-08-05 02:59:59,BATCH_202601_RAW_PURCHASE_ORDERS
PO-00000383,1,2026-01-15T10:00:00Z,SUP-003,SKU-0012,WH-BLR-04,468,31.31,EUR,2026-02-05 10:00:00,2026-01-27 10:00:00,CLOSED,SAP_ARIBA,2026-01-15 11:48:00,2026-08-05 02:59:59,BATCH_202601_RAW_PURCHASE_ORDERS
PO-00000384,1,2026-01-15 16:00:00,SUP-007,SKU-0060,WH-DEL-02,529,41.57,SGD,1770028200,2026-01-24 16:00:00,CLOSED,SAP_ARIBA,2026-01-15 18:55:00,2026-08-05 02:59:59,BATCH_202601_RAW_PURCHASE_ORDERS
PO-00000385,1,2026-01-19 10:00:00,SUP-004,SKU-0099,WH-MUM-03,365,100.80,USD,2026-02-09 10:00:00,2026-02-04 10:00:00,CLOSED,SAP_ARIBA,2026-01-19 11:26:00,2026-08-05 02:59:59,BATCH_202601_RAW_PURCHASE_ORDERS
PO-00000386,1,2026-01-21 14:00:00,SUP-001,SKU-0082,WH-MUM-03,449,38.12,AED,2026-02-09 14:00:00,2026-02-06 14:00:00,CLOSED,SAP_ARIBA,2026-01-21 14:45:00,2026-08-05 02:59:59,BATCH_202601_RAW_PURCHASE_ORDERS
PO-00000387,1,2026-01-24 08:00:00,SUP-006,SKU-0031,WH-DEL-02,431,148.83,EUR,2026-02-11 08:00:00,2026-02-03 08:00:00,CLOSED,SAP_ARIBA,2026-01-24 10:38:00,2026-08-05 02:59:59,BATCH_202601_RAW_PURCHASE_ORDERS
PO-00000388,1,2026-01-24 14:00:00,SUP-004,SKU-0132,WH-MUM-03,381,100.09,SGD,2026-02-19 14:00:00,11/02/2026,CLOSED,SAP_ARIBA,2026-01-24 16:01:00,2026-08-05 02:59:59,BATCH_202601_RAW_PURCHASE_ORDERS
PO-00000389,1,2026-01-26T10:00:00+05:30,SUP-003,SKU-0028,WH-LKO-01,601,106.14,USD,2026-02-12 10:00:00,2026-02-06 10:00:00,PARTIALLY_RECEIVED,SAP_ARIBA,2026-01-26 10:17:00,2026-08-05 02:59:59,BATCH_202601_RAW_PURCHASE_ORDERS
PO-00000390,1,2026-01-28 08:00:00,SUP-007,SKU-0093,WH-MUM-03,422,78.88,SGD,2026-02-15 08:00:00,2026-02-10 08:00:00,CLOSED,SAP_ARIBA,2026-01-28 09:44:00,2026-08-05 02:59:59,BATCH_202601_RAW_PURCHASE_ORDERS
PO-00000391,1,2026-01-30 11:00:00,SUP-005,SKU-0069,WH-LKO-01,420,133.11,EUR,2026-02-23 11:00:00,2026-02-11 11:00:00,OPEN,SAP_ARIBA,2026-01-30 13:20:00,2026-08-05 02:59:59,BATCH_202601_RAW_PURCHASE_ORDERS
PO-00000392,1,2026-02-02 12:00:00,SUP-005,SKU-0069,WH-DEL-02,371,131.39,EUR,2026-02-20 12:00:00,11/02/2026,OPEN,SAP_ARIBA,2026-02-02 12:25:00,2026-08-05 02:59:59,BATCH_202602_RAW_PURCHASE_ORDERS
PO-00000393,1,2026-02-06 12:00:00,SUP-004,SKU-0099,WH-MUM-03,444,100.80,USD,2026-02-24 12:00:00,2026-02-22 12:00:00,CLOSED,SAP_ARIBA,2026-02-06 13:08:00,2026-08-05 02:59:59,BATCH_202602_RAW_PURCHASE_ORDERS
PO-00000394,1,2026-02-07 10:00:00,SUP-003,SKU-0012,WH-BLR-04,369,31.31,EUR,2026-02-24 10:00:00,2026-02-19 10:00:00,PARTIALLY_RECEIVED,SAP_ARIBA,2026-02-07 12:41:00,2026-08-05 02:59:59,BATCH_202602_RAW_PURCHASE_ORDERS
PO-00000395,1,2026-02-07 10:00:00,SUP-007,SKU-0109,WH-LKO-01,492,34.81,SGD,2026-03-01 10:00:00,2026-02-19 10:00:00,CLOSED,SAP_ARIBA,2026-02-07 10:27:00,2026-08-05 02:59:59,BATCH_202602_RAW_PURCHASE_ORDERS
N/A,1,2026-02-07 16:00:00,SUP-004,SKU-0133,WH-DEL-02,513,16.79,USD,2026-02-28 16:00:00,2026-02-19 16:00:00,PARTIALLY_RECEIVED,SAP_ARIBA,2026-02-07 17:41:00,2026-08-05 02:59:59,BATCH_202602_RAW_PURCHASE_ORDERS
PO-00000397,1,2026-02-09 09:00:00,SUP-001,SKU-0082,WH-MUM-03,460,38.12,AED,2026-03-08 09:00:00,2026-02-25 09:00:00,CLOSED,SAP_ARIBA,2026-02-09 10:48:00,2026-08-05 02:59:59,BATCH_202602_RAW_PURCHASE_ORDERS
PO-00000398,1,2026-02-09 13:00:00,SUP-003,SKU-0090,WH-LKO-01,333,100.72,EUR,2026-02-23 13:00:00,2026-02-20 13:00:00,CLOSED,SAP_ARIBA,2026-02-09 14:17:00,2026-08-05 02:59:59,BATCH_202602_RAW_PURCHASE_ORDERS
PO-00000399,1,2026-02-12 16:00:00,SUP-001,SKU-0030,WH-LKO-01,455,151.03,EUR,2026-03-02 16:00:00,2026-02-27 16:00:00,CLOSED,SAP_ARIBA,2026-02-16 16:21:00,2026-08-05 02:59:59,BATCH_202602_RAW_PURCHASE_ORDERS
PO-00000400,1,2026-02-12 12:00:00,SUP-006,SKU-0031,WH-DEL-02,515,148.83,EUR,2026-02-24 12:00:00,2026-02-22 12:00:00,CLOSED,SAP_ARIBA,2026-02-12 13:46:00,2026-08-05 02:59:59,BATCH_202602_RAW_PURCHASE_ORDERS
PO-00000401,1,2026-02-12 08:00:00,SUP-002,SKU-0136,WH-LKO-01,425,106.76,USD,2026-02-27 08:00:00,2026-02-21 08:00:00,CLOSED,SAP_ARIBA,2026-02-12 09:10:00,2026-08-05 02:59:59,BATCH_202602_RAW_PURCHASE_ORDERS
PO-00000402,1,2026-02-13 08:00:00,SUP-001,SKU-0032,WH-BLR-04,499,78.38,USD,2026-03-02 08:00:00,2026-02-25 08:00:00,CLOSED,SAP_ARIBA,2026-02-13 10:57:00,2026-08-05 02:59:59,BATCH_202602_RAW_PURCHASE_ORDERS
PO-00000403,1,2026-02-14 09:00:00,SUP-003,SKU-0065,WH-LKO-01,487,55.41,EUR,2026-03-02 09:00:00,2026-02-25 09:00:00,CLOSED,SAP_ARIBA,2026-02-14 10:38:00,2026-08-05 02:59:59,BATCH_202602_RAW_PURCHASE_ORDERS
PO-00000404,1,2026-02-15 14:00:00,SUP-001,SKU-0039,WH-MUM-03,384,59.76,EUR,2026-02-28 14:00:00,2026-02-25 14:00:00,CLOSED,SAP_ARIBA,2026-02-15 15:15:00,2026-08-05 02:59:59,BATCH_202602_RAW_PURCHASE_ORDERS
PO-00000405,1,2026-02-16 16:00:00,SUP-003,SKU-0016,WH-MUM-03,391,89.12,SGD,2026-03-14 16:00:00,2026-03-05 16:00:00,CLOSED,SAP_ARIBA,2026-02-16 17:16:00,2026-08-05 02:59:59,BATCH_202602_RAW_PURCHASE_ORDERS
PO-00000406,1,2026-02-16 14:00:00,SUP-002,SKU-0026,WH-MUM-03,375,30.07,USD,2026-03-10 14:00:00,2026-03-05 14:00:00,CLOSED,SAP_ARIBA,2026-02-16 14:47:00,2026-08-05 02:59:59,BATCH_202602_RAW_PURCHASE_ORDERS
PO-00000407,1,2026-02-16 15:00:00,SUP-004,SKU-0132,WH-MUM-03,425,100.09,SGD,2026-03-31 15:00:00,2026-03-06 15:00:00,CLOSED,SAP_ARIBA,2026-02-16 15:53:00,2026-08-05 02:59:59,BATCH_202602_RAW_PURCHASE_ORDERS
PO-00000408,1,2026-02-18 15:00:00,SUP-004,SKU-0047,WH-DEL-02,363,65.82,AED,2026-03-21 15:00:00,2026-03-05 15:00:00,CLOSED,SAP_ARIBA,2026-02-18 15:54:00,2026-08-05 02:59:59,BATCH_202602_RAW_PURCHASE_ORDERS
PO-00000409,1,2026-02-24 13:00:00,SUP-006,SKU-0061,WH-LKO-01,291,122.29,EUR,2026-03-19 13:00:00,2026-03-14 13:00:00,OPEN,SAP_ARIBA,2026-02-24 15:16:00,2026-08-05 02:59:59,BATCH_202602_RAW_PURCHASE_ORDERS
PO-00000410,1,2026-02-25 09:00:00,SUP-003,SKU-0007,WH-BLR-04,332,14.04,SGD,2026-03-10 09:00:00,2026-03-08 09:00:00,CLOSED,SAP_ARIBA,2026-02-25 09:01:00,2026-08-05 02:59:59,BATCH_202602_RAW_PURCHASE_ORDERS
PO-00000411,1,2026-02-28 08:00:00,SUP-001,SKU-0020,WH-LKO-01,432,118.31,EUR,2026-03-11 08:00:00,2026-03-09 08:00:00,CLOSED,SAP_ARIBA,2026-03-11 10:10:00,2026-08-05 02:59:59,BATCH_202602_RAW_PURCHASE_ORDERS
PO-00000412,1,2026-02-28 16:00:00,SUP-006,SKU-0117,WH-BLR-04,464,105.66,EUR,2026-03-16 16:00:00,2026-03-13 16:00:00,PARTIALLY_RECEIVED,SAP_ARIBA,2026-02-28 18:29:00,2026-08-05 02:59:59,BATCH_202602_RAW_PURCHASE_ORDERS
PO-00000413,1,2026-03-01 14:00:00,SUP-001,SKU-0039,WH-MUM-03,339,59.76,EUR,2026-03-15 14:00:00,1773217800,CLOSED,SAP_ARIBA,2026-03-01 15:58:00,2026-08-05 02:59:59,BATCH_202603_RAW_PURCHASE_ORDERS
PO-00000414,1,2026-03-02 15:00:00,SUP-001,SKU-0030,WH-LKO-01,455,151.03,EUR,2026-03-27 15:00:00,2026-03-17 15:00:00,CLOSED,SAP_ARIBA,2026-03-02 16:54:00,2026-08-05 02:59:59,BATCH_202603_RAW_PURCHASE_ORDERS
PO-00000415,1,2026-03-04 10:00:00,SUP-001,SKU-0032,WH-BLR-04,450,78.38,USD,2026-03-22 10:00:00,2026-03-16 10:00:00,CLOSED,SAP_ARIBA,2026-03-04 12:27:00,2026-08-05 02:59:59,BATCH_202603_RAW_PURCHASE_ORDERS
PO-00000416,1,2026-03-04 15:00:00,SUP-002,SKU-0131,WH-BLR-04,356,155.39,USD,2026-03-22 15:00:00,2026-03-16 15:00:00,CLOSED,SAP_ARIBA,2026-03-04 15:48:00,2026-08-05 02:59:59,BATCH_202603_RAW_PURCHASE_ORDERS
PO-00000417,1,2026-03-07 10:00:00,SUP-003,SKU-0016,WH-MUM-03,479,89.12,SGD,2026-03-29 10:00:00,2026-03-24 10:00:00,PARTIALLY_RECEIVED,SAP_ARIBA,2026-03-07 12:17:00,2026-08-05 02:59:59,BATCH_202603_RAW_PURCHASE_ORDERS
PO-00000418,1,2026-03-10 15:00:00,SUP-003,SKU-0007,WH-BLR-04,272,14.04,SGD,2026-03-26 15:00:00,2026-03-21 15:00:00,CLOSED,SAP_ARIBA,2026-03-10 16:11:00,2026-08-05 02:59:59,BATCH_202603_RAW_PURCHASE_ORDERS
PO-00000419,1,2026-03-10 11:00:00,SUP-006,SKU-0021,WH-LKO-01,330,117.33,SGD,2026-03-30 11:00:00,2026-03-25 11:00:00,OPEN,SAP_ARIBA,2026-03-10 12:10:00,2026-08-05 02:59:59,BATCH_202603_RAW_PURCHASE_ORDERS
PO-00000420,1,2026-03-10 11:00:00,SUP-002,SKU-0026,WH-MUM-03,357,30.07,USD,2026-03-31 11:00:00,2026-03-27 11:00:00,CLOSED,SAP_ARIBA,2026-03-10 13:53:00,2026-08-05 02:59:59,BATCH_202603_RAW_PURCHASE_ORDERS
PO-00000421,1,2026-03-10 13:00:00,SUP-004,SKU-0132,WH-BLR-04,521,97.52,SGD,2026-03-29 13:00:00,2026-03-25 13:00:00,CLOSED,SAP_ARIBA,2026-03-10 14:37:00,2026-08-05 02:59:59,BATCH_202603_RAW_PURCHASE_ORDERS
PO-00000422,1,2026-03-11 09:00:00,SUP-001,SKU-0020,WH-LKO-01,518,118.31,EUR,2026-03-24 09:00:00,2026-03-20 09:00:00,CLOSED,SAP_ARIBA,2026-03-11 10:23:00,2026-08-05 02:59:59,BATCH_202603_RAW_PURCHASE_ORDERS
PO-00000423,1,2026-03-11 15:00:00,SUP-001,SKU-0058,WH-BLR-04,427,41.42,USD,2026-04-03 15:00:00,2026-03-29 15:00:00,CLOSED,SAP_ARIBA,2026-03-11 15:25:00,2026-08-05 02:59:59,BATCH_202603_RAW_PURCHASE_ORDERS
PO-00000424,1,2026-03-13 08:00:00,SUP-003,SKU-0052,WH-MUM-03,359,39.81,AED,2026-03-24 08:00:00,2026-03-22 08:00:00,PARTIALLY_RECEIVED,SAP_ARIBA,2026-03-13 09:51:00,2026-08-05 02:59:59,BATCH_202603_RAW_PURCHASE_ORDERS
PO-00000425,1,03-15-2026,SUP-005,SKU-0069,WH-BLR-04,460,138.75,EUR,2026-04-04 14:00:00,2026-03-29 14:00:00,CLOSED,SAP_ARIBA,2026-03-15 14:43:00,2026-08-05 02:59:59,BATCH_202603_RAW_PURCHASE_ORDERS
PO-00000426,1,2026-03-20 09:00:00,SUP-004,SKU-0047,WH-DEL-02,321,65.82,AED,2026-04-10 09:00:00,2026-04-04 09:00:00,PARTIALLY_RECEIVED,SAP_ARIBA,2026-03-20 09:59:00,2026-08-05 02:59:59,BATCH_202603_RAW_PURCHASE_ORDERS
PO-00000427,1,2026-03-22 10:00:00,SUP-002,SKU-0111,WH-BLR-04,486,43.10,EUR,2026-04-05 10:00:00,2026-04-03 10:00:00,CLOSED,SAP_ARIBA,2026-03-22 11:58:00,2026-08-05 02:59:59,BATCH_202603_RAW_PURCHASE_ORDERS
PO-00000428,1,2026-03-27 15:00:00,SUP-005,SKU-0135,WH-MUM-03,480,65.06,EUR,2026-04-11 15:00:00,2026-04-08 15:00:00,CLOSED,SAP_ARIBA,2026-03-27 15:13:00,2026-08-05 02:59:59,BATCH_202603_RAW_PURCHASE_ORDERS
PO-00000429,1,2026-03-28 16:00:00,SUP-007,SKU-0087,WH-MUM-03,408,145.10,USD,2026-04-29 16:00:00,2026-04-14 16:00:00,CLOSED,SAP_ARIBA,2026-04-20 16:19:00,2026-08-05 02:59:59,BATCH_202603_RAW_PURCHASE_ORDERS
PO-00000430,1,2026-03-31 08:00:00,SUP-004,SKU-0132,WH-BLR-04,502,97.52,SGD,2026-04-24 08:00:00,2026-04-15 08:00:00,CLOSED,SAP_ARIBA,2026-03-31 09:47:00,2026-08-05 02:59:59,BATCH_202603_RAW_PURCHASE_ORDERS
PO-00000431,1,2026-04-04 16:00:00,SUP-005,SKU-0069,WH-BLR-04,602,138.75,EUR,2026-04-22 16:00:00,2026-04-18 16:00:00, CLOSED ,SAP_ARIBA,2026-04-04 16:11:00,2026-08-05 02:59:59,BATCH_202604_RAW_PURCHASE_ORDERS
PO-00000432,1,2026-04-05 11:00:00,sup-001,SKU-0058,WH-BLR-04,520,41.42,USD,2026-04-27 11:00:00,2026-04-23 11:00:00, PARTIALLY_RECEIVED ,SAP_ARIBA,2026-04-05 11:27:00,2026-08-05 02:59:59,BATCH_202604_RAW_PURCHASE_ORDERS
PO-00000433,1,2026-04-05 12:00:00,SUP-001,SKU-0119,WH-LKO-01,465,88.97,EUR,2026-04-25 12:00:00,2026-04-23 12:00:00,CLOSED,SAP_ARIBA,2026-04-05 13:21:00,2026-08-05 02:59:59,BATCH_202604_RAW_PURCHASE_ORDERS
PO-00000434,1,2026-04-05T08:00:00+05:30,SUP-005,SKU-0137,WH-MUM-03,524,146.49,AED,2026-04-19 08:00:00,2026-04-14 08:00:00,CLOSED,SAP_ARIBA,2026-04-05 10:23:00,2026-08-05 02:59:59,BATCH_202604_RAW_PURCHASE_ORDERS
PO-00000435,1,2026-04-06 08:00:00,SUP-002,SKU-0111,WH-BLR-04,448,43.10,EUR,2026-04-26 08:00:00,2026-04-18 08:00:00,PARTIALLY_RECEIVED,SAP_ARIBA,2026-04-06 09:51:00,2026-08-05 02:59:59,BATCH_202604_RAW_PURCHASE_ORDERS
PO-00000436,1,2026-04-07 12:00:00,SUP-005,SKU-0149,WH-MUM-03,372,137.68,EUR,2026-04-21 12:00:00,2026-04-17 12:00:00,CLOSED,SAP_ARIBA,2026-04-07 13:27:00,2026-08-05 02:59:59,BATCH_202604_RAW_PURCHASE_ORDERS
PO-00000437,1,2026-04-09 12:00:00,SUP-005,SKU-0051,WH-BLR-04,491,132.90,USD,2026-04-23 12:00:00,2026-04-20 12:00:00,CLOSED,SAP_ARIBA,2026-04-09 13:24:00,2026-08-05 02:59:59,BATCH_202604_RAW_PURCHASE_ORDERS
PO-00000438,1,2026-04-09 13:00:00,SUP-008,SKU-0081,WH-BLR-04,297,110.51,EUR,2026-05-06 13:00:00,2026-04-23 13:00:00,OPEN,SAP_ARIBA,2026-04-09 15:34:00,2026-08-05 02:59:59,BATCH_202604_RAW_PURCHASE_ORDERS
PO-00000439,1,2026-04-10 13:00:00,SUP-002,SKU-0003,WH-BLR-04,487,36.72,AED,2026-04-27 13:00:00,2026-04-21 13:00:00,CLOSED,SAP_ARIBA,2026-04-15 14:38:00,2026-08-05 02:59:59,BATCH_202604_RAW_PURCHASE_ORDERS
PO-00000440,1,2026-04-10 15:00:00,SUP-007,SKU-0093,WH-BLR-04,483,80.92,SGD,2026-05-06 15:00:00,2026-04-19 15:00:00,CLOSED,SAP_ARIBA,2026-04-10 15:19:00,2026-08-05 02:59:59,BATCH_202604_RAW_PURCHASE_ORDERS
PO-00000441,1,2026-04-11 16:00:00,SUP-005,sku-0135,WH-MUM-03,635,65.06,EUR,2026-04-27 16:00:00,2026-04-23 16:00:00,CLOSED,SAP_ARIBA,2026-04-11 16:09:00,2026-08-05 02:59:59,BATCH_202604_RAW_PURCHASE_ORDERS
PO-00000442,1,2026-04-13 12:00:00,SUP-001,SKU-0039,WH-BLR-04,475,59.30,EUR,2026-04-28 12:00:00,2026-04-25 12:00:00,CANCELLED,SAP_ARIBA,2026-04-13 12:01:00,2026-08-05 02:59:59,BATCH_202604_RAW_PURCHASE_ORDERS
PO-00000443,1,2026-04-13 13:00:00,SUP-003,SKU-0096,WH-BLR-04,439,15.94,SGD,2026-04-29 13:00:00,2026-04-25 13:00:00,CLOSED,SAP_ARIBA,2026-04-13 13:29:00,2026-08-05 02:59:59,BATCH_202604_RAW_PURCHASE_ORDERS
 PO-00000444 ,1,2026-04-14 08:00:00,SUP-001,SKU-0039,WH-BLR-04,514,59.30,EUR,2026-04-30 08:00:00,2026-04-26 08:00:00,CLOSED,SAP_ARIBA,2026-04-14 08:54:00,2026-08-05 02:59:59,BATCH_202604_RAW_PURCHASE_ORDERS
N/A,1,2026-04-15 09:00:00,SUP-001,SKU-0038,WH-DEL-02,589,134.59,SGD,2026-05-04 09:00:00,2026-04-30 09:00:00,CLOSED,SAP_ARIBA,2026-04-15 11:50:00,2026-08-05 02:59:59,BATCH_202604_RAW_PURCHASE_ORDERS
PO-00000446,1,2026-04-19 13:00:00,SUP-002,SKU-0142,WH-DEL-02,378,14.32,SGD,2026-05-06 13:00:00,2026-05-01 13:00:00,CLOSED,SAP_ARIBA,2026-04-19 14:07:00,2026-08-05 02:59:59,BATCH_202604_RAW_PURCHASE_ORDERS
PO-00000447,1,2026-04-20 08:00:00,SUP-007,SKU-0064,WH-MUM-03,390,95.41,USD,2026-05-14 08:00:00,2026-05-04 08:00:00,CLOSED,SAP_ARIBA,2026-04-20 08:02:00,2026-08-05 02:59:59,BATCH_202604_RAW_PURCHASE_ORDERS
PO-00000448,1,2026-04-20 12:00:00,SUP-005,SKU-0085,WH-DEL-02,372,83.10,SGD,2026-05-06 12:00:00,2026-05-01 12:00:00,CLOSED,SAP_ARIBA,2026-04-20 12:34:00,2026-08-05 02:59:59,BATCH_202604_RAW_PURCHASE_ORDERS
PO-00000449,1,2026-04-22 10:00:00,SUP-005,SKU-0149,WH-MUM-03,439,137.68,EUR,2026-05-11 10:00:00,2026-05-02 10:00:00,CLOSED,SAP_ARIBA,2026-04-22 12:10:00,2026-08-05 02:59:59,BATCH_202604_RAW_PURCHASE_ORDERS
PO-00000450,1,2026-04-24 10:00:00,SUP-005,SKU-0137,WH-MUM-03,630,146.49,AED,2026-05-10 10:00:00,2026-05-03 10:00:00,CLOSED,SAP_ARIBA,2026-04-24 11:57:00,2026-08-05 02:59:59,BATCH_202604_RAW_PURCHASE_ORDERS
PO-00000451,1,2026-04-25 09:00:00,SUP-007,SKU-0101,WH-MUM-03,433,161.37,AED,2026-05-13 09:00:00,2026-05-09 09:00:00,CLOSED,SAP_ARIBA,2026-04-25 09:33:00,2026-08-05 02:59:59,BATCH_202604_RAW_PURCHASE_ORDERS
PO-00000452,1,2026-04-28 12:00:00,SUP-005,SKU-0014,WH-DEL-02,296,117.26,SGD,2026-05-15 12:00:00,2026-05-08T12:00:00Z,CLOSED,SAP_ARIBA,2026-04-28 14:26:00,2026-08-05 02:59:59,BATCH_202604_RAW_PURCHASE_ORDERS
PO-00000453,1,2026-04-28 09:00:00,SUP-007,SKU-0087,WH-MUM-03,390,145.10,USD,2026-05-18 09:00:00,2026-05-15 09:00:00,CLOSED,SAP_ARIBA,2026-04-28 10:31:00,2026-08-05 02:59:59,BATCH_202604_RAW_PURCHASE_ORDERS
PO-00000454,1,2026-04-29 09:00:00,SUP-002,SKU-0003,WH-BLR-04,640,36.72,AED,2026-05-18 09:00:00,2026-05-10 09:00:00,CLOSED,SAP_ARIBA,2026-04-29 09:58:00,2026-08-05 02:59:59,BATCH_202604_RAW_PURCHASE_ORDERS
PO-00000455,1,2026-04-29 11:00:00,SUP-003,SKU-0035,WH-MUM-03,478,144.85,AED,2026-05-14 11:00:00,2026-05-09 11:00:00,CLOSED,SAP_ARIBA,2026-04-29 13:08:00,2026-08-05 02:59:59,BATCH_202604_RAW_PURCHASE_ORDERS
PO-00000456,1,1777523400,SUP-004,SKU-0055,WH-MUM-03,413,159.23,SGD,2026-05-29 10:00:00,2026-05-18 10:00:00,CLOSED,SAP_ARIBA,2026-04-30 12:28:00,2026-08-05 02:59:59,BATCH_202604_RAW_PURCHASE_ORDERS
PO-00000457,1,2026-04-30 14:00:00,SUP-003, SKU-0096 ,WH-BLR-04,365,15.94,SGD,2026-05-15 14:00:00,2026-05-12 14:00:00,CLOSED,SAP_ARIBA,2026-04-30 15:40:00,2026-08-05 02:59:59,BATCH_202604_RAW_PURCHASE_ORDERS
PO-00000458,1,2026-05-01 11:00:00,SUP-006,SKU-0120,WH-LKO-01,335,22.15,USD,2026-05-18 11:00:00,2026-05-12 11:00:00,CLOSED,SAP_ARIBA,2026-05-01 12:13:00,2026-08-05 02:59:59,BATCH_202605_RAW_PURCHASE_ORDERS
PO-00000459,1,2026-05-02 12:00:00,SUP-001,SKU-0039,WH-BLR-04,436,59.30,EUR,2026-05-18 12:00:00,2026-05-14 12:00:00,CLOSED,SAP_ARIBA,2026-05-02 14:31:00,2026-08-05 02:59:59,BATCH_202605_RAW_PURCHASE_ORDERS
PO-00000460,1,2026-05-03 08:00:00,SUP-007,SKU-0060,WH-MUM-03,431,42.82,SGD,2026-05-19 08:00:00,2026-05-13 08:00:00,CLOSED,SAP_ARIBA,2026-05-03 08:45:00,2026-08-05 02:59:59,BATCH_202605_RAW_PURCHASE_ORDERS
PO-00000461,1,2026-05-03 08:00:00,SUP-006,SKU-0071,WH-BLR-04,288,94.46,SGD,2026-05-16 08:00:00,2026-05-12 08:00:00,CLOSED,SAP_ARIBA,2026-05-03 10:55:00,2026-08-05 02:59:59,BATCH_202605_RAW_PURCHASE_ORDERS
PO-00000462,1,2026-05-04 14:00:00,SUP-007,SKU-0093,WH-BLR-04,370,80.92,SGD,2026-05-28 14:00:00,2026-05-13 14:00:00,CLOSED,SAP_ARIBA,2026-05-04 16:45:00,2026-08-05 02:59:59,BATCH_202605_RAW_PURCHASE_ORDERS
PO-00000463,1,2026-05-06 10:00:00,SUP-007,SKU-0093,WH-MUM-03,449,78.88,SGD,2026-06-04 10:00:00,2026-05-19 10:00:00,CLOSED,SAP_ARIBA,2026-05-06 10:10:00,2026-08-05 02:59:59,BATCH_202605_RAW_PURCHASE_ORDERS
PO-00000464,1,2026-05-07 16:00:00,SUP-001,SKU-0038,WH-DEL-02,630,134.59,SGD,2026-05-28 16:00:00,2026-05-22 16:00:00,CLOSED,SAP_ARIBA,2026-05-07 16:33:00,2026-08-05 02:59:59,BATCH_202605_RAW_PURCHASE_ORDERS
PO-00000465,1,2026-05-07 15:00:00,SUP-005,SKU-0068,WH-LKO-01,621,73.55,EUR,2026-05-31T15:00:00+05:30,2026-05-22 15:00:00,PARTIALLY_RECEIVED,SAP_ARIBA,2026-05-07 16:31:00,2026-08-05 02:59:59,BATCH_202605_RAW_PURCHASE_ORDERS
PO-00000466,1,2026-05-07 13:00:00,SUP-007,SKU-0125,WH-MUM-03,269,65.45,EUR,2026-05-20T13:00:00+05:30,2026-05-17 13:00:00,CLOSED,SAP_ARIBA,2026-05-07 14:54:00,2026-08-05 02:59:59,BATCH_202605_RAW_PURCHASE_ORDERS
PO-00000467,1,2026-05-07 12:00:00,SUP-002,SKU-0142,WH-DEL-02,436,14.32,SGD,2026-05-22 12:00:00,2026-05-19 12:00:00,CLOSED,SAP_ARIBA,2026-05-07 13:35:00,2026-08-05 02:59:59,BATCH_202605_RAW_PURCHASE_ORDERS
PO-00000468,1,2026-05-10 16:00:00,SUP-003,SKU-0073,WH-BLR-04,542,51.60,AED,2026-05-23 16:00:00,2026-05-20 16:00:00,CLOSED,SAP_ARIBA,2026-05-10 16:17:00,2026-08-05 02:59:59,BATCH_202605_RAW_PURCHASE_ORDERS
PO-00000469,1,2026-05-12 12:00:00,SUP-003,SKU-0035,WH-MUM-03,491,144.85,AED,2026-05-25 12:00:00,2026-05-22 12:00:00,CLOSED,SAP_ARIBA,2026-05-12 12:42:00,2026-08-05 02:59:59,BATCH_202605_RAW_PURCHASE_ORDERS
PO-00000470,1,2026-05-12 14:00:00,SUP-007,SKU-0064,WH-MUM-03,468,95.41,USD,2026-06-05 14:00:00,2026-05-26 14:00:00,PARTIALLY_RECEIVED,SAP_ARIBA,2026-05-12 14:02:00,2026-08-05 02:59:59,BATCH_202605_RAW_PURCHASE_ORDERS
PO-00000471,1,2026-05-12 15:00:00,SUP-008,SKU-0100,WH-MUM-03,364,68.99,SGD,1779874200,2026-05-22 15:00:00,CLOSED,SAP_ARIBA,2026-05-12 17:23:00,2026-08-05 02:59:59,BATCH_202605_RAW_PURCHASE_ORDERS
PO-00000472,1,2026-05-13 12:00:00,SUP-006,SKU-0003,WH-DEL-02,251,35.49,AED,2026-06-04 12:00:00,2026-05-30 12:00:00,CLOSED,SAP_ARIBA,2026-05-13 14:10:00,2026-08-05 02:59:59,BATCH_202605_RAW_PURCHASE_ORDERS
PO-00000473,1,2026-05-13 13:00:00,SUP-001,SKU-0013,WH-DEL-02,414,32.48,SGD,2026-06-04 13:00:00,2026-05-30 13:00:00,PARTIALLY_RECEIVED,SAP_ARIBA,2026-05-13 15:41:00,2026-08-05 02:59:59,BATCH_202605_RAW_PURCHASE_ORDERS
PO-00000474,1,2026-05-14 11:00:00,SUP-005,SKU-0137,WH-BLR-04,448,147.69,AED,2026-06-03 11:00:00,2026-05-31 11:00:00,CLOSED,SAP_ARIBA,2026-05-14 13:07:00,2026-08-05 02:59:59,BATCH_202605_RAW_PURCHASE_ORDERS
PO-00000475,1,2026-05-15 15:00:00,SUP-007,SKU-0138,WH-DEL-02,522,89.51,AED,2026-06-05 15:00:00,2026-05-24 15:00:00,CLOSED,SAP_ARIBA,2026-05-15 16:53:00,2026-08-05 02:59:59,BATCH_202605_RAW_PURCHASE_ORDERS
PO-00000476,1,2026-05-16 15:00:00,SUP-002,SKU-0129,WH-DEL-02,576,27.68,AED,2026-06-02 15:00:00,2026-05-28 15:00:00,CLOSED,SAP_ARIBA,2026-05-16 15:35:00,2026-08-05 02:59:59,BATCH_202605_RAW_PURCHASE_ORDERS
PO-00000477,1,2026-05-17 13:00:00,SUP-006,SKU-0079,WH-DEL-02,388,72.78,AED,2026-06-05 13:00:00,2026-06-02 13:00:00,CLOSED,SAP_ARIBA,2026-05-21 14:05:00,2026-08-05 02:59:59,BATCH_202605_RAW_PURCHASE_ORDERS
PO-00000478,1,2026-05-18 08:00:00,SUP-003,SKU-0037,WH-MUM-03,488,16.59,SGD,2026-06-03 08:00:00,2026-05-28 08:00:00,CLOSED,SAP_ARIBA,2026-05-18 08:31:00,2026-08-05 02:59:59,BATCH_202605_RAW_PURCHASE_ORDERS
PO-00000479,1,2026-05-19 16:00:00,SUP-005,SKU-0014,WH-DEL-02,334,117.26,SGD,2026-06-03 16:00:00,2026-05-29 16:00:00,CLOSED,SAP_ARIBA,2026-05-19 17:03:00,2026-08-05 02:59:59,BATCH_202605_RAW_PURCHASE_ORDERS
PO-00000480,1,2026-05-19 13:00:00,SUP-007,SKU-0060,WH-MUM-03,399,42.82,SGD,2026-06-06 13:00:00,2026-05-29 13:00:00,CLOSED,SAP_ARIBA,2026-05-19 15:30:00,2026-08-05 02:59:59,BATCH_202605_RAW_PURCHASE_ORDERS
PO-00000481,1,2026-05-19 14:00:00,SUP-007,SKU-0125,WH-MUM-03,262,65.45,EUR,2026-06-09 14:00:00,2026-05-29 14:00:00,PARTIALLY_RECEIVED,SAP_ARIBA,2026-05-19 16:03:00,2026-08-05 02:59:59,BATCH_202605_RAW_PURCHASE_ORDERS
PO-00000482,1,2026-05-21 14:00:00,SUP-006,SKU-0067,WH-DEL-02,668,99.91,SGD,2026-06-03 14:00:00,2026-05-31 14:00:00,closed,SAP_ARIBA,2026-05-21 16:24:00,2026-08-05 02:59:59,BATCH_202605_RAW_PURCHASE_ORDERS
PO-00000483,1,21/05/2026,SUP-001,SKU-0150,WH-BLR-04,374,153.69,AED,2026-06-12 13:00:00,2026-06-08 13:00:00,CLOSED,SAP_ARIBA,2026-05-21 15:45:00,2026-08-05 02:59:59,BATCH_202605_RAW_PURCHASE_ORDERS
PO-00000484,1,2026-05-22 08:00:00,SUP-003,SKU-0097,WH-LKO-01,481,153.81,EUR,2026-06-17 08:00:00,2026-06-08 08:00:00,PARTIALLY_RECEIVED,SAP_ARIBA,2026-05-22 09:05:00,2026-08-05 02:59:59,BATCH_202605_RAW_PURCHASE_ORDERS
PO-00000485,1,2026-05-22 10:00:00,SUP-006,SKU-0120,WH-LKO-01,382,22.15,USD,2026-06-11 10:00:00,2026-06-02T10:00:00Z,CANCELLED,SAP_ARIBA,2026-05-22 11:58:00,2026-08-05 02:59:59,BATCH_202605_RAW_PURCHASE_ORDERS
PO-00000486,1,2026-05-23 12:00:00,SUP-003,SKU-0073,WH-BLR-04,418,51.60,AED,2026-06-06 12:00:00,2026-06-02 12:00:00,CLOSED,SAP_ARIBA,2026-05-23 14:43:00,2026-08-05 02:59:59,BATCH_202605_RAW_PURCHASE_ORDERS
PO-00000487,1,2026-05-27 12:00:00,SUP-004,SKU-0015,WH-MUM-03,418,61.99,SGD,2026-06-23 12:00:00,2026-06-11 12:00:00,CLOSED,SAP_ARIBA,2026-05-27 12:19:00,2026-08-05 02:59:59,BATCH_202605_RAW_PURCHASE_ORDERS
PO-00000488,1,2026-05-27 16:00:00,SUP-008,SKU-0100,WH-MUM-03,353,68.99,SGD,2026-06-21 16:00:00,2026-06-06 16:00:00,CLOSED,SAP_ARIBA,2026-05-27 16:02:00,2026-08-05 02:59:59,BATCH_202605_RAW_PURCHASE_ORDERS
PO-00000489,1,2026-05-29 16:00:00,SUP-004,SKU-0055,WH-MUM-03,400,159.23,SGD,2026-06-27 16:00:00,2026-06-16 16:00:00,PARTIALLY_RECEIVED,SAP_ARIBA,2026-05-29 18:33:00,2026-08-05 02:59:59,BATCH_202605_RAW_PURCHASE_ORDERS
PO-00000490,1,2026-05-31 15:00:00,SUP-003,SKU-0037,WH-MUM-03,389,16.59,SGD,2026-06-13 15:00:00,2026-06-10 15:00:00,CLOSED,SAP_ARIBA,2026-05-31 15:48:00,2026-08-05 02:59:59,BATCH_202605_RAW_PURCHASE_ORDERS
PO-00000491,1,2026-06-02 16:00:00,SUP-006,SKU-0067,WH-DEL-02,600,99.91,SGD,2026-06-15 16:00:00,2026-06-12 16:00:00,CLOSED,SAP_ARIBA,2026-06-02 17:44:00,2026-08-05 02:59:59,BATCH_202606_RAW_PURCHASE_ORDERS
PO-00000492,1,2026-06-05 15:00:00,SUP-005,SKU-0137,WH-BLR-04,554,147.69,AED,2026-06-26 15:00:00,2026-06-22 15:00:00,CLOSED,SAP_ARIBA,2026-06-09 17:10:00,2026-08-05 02:59:59,BATCH_202606_RAW_PURCHASE_ORDERS
PO-00000493,1,2026-06-06 12:00:00,SUP-006,SKU-0079,WH-DEL-02,344,72.78,AED,2026-06-25T12:00:00Z,2026-06-22 12:00:00,CLOSED,SAP_ARIBA,2026-06-06 12:16:00,2026-08-05 02:59:59,BATCH_202606_RAW_PURCHASE_ORDERS
PO-00000494,1,2026-06-07 09:00:00,SUP-001,SKU-0020, WH-DEL-02 ,451,118.36,EUR,2026-06-26 09:00:00,2026-06-23 09:00:00,CLOSED,SAP_ARIBA,2026-06-07 09:59:00,2026-08-05 02:59:59,BATCH_202606_RAW_PURCHASE_ORDERS
PO-00000495,1,2026-06-09 13:00:00,SUP-006,SKU-0003,WH-DEL-02,353,35.49,AED,2026-06-29 13:00:00,2026-06-26 13:00:00,CLOSED,SAP_ARIBA,2026-06-21 14:50:00,2026-08-05 02:59:59,BATCH_202606_RAW_PURCHASE_ORDERS
PO-00000496,1,2026-06-09 14:00:00,SUP-007,SKU-0093,WH-MUM-03,455,78.88,SGD,2026-06-25 14:00:00,2026-06-22 14:00:00,PARTIALLY_RECEIVED,SAP_ARIBA,2026-06-09 15:07:00,2026-08-05 02:59:59,BATCH_202606_RAW_PURCHASE_ORDERS
PO-00000497,1,2026-06-09 08:00:00,SUP-005,SKU-0098,WH-LKO-01,667,90.99,SGD,2026-06-28 08:00:00,2026-06-25 08:00:00,CLOSED,SAP_ARIBA,2026-06-09 09:17:00,2026-08-05 02:59:59,BATCH_202606_RAW_PURCHASE_ORDERS
PO-00000498,1,2026-06-10 09:00:00,SUP-006,SKU-0126,WH-DEL-02,346,119.26,USD,2026-07-02 09:00:00,2026-06-27 09:00:00,SHIPPED,SAP_ARIBA,2026-06-10 09:04:00,2026-08-05 02:59:59,BATCH_202606_RAW_PURCHASE_ORDERS
PO-00000499,1,2026-06-15 16:00:00,SUP-001,SKU-0082,WH-BLR-04,252,40.24,AED,2026-06-29 16:00:00,2026-06-27 16:00:00,CLOSED,SAP_ARIBA,2026-06-15 17:12:00,2026-08-05 02:59:59,BATCH_202606_RAW_PURCHASE_ORDERS
PO-00000500,1,2026-06-18 14:00:00,SUP-003,SKU-0006,WH-LKO-01,259,74.25,AED,2026-07-12T14:00:00+05:30,2026-07-03 14:00:00,SHIPPED,SAP_ARIBA,2026-06-18 16:44:00,2026-08-05 02:59:59,BATCH_202606_RAW_PURCHASE_ORDERS
PO-00000501,1,2026-06-20 09:00:00,SUP-007,SKU-0108,WH-MUM-03,478,65.55,AED,2026-07-01 09:00:00,2026-06-29 09:00:00,CLOSED,SAP_ARIBA,2026-06-20 10:28:00,2026-08-05 02:59:59,BATCH_202606_RAW_PURCHASE_ORDERS
PO-00000502,1,2026-06-20 08:00:00,SUP-006,SKU-0148,WH-DEL-02,409,151.51,USD,2026-07-09 08:00:00,2026-07-02 08:00:00,SHIPPED,SAP_ARIBA,2026-06-20 09:13:00,2026-08-05 02:59:59,BATCH_202606_RAW_PURCHASE_ORDERS
PO-00000503,1,2026-06-23 15:00:00,SUP-004,SKU-0015,WH-MUM-03,403,61.99,SGD,2026-07-17 15:00:00,2026-07-08 15:00:00,SHIPPED,SAP_ARIBA,2026-06-23 15:17:00,2026-08-05 02:59:59,BATCH_202606_RAW_PURCHASE_ORDERS
PO-00000504,1,2026-06-24 10:00:00,SUP-006,SKU-0083,WH-DEL-02,337,132.49,USD,2026-07-13 10:00:00,2026-07-07 10:00:00,SHIPPED,SAP_ARIBA,2026-06-24 11:23:00,2026-08-05 02:59:59,BATCH_202606_RAW_PURCHASE_ORDERS
PO-00000505,1,2026-06-25 10:00:00,SUP-006,SKU-0079,WH-LKO-01,420,67.85,AED,2026-07-12 10:00:00,2026-07-09 10:00:00,SHIPPED,SAP_ARIBA,2026-06-25 12:46:00,2026-08-05 02:59:59,BATCH_202606_RAW_PURCHASE_ORDERS
PO-00000506,1,2026-06-27 10:00:00,SUP-001,SKU-0020,WH-DEL-02,388,118.36,EUR,2026-07-17 10:00:00,2026-07-13 10:00:00,SHIPPED,SAP_ARIBA,2026-06-27 10:28:00,2026-08-05 02:59:59,BATCH_202606_RAW_PURCHASE_ORDERS
PO-00000507,1,2026-06-27 08:00:00,SUP-008,SKU-0100,WH-BLR-04,284,"64,44",SGD,2026-07-17 08:00:00,2026-07-15 08:00:00,SHIPPED,SAP_ARIBA,2026-06-29 09:35:00,2026-08-05 02:59:59,BATCH_202606_RAW_PURCHASE_ORDERS
PO-00000508,1,29/06/2026,SUP-004,SKU-0001,WH-MUM-03,377, 42.32 SGD ,SGD,2026-07-31 14:00:00,2026-07-14 14:00:00,SHIPPED,SAP_ARIBA,2026-06-29 15:46:00,2026-08-05 02:59:59,BATCH_202606_RAW_PURCHASE_ORDERS
PO-00000509,1,2026-06-29 08:00:00,SUP-005,SKU-0098,WH-LKO-01,597,90.99,SGD,2026-07-20 08:00:00,2026-07-15 08:00:00,SHIPPED,SAP_ARIBA,2026-06-29 08:11:00,2026-08-05 02:59:59,BATCH_202606_RAW_PURCHASE_ORDERS
PO-00000510,1,2026-06-29 14:00:00,SUP-001,SKU-0146,WH-LKO-01,358,71.29,EUR,2026-07-24 14:00:00,2026-07-14 14:00:00,SHIPPED,SAP_ARIBA,2026-06-29 14:23:00,2026-08-05 02:59:59,BATCH_202606_RAW_PURCHASE_ORDERS
PO-00000511,1,2026-06-30 11:00:00,SUP-001,SKU-0024,WH-DEL-02,542,19.54,EUR,2026-07-11 11:00:00,2026-07-09 11:00:00,SHIPPED,SAP_ARIBA,2026-07-01 12:10:00,2026-08-05 02:59:59,BATCH_202606_RAW_PURCHASE_ORDERS
PO-00000512,1,2026-06-30 10:00:00,SUP-002,SKU-0124,WH-BLR-04,338,17.50,USD,2026-07-24 10:00:00,2026-07-18 10:00:00,SHIPPED,SAP_ARIBA,2026-06-30 11:30:00,2026-08-05 02:59:59,BATCH_202606_RAW_PURCHASE_ORDERS
PO-00000401,1,2026-02-12 08:00:00,SUP-002,SKU-0136,WH-LKO-01,425,106.76,USD,2026-02-27 08:00:00,2026-02-21 08:00:00,CLOSED,SAP_ARIBA,2026-02-12 11:10:00,2026-08-05 02:59:59,BATCH_202602_RAW_PURCHASE_ORDERS
PO-00000446,1,2026-04-19 13:00:00,SUP-002,SKU-0142,WH-DEL-02,378,14.32,SGD,2026-05-06 13:00:00,2026-05-01 13:00:00,CLOSED,SAP_ARIBA,2026-04-19 16:07:00,2026-08-05 02:59:59,BATCH_202604_RAW_PURCHASE_ORDERS
PO-00000296,1,2025-09-04 16:00:00,SUP-002,SKU-0145,WH-BLR-04,636,64.38,USD,2025-09-29 16:00:00,2025-09-22 16:00:00,PARTIALLY_RECEIVED,SAP_ARIBA,2025-09-04 19:56:00,2026-08-05 02:59:59,BATCH_202509_RAW_PURCHASE_ORDERS
PO-00000395,1,2026-02-07 10:00:00,SUP-007,SKU-0109,WH-LKO-01,492,34.81,SGD,2026-03-01 10:00:00,2026-02-19 10:00:00,CLOSED,SAP_ARIBA,2026-02-07 12:27:00,2026-08-05 02:59:59,BATCH_202602_RAW_PURCHASE_ORDERS
PO-00000465,1,2026-05-07 15:00:00,SUP-005,SKU-0068,WH-LKO-01,621,73.55,EUR,2026-05-31T15:00:00+05:30,2026-05-22 15:00:00,PARTIALLY_RECEIVED,SAP_ARIBA,2026-05-07 18:31:00,2026-08-05 02:59:59,BATCH_202605_RAW_PURCHASE_ORDERS
PO-00000236,1,09/08/2025,SUP-008,SKU-0004,WH-MUM-03,468,135.98,AED,2025-09-05 10:00:00,2025-08-27 10:00:00,PARTIALLY_RECEIVED,SAP_ARIBA,2025-08-09 12:28:00,2026-08-05 02:59:59,BATCH_202508_RAW_PURCHASE_ORDERS
PO-00000342,1,2025-10-30 16:00:00,SUP-001,SKU-0038,WH-LKO-01,575,132.98,SGD,2025-11-22 16:00:00,2025-11-13 16:00:00,CLOSED,SAP_ARIBA,2025-10-30 18:29:00,2026-08-05 02:59:59,BATCH_202510_RAW_PURCHASE_ORDERS
PO-00000238,1,2025-08-10 10:00:00,SUP-006,SKU-0008,WH-MUM-03,419,77.77,SGD,2025-08-27 10:00:00,2025-08-24 10:00:00,CLOSED,SAP_ARIBA,2025-08-10 13:49:00,2026-08-05 02:59:59,BATCH_202508_RAW_PURCHASE_ORDERS
PO-00000179,1,2025-07-18 08:00:00,SUP-005,SKU-0107,WH-MUM-03,455,45.71,SGD,2025-08-03 08:00:00,2025-07-30 08:00:00,CLOSED,SAP_ARIBA,2025-07-18 11:14:00,2026-08-05 02:59:59,BATCH_202507_RAW_PURCHASE_ORDERS
PO-00000259,1,2025-08-18 12:00:00,SUP-002,SKU-0145,WH-LKO-01,550,70.80,USD,2025-09-07 12:00:00,2025-09-03 12:00:00,PARTIALLY_RECEIVED,SAP_ARIBA,2025-08-18 16:16:00,2026-08-05 02:59:59,BATCH_202508_RAW_PURCHASE_ORDERS
