supplier_id_raw,sku_id_raw,warehouse_id_raw,lead_time_days_raw,moq_raw,reorder_point_raw,safety_stock_raw,unit_cost_foreign_raw,currency_code_raw,effective_from_raw,effective_to_raw,is_current_raw,source_system,record_updated_at,ingestion_timestamp,batch_id
SUP-004,SKU-0001,WH-DEL-02,14,126,219,73,37.27,SGD,2025-01-01 00:00:00,2025-07-16 00:00:00,False,ERP_MDM,2025-01-01 01:52:00,2026-08-05 02:59:59,BATCH_202501_RAW_SKU_SUPPLIER_POLICY_SCD
SUP-004,SKU-0001,WH-DEL-02,15,186,248,106,42.84,SGD,2025-07-17 00:00:00,,True,ERP_MDM,2025-07-17 01:17:00,2026-08-05 02:59:59,BATCH_202507_RAW_SKU_SUPPLIER_POLICY_SCD
SUP-004,SKU-0001,WH-MUM-03,12,122,150,84,37.27,SGD,2025-01-01 00:00:00,2025-07-11 00:00:00,False,ERP_MDM,2025-01-01 00:50:00,2026-08-05 02:59:59,BATCH_202501_RAW_SKU_SUPPLIER_POLICY_SCD
SUP-004,SKU-0001,WH-MUM-03,15,181,169,91,42.32,SGD,2025-07-12 00:00:00,,True,ERP_MDM,2025-07-12 01:44:00,2026-08-05 02:59:59,BATCH_202507_RAW_SKU_SUPPLIER_POLICY_SCD
SUP-002,SKU-0002,WH-LKO-01,12,139,129,44,138.45,AED,2025-01-01 00:00:00,2025-06-24 00:00:00,False,ERP_MDM,2025-01-01 02:29:00,2026-08-05 02:59:59,BATCH_202501_RAW_SKU_SUPPLIER_POLICY_SCD
SUP-002,SKU-0002,WH-LKO-01,15,141,166,95,157.1,AED,2025-06-25 00:00:00,,True,ERP_MDM,2025-06-25 00:38:00,2026-08-05 02:59:59,BATCH_202506_RAW_SKU_SUPPLIER_POLICY_SCD
SUP-002,SKU-0002,WH-DEL-02,13,123,126,45,138.45,AED,2025-01-01 00:00:00,2025-08-22 00:00:00,False,ERP_MDM,2025-01-01 01:28:00,2026-08-05 02:59:59,BATCH_202501_RAW_SKU_SUPPLIER_POLICY_SCD
SUP-002,SKU-0002,WH-DEL-02,13,139,189,72,151.18,AED,23/08/2025,,True,ERP_MDM,2025-08-23 00:02:00,2026-08-05 02:59:59,BATCH_202508_RAW_SKU_SUPPLIER_POLICY_SCD
SUP-002,SKU-0002,WH-MUM-03,14,126,191,44,138.45,AED,2025-01-01 00:00:00,2025-08-26 00:00:00,False,ERP_MDM,2025-01-01 02:02:00,2026-08-05 02:59:59,BATCH_202501_RAW_SKU_SUPPLIER_POLICY_SCD
 SUP-002 ,SKU-0002,WH-MUM-03,14,125,252,88,151.66,AED,2025-08-27 00:00:00,,True,ERP_MDM,2025-08-27 01:34:00,2026-08-05 02:59:59,BATCH_202508_RAW_SKU_SUPPLIER_POLICY_SCD
SUP-002,SKU-0002,WH-BLR-04,13,114,129,71,138.45,AED,2025-01-01 00:00:00,2025-06-20 00:00:00,False,ERP_MDM,2025-01-01 00:26:00,2026-08-05 02:59:59,BATCH_202501_RAW_SKU_SUPPLIER_POLICY_SCD
SUP-002,SKU-0002,WH-BLR-04,13,206,249,107,146.54,AED,2025-06-21 00:00:00,,True,ERP_MDM,2025-06-21 03:00:00,2026-08-05 02:59:59,BATCH_202506_RAW_SKU_SUPPLIER_POLICY_SCD
SUP-006,SKU-0003,WH-DEL-02,14,126,143,52,32.55,AED,2025-01-01 00:00:00,2025-06-16T00:00:00+05:30,False,ERP_MDM,2025-01-01 01:00:00,2026-08-05 02:59:59,BATCH_202501_RAW_SKU_SUPPLIER_POLICY_SCD
SUP-006,SKU-0003,WH-DEL-02,17,197,161,73,35.49,AED,2025-06-17 00:00:00,,True,ERP_MDM,2025-06-17 01:18:00,2026-08-05 02:59:59,BATCH_202506_RAW_SKU_SUPPLIER_POLICY_SCD
SUP-006,SKU-0003,WH-MUM-03,7,133,151,74,32.55,AED,2025-01-01 00:00:00,2025-07-15 00:00:00,False,ERP_MDM,2025-01-01 01:14:00,2026-08-05 02:59:59,BATCH_202501_RAW_SKU_SUPPLIER_POLICY_SCD
SUP-006,SKU-0003,WH-MUM-03,15,163,163,88,36.59,AED,2025-07-16 00:00:00,,True,ERP_MDM,2025-07-16 01:02:00,2026-08-05 02:59:59,BATCH_202507_RAW_SKU_SUPPLIER_POLICY_SCD
SUP-002,SKU-0003,WH-BLR-04,12,100,190,49,32.55,AED,2025-01-01 00:00:00,2025-08-01 00:00:00,False,ERP_MDM,2025-01-01 00:34:00,2026-08-05 02:59:59,BATCH_202501_RAW_SKU_SUPPLIER_POLICY_SCD
SUP-002,SKU-0003,WH-BLR-04,11,185,292,106,36.72,AED,2025-08-02 00:00:00,,True,ERP_MDM,2025-08-02 00:50:00,2026-08-05 02:59:59,BATCH_202508_RAW_SKU_SUPPLIER_POLICY_SCD
SUP-008,SKU-0004,WH-LKO-01,14,122,164,74,120.77,AED,2025-01-01 00:00:00,2025-07-23 00:00:00,False,ERP_MDM,2025-01-01 02:48:00,2026-08-05 02:59:59,BATCH_202501_RAW_SKU_SUPPLIER_POLICY_SCD
SUP-008,SKU-0004,WH-LKO-01,9,212,190,104,130.2,AED,2025-07-24 00:00:00,,True,ERP_MDM,2025-07-24 01:07:00,2026-08-05 02:59:59,BATCH_202507_RAW_SKU_SUPPLIER_POLICY_SCD
SUP-008,SKU-0004,WH-MUM-03,9,94,153,70,120.77,AED,2025-01-01 00:00:00,2025-07-19 00:00:00,False,ERP_MDM,2025-01-01 02:24:00,2026-08-05 02:59:59,BATCH_202501_RAW_SKU_SUPPLIER_POLICY_SCD
SUP-008,SKU-0004,WH-MUM-03,18,132,244,62,135.98,AED,2025-07-20 00:00:00,,True,ERP_MDM,2025-07-20 02:42:00,2026-08-05 02:59:59,BATCH_202507_RAW_SKU_SUPPLIER_POLICY_SCD
SUP-008,SKU-0004,WH-BLR-04,9,138,157,47,120.77,AED,2025-01-01 00:00:00,2025-08-09 00:00:00,False,ERP_MDM,2025-01-01 00:12:00,2026-08-05 02:59:59,BATCH_202501_RAW_SKU_SUPPLIER_POLICY_SCD
SUP-008,SKU-0004,WH-BLR-04,10,169,172,83,127.01,AED,2025-08-10 00:00:00,,True,ERP_MDM,2025-08-10 02:22:00,2026-08-05 02:59:59,BATCH_202508_RAW_SKU_SUPPLIER_POLICY_SCD
SUP-004,SKU-0005,WH-LKO-01,13,140,133,88,25.51,SGD,2025-01-01 00:00:00,2025-08-22 00:00:00,False,ERP_MDM,2025-01-01 01:17:00,2026-08-05 02:59:59,BATCH_202501_RAW_SKU_SUPPLIER_POLICY_SCD
SUP-004,SKU-0005,WH-LKO-01,15,123,297,101,27.31,SGD,2025-08-23 00:00:00,,True,ERP_MDM,2025-08-23 01:20:00,2026-08-05 02:59:59,BATCH_202508_RAW_SKU_SUPPLIER_POLICY_SCD
SUP-004,SKU-0005,WH-DEL-02,14,97,194,42,25.51,SGD,2025-01-01 00:00:00,07-09-2025,False,ERP_MDM,2025-01-01 01:07:00,2026-08-05 02:59:59,BATCH_202501_RAW_SKU_SUPPLIER_POLICY_SCD
SUP-004,SKU-0005,WH-DEL-02,18,153,208,72,28.53,SGD,2025-07-10 00:00:00,,True,ERP_MDM,2025-07-10 00:48:00,2026-08-05 02:59:59,BATCH_202507_RAW_SKU_SUPPLIER_POLICY_SCD
SUP-004,SKU-0005,WH-MUM-03,12,93,154,46,25.51,SGD,2025-01-01 00:00:00,2025-06-14 00:00:00,False,ERP_MDM,2025-01-01 00:26:00,2026-08-05 02:59:59,BATCH_202501_RAW_SKU_SUPPLIER_POLICY_SCD
SUP-004,SKU-0005,WH-MUM-03,17,216,219,119,29.12,SGD,2025-06-15 00:00:00,,True,ERP_MDM,2025-06-15 02:52:00,2026-08-05 02:59:59,BATCH_202506_RAW_SKU_SUPPLIER_POLICY_SCD
SUP-003,SKU-0006,WH-LKO-01,13,119,179,84,66.64,AED,2025-01-01 00:00:00,2025-06-12 00:00:00,False,ERP_MDM,2025-01-01 01:57:00,2026-08-05 02:59:59,BATCH_202501_RAW_SKU_SUPPLIER_POLICY_SCD
SUP-003,SKU-0006,WH-LKO-01,15,154,167,84,74.25,AED,2025-06-13 00:00:00,,True,ERP_MDM,2025-06-13 01:53:00,2026-08-05 02:59:59,BATCH_202506_RAW_SKU_SUPPLIER_POLICY_SCD
SUP-003,SKU-0007,WH-LKO-01,14,101,148,58,13.06,SGD,2025-01-01 00:00:00,2025-07-18 00:00:00,False,ERP_MDM,2025-01-01 02:47:00,2026-08-05 02:59:59,BATCH_202501_RAW_SKU_SUPPLIER_POLICY_SCD
SUP-003,SKU-0007,WH-LKO-01,12,164,275,87,14.81,SGD,2025-07-19 00:00:00,,True,ERP_MDM,2025-07-19 01:44:00,2026-08-05 02:59:59,BATCH_202507_RAW_SKU_SUPPLIER_POLICY_SCD
SUP-003,SKU-0007,WH-DEL-02,14,115,143,87,13.06,SGD,2025-01-01 00:00:00,2025-06-15 00:00:00,False,ERP_MDM,2025-01-01 00:34:00,2026-08-05 02:59:59,BATCH_202501_RAW_SKU_SUPPLIER_POLICY_SCD
SUP-003,SKU-0007,WH-DEL-02,15,219,189,90,14.97,SGD,2025-06-16 00:00:00,,True,ERP_MDM,2025-06-16 01:04:00,2026-08-05 02:59:59,BATCH_202506_RAW_SKU_SUPPLIER_POLICY_SCD
SUP-003,SKU-0007,WH-BLR-04,11,106,155,53,13.06,SGD,2025-01-01 00:00:00,2025-07-09 00:00:00,False,ERP_MDM,2025-01-01 02:41:00,2026-08-05 02:59:59,BATCH_202501_RAW_SKU_SUPPLIER_POLICY_SCD
SUP-003,SKU-0007,WH-BLR-04,11,131,160,84,14.04,SGD,2025-07-10 00:00:00,,True,ERP_MDM,2025-07-10 02:21:00,2026-08-05 02:59:59,BATCH_202507_RAW_SKU_SUPPLIER_POLICY_SCD
SUP-006,SKU-0008,WH-LKO-01,10,123,135,55,70.45,SGD,2025-01-01 00:00:00,2025-08-01 00:00:00,False,ERP_MDM,2025-01-01 02:58:00,2026-08-05 02:59:59,BATCH_202501_RAW_SKU_SUPPLIER_POLICY_SCD
SUP-006,SKU-0008,WH-LKO-01,14,208,197,98,73.99,SGD,2025-08-02 00:00:00,,True,ERP_MDM,2025-08-02 00:15:00,2026-08-05 02:59:59,BATCH_202508_RAW_SKU_SUPPLIER_POLICY_SCD
SUP-006,SKU-0008,WH-DEL-02,9,136,173,73,70.45,SGD,2025-01-01 00:00:00,2025-07-21 00:00:00,False,ERP_MDM,2025-01-01 02:08:00,2026-08-05 02:59:59,BATCH_202501_RAW_SKU_SUPPLIER_POLICY_SCD
SUP-006,SKU-0008,WH-DEL-02,14,157,218,78,79.42,SGD,2025-07-22 00:00:00,,True,ERP_MDM,2025-07-22 00:50:00,2026-08-05 02:59:59,BATCH_202507_RAW_SKU_SUPPLIER_POLICY_SCD
SUP-006,SKU-0008,WH-MUM-03,8,120,185,51,70.45,SGD,2025-01-01 00:00:00,2025-07-26T00:00:00Z,False,ERP_MDM,2025-01-01 00:28:00,2026-08-05 02:59:59,BATCH_202501_RAW_SKU_SUPPLIER_POLICY_SCD
SUP-006,SKU-0008,WH-MUM-03,14,193,230,76,77.77,SGD,2025-07-27 00:00:00,,True,ERP_MDM,2025-07-27 02:24:00,2026-08-05 02:59:59,BATCH_202507_RAW_SKU_SUPPLIER_POLICY_SCD
SUP-006,SKU-0008,WH-BLR-04,13,128,133,44,70.45,SGD,2025-01-01 00:00:00,2025-06-10 00:00:00,False,ERP_MDM,2025-01-01 00:42:00,2026-08-05 02:59:59,BATCH_202501_RAW_SKU_SUPPLIER_POLICY_SCD
SUP-006,SKU-0008,WH-BLR-04,12,198,207,118,78.11,SGD,2025-06-11 00:00:00,,True,ERP_MDM,2025-06-11 01:12:00,2026-08-05 02:59:59,BATCH_202506_RAW_SKU_SUPPLIER_POLICY_SCD
SUP-003,SKU-0009,WH-LKO-01,11,95,132,45,89.67,EUR,2025-01-01 00:00:00,2025-08-15 00:00:00,False,ERP_MDM,2025-01-01 02:33:00,2026-08-05 02:59:59,BATCH_202501_RAW_SKU_SUPPLIER_POLICY_SCD
SUP-003,SKU-0009,WH-LKO-01,15,143,269,103,94.44,EUR,2025-08-16 00:00:00,,True,ERP_MDM,2025-08-16 02:16:00,2026-08-05 02:59:59,BATCH_202508_RAW_SKU_SUPPLIER_POLICY_SCD
SUP-003,SKU-0009,WH-DEL-02,12,87,184,83,89.67,EUR,2025-01-01 00:00:00,2025-07-19 00:00:00,False,ERP_MDM,2025-01-01 01:21:00,2026-08-05 02:59:59,BATCH_202501_RAW_SKU_SUPPLIER_POLICY_SCD
SUP-003,SKU-0009,WH-DEL-02,18,208,287,63,96.57,EUR,2025-07-20 00:00:00,,True,ERP_MDM,2025-07-20 00:51:00,2026-08-05 02:59:59,BATCH_202507_RAW_SKU_SUPPLIER_POLICY_SCD
SUP-003,SKU-0009,WH-MUM-03,13,83,173,53,89.67,EUR,2025-01-01 00:00:00,2025-08-15 00:00:00,False,ERP_MDM,2025-01-01 00:11:00,2026-08-05 02:59:59,BATCH_202501_RAW_SKU_SUPPLIER_POLICY_SCD
SUP-003,SKU-0009,WH-MUM-03,16,180,208,92,101.48,EUR,2025-08-16 00:00:00,,True,ERP_MDM,2025-08-16 02:08:00,2026-08-05 02:59:59,BATCH_202508_RAW_SKU_SUPPLIER_POLICY_SCD
SUP-003,SKU-0009,WH-BLR-04,11,87,168,62,89.67,EUR,2025-01-01 00:00:00,2025-07-23 00:00:00,False,ERP_MDM,2025-01-01 00:01:00,2026-08-05 02:59:59,BATCH_202501_RAW_SKU_SUPPLIER_POLICY_SCD
SUP-003,SKU-0009,WH-BLR-04,11,171,284,116,94.7,EUR,2025-07-24 00:00:00,,True,ERP_MDM,2025-07-24 02:03:00,2026-08-05 02:59:59,BATCH_202507_RAW_SKU_SUPPLIER_POLICY_SCD
SUP-006,SKU-0010,WH-LKO-01,11,98,195,45,105.68,USD,2025-01-01 00:00:00,2025-07-04 00:00:00,False,ERP_MDM,2025-01-01 01:38:00,2026-08-05 02:59:59,BATCH_202501_RAW_SKU_SUPPLIER_POLICY_SCD
SUP-006,SKU-0010,WH-LKO-01,14,206,171,85,116.69,USD,2025-07-05 00:00:00,,True,ERP_MDM,2025-07-05 00:27:00,2026-08-05 02:59:59,BATCH_202507_RAW_SKU_SUPPLIER_POLICY_SCD
SUP-004,SKU-0010,WH-DEL-02,13,120,126,49,105.68,USD,2025-01-01 00:00:00,2025-07-19 00:00:00,False,ERP_MDM,2025-01-01 00:59:00,2026-08-05 02:59:59,BATCH_202501_RAW_SKU_SUPPLIER_POLICY_SCD
sup-004,SKU-0010,WH-DEL-02,15,146,256,91,112.69,USD,2025-07-20 00:00:00,,True,ERP_MDM,2025-07-20 02:35:00,2026-08-05 02:59:59,BATCH_202507_RAW_SKU_SUPPLIER_POLICY_SCD
SUP-006,SKU-0010,WH-MUM-03,11,86,171,86,105.68,USD,2025-01-01 00:00:00,2025-08-06 00:00:00,False,ERP_MDM,2025-01-01 02:40:00,2026-08-05 02:59:59,BATCH_202501_RAW_SKU_SUPPLIER_POLICY_SCD
SUP-006,SKU-0010,WH-MUM-03,15,195,272,89,110.17,USD,2025-08-07 00:00:00,,True,ERP_MDM,2025-08-07 00:29:00,2026-08-05 02:59:59,BATCH_202508_RAW_SKU_SUPPLIER_POLICY_SCD
SUP-006,SKU-0010,WH-BLR-04,14,113,147,48,105.68,USD,2025-01-01 00:00:00,2025-08-04 00:00:00,False,ERP_MDM,2025-01-01 01:10:00,2026-08-05 02:59:59,BATCH_202501_RAW_SKU_SUPPLIER_POLICY_SCD
SUP-006,SKU-0010,WH-BLR-04,11,199,204,104,110.76,USD,2025-08-05 00:00:00,,True,ERP_MDM,2025-08-05 01:52:00,2026-08-05 02:59:59,BATCH_202508_RAW_SKU_SUPPLIER_POLICY_SCD
SUP-005,SKU-0011,WH-LKO-01,13,88,204,73,108.3,AED,2025-01-01 00:00:00,2025-08-03 00:00:00,False,ERP_MDM,2025-01-01 01:14:00,2026-08-05 02:59:59,BATCH_202501_RAW_SKU_SUPPLIER_POLICY_SCD
SUP-005,SKU-0011,WH-LKO-01,17,120,227,68,118.05,AED,2025-08-04 00:00:00,,True,ERP_MDM,2025-08-04 00:55:00,2026-08-05 02:59:59,BATCH_202508_RAW_SKU_SUPPLIER_POLICY_SCD
SUP-008,SKU-0011,WH-DEL-02,13,129,205,61,108.3,AED,2025-01-01 00:00:00,2025-06-11 00:00:00,False,ERP_MDM,2025-01-01 00:13:00,2026-08-05 02:59:59,BATCH_202501_RAW_SKU_SUPPLIER_POLICY_SCD
SUP-008,SKU-0011,WH-DEL-02,12,169,235,71,118.21,AED,2025-06-12 00:00:00,,True,ERP_MDM,2025-06-12 02:29:00,2026-08-05 02:59:59,BATCH_202506_RAW_SKU_SUPPLIER_POLICY_SCD
SUP-004,SKU-0011,WH-BLR-04,14,121,188,55,108.3,AED,2025-01-01 00:00:00,2025-08-15 00:00:00,False,ERP_MDM,2025-01-01 02:01:00,2026-08-05 02:59:59,BATCH_202501_RAW_SKU_SUPPLIER_POLICY_SCD
SUP-004,SKU-0011,WH-BLR-04,14,189,169,96,117.04,AED,2025-08-16 00:00:00,,True,ERP_MDM,2025-08-16 00:41:00,2026-08-05 02:59:59,BATCH_202508_RAW_SKU_SUPPLIER_POLICY_SCD
SUP-003,SKU-0012,WH-LKO-01,11,84,150,73,29.64,EUR,2025-01-01 00:00:00,2025-07-24 00:00:00,False,ERP_MDM,2025-01-01 00:12:00,2026-08-05 02:59:59,BATCH_202501_RAW_SKU_SUPPLIER_POLICY_SCD
SUP-003,SKU-0012,WH-LKO-01,14,130,283,61,31.56,EUR,2025-07-25 00:00:00,,True,ERP_MDM,2025-07-25 02:59:00,2026-08-05 02:59:59,BATCH_202507_RAW_SKU_SUPPLIER_POLICY_SCD
SUP-003,SKU-0012,WH-DEL-02,14,92,157,67,29.64,EUR,2025-01-01 00:00:00,2025-07-25 00:00:00,False,ERP_MDM,2025-01-01 02:22:00,2026-08-05 02:59:59,BATCH_202501_RAW_SKU_SUPPLIER_POLICY_SCD
SUP-003,SKU-0012,WH-DEL-02,14,203,213,115,33.26,EUR,2025-07-26 00:00:00,,True,ERP_MDM,2025-07-26 02:35:00,2026-08-05 02:59:59,BATCH_202507_RAW_SKU_SUPPLIER_POLICY_SCD
SUP-003,SKU-0012,WH-MUM-03,10,121,153,46,29.64,EUR,2025-01-01 00:00:00,2025-06-12 00:00:00,False,ERP_MDM,2025-01-01 02:34:00,2026-08-05 02:59:59,BATCH_202501_RAW_SKU_SUPPLIER_POLICY_SCD
SUP-003,SKU-0012,WH-MUM-03,14,175,196,111,32.11,EUR,2025-06-13 00:00:00,,True,ERP_MDM,2025-06-13 00:05:00,2026-08-05 02:59:59,BATCH_202506_RAW_SKU_SUPPLIER_POLICY_SCD
SUP-003,SKU-0012,WH-BLR-04,8,105,153,54,29.64,EUR,2025-01-01 00:00:00,2025-07-28 00:00:00,False,ERP_MDM,2025-01-01 01:00:00,2026-08-05 02:59:59,BATCH_202501_RAW_SKU_SUPPLIER_POLICY_SCD
SUP-003,SKU-0012,WH-BLR-04,12,154,222,62,31.31,EUR,2025-07-29 00:00:00,,True,ERP_MDM,2025-07-30 01:29:00,2026-08-05 02:59:59,BATCH_202507_RAW_SKU_SUPPLIER_POLICY_SCD
SUP-003,SKU-0013,WH-LKO-01,14,97,126,67,31.0,SGD,2025-01-01 00:00:00,2025-08-05 00:00:00,False,ERP_MDM,2025-01-01 02:03:00,2026-08-05 02:59:59,BATCH_202501_RAW_SKU_SUPPLIER_POLICY_SCD
SUP-003,SKU-0013,WH-LKO-01,10,171,251,61,34.01,SGD,2025-08-06 00:00:00,,True,ERP_MDM,2025-08-06 00:43:00,2026-08-05 02:59:59,BATCH_202508_RAW_SKU_SUPPLIER_POLICY_SCD
SUP-001,SKU-0013,WH-DEL-02,13,91,175,84,31.0,SGD,2025-01-01 00:00:00,2025-07-16 00:00:00,False,ERP_MDM,2025-01-01 00:54:00,2026-08-05 02:59:59,BATCH_202501_RAW_SKU_SUPPLIER_POLICY_SCD
SUP-001,SKU-0013,WH-DEL-02,17,209,199,111,32.48,SGD,2025-07-17 00:00:00,,True,ERP_MDM,2025-07-17 01:23:00,2026-08-05 02:59:59,BATCH_202507_RAW_SKU_SUPPLIER_POLICY_SCD
SUP-001,SKU-0013,WH-MUM-03,8,129,216,81,31.0,SGD,2025-01-01 00:00:00,2025-06-30 00:00:00,False,ERP_MDM,2025-01-01 00:33:00,2026-08-05 02:59:59,BATCH_202501_RAW_SKU_SUPPLIER_POLICY_SCD
SUP-001,SKU-0013,WH-MUM-03,16,176,189,68,33.26,SGD,2025-07-01 00:00:00,,True,ERP_MDM,2025-07-01 01:05:00,2026-08-05 02:59:59,BATCH_202507_RAW_SKU_SUPPLIER_POLICY_SCD
SUP-004,SKU-0013,WH-BLR-04,13,108,164,89,31.0,SGD,01-01-2025,2025-08-09 00:00:00,False,ERP_MDM,2025-01-01 00:58:00,2026-08-05 02:59:59,BATCH_202501_RAW_SKU_SUPPLIER_POLICY_SCD
SUP-004,SKU-0013,WH-BLR-04,11,208,265,80,34.06,SGD,2025-08-10 00:00:00,,True,ERP_MDM,2025-08-10 02:12:00,2026-08-05 02:59:59,BATCH_202508_RAW_SKU_SUPPLIER_POLICY_SCD
SUP-005,SKU-0014,WH-LKO-01,14,104,165,85,106.49,SGD,2025-01-01 00:00:00,2025-08-02 00:00:00,False,ERP_MDM,2025-01-01 01:46:00,2026-08-05 02:59:59,BATCH_202501_RAW_SKU_SUPPLIER_POLICY_SCD
SUP-005,SKU-0014,WH-LKO-01,15,205,179,60,122.16,SGD,2025-08-03 00:00:00,,True,ERP_MDM,2025-08-03 01:29:00,2026-08-05 02:59:59,BATCH_202508_RAW_SKU_SUPPLIER_POLICY_SCD
SUP-005,SKU-0014,WH-DEL-02,9,106,165,45,106.49,SGD,2025-01-01 00:00:00,2025-08-11 00:00:00,False,ERP_MDM,2025-01-01 01:06:00,2026-08-05 02:59:59,BATCH_202501_RAW_SKU_SUPPLIER_POLICY_SCD
SUP-005,SKU-0014,WH-DEL-02,10,120,175,88,117.26,SGD,2025-08-12 00:00:00,,True,ERP_MDM,2025-08-12 01:54:00,2026-08-05 02:59:59,BATCH_202508_RAW_SKU_SUPPLIER_POLICY_SCD
SUP-004,SKU-0015,WH-LKO-01,9,136,134,89,55.86,SGD,2025-01-01 00:00:00,24/06/2025,False,ERP_MDM,2025-01-01 01:36:00,2026-08-05 02:59:59,BATCH_202501_RAW_SKU_SUPPLIER_POLICY_SCD
SUP-004,SKU-0015,WH-LKO-01,15,200,300,87,62.6,SGD,2025-06-25 00:00:00,,True,ERP_MDM,2025-06-25 01:21:00,2026-08-05 02:59:59,BATCH_202506_RAW_SKU_SUPPLIER_POLICY_SCD
SUP-008,SKU-0015,WH-DEL-02,7,88,136,66,55.86,SGD,2025-01-01 00:00:00,2025-07-12 00:00:00,False,ERP_MDM,2025-01-01 02:29:00,2026-08-05 02:59:59,BATCH_202501_RAW_SKU_SUPPLIER_POLICY_SCD
SUP-008,SKU-0015,WH-DEL-02,13,193,266,103,61.99,SGD,2025-07-13 00:00:00,,True,ERP_MDM,2025-07-13 01:22:00,2026-08-05 02:59:59,BATCH_202507_RAW_SKU_SUPPLIER_POLICY_SCD
SUP-004,SKU-0015,WH-MUM-03,13,82,140,68,55.86,SGD,2025-01-01 00:00:00,2025-07-18 00:00:00,False,ERP_MDM,2025-01-01 01:10:00,2026-08-05 02:59:59,BATCH_202501_RAW_SKU_SUPPLIER_POLICY_SCD
SUP-004,SKU-0015,WH-MUM-03,15,175,250,111,61.99,SGD,2025-07-19 00:00:00,,True,ERP_MDM,2025-07-19 02:31:00,2026-08-05 02:59:59,BATCH_202507_RAW_SKU_SUPPLIER_POLICY_SCD
SUP-004,SKU-0015,WH-BLR-04,13,114,145,63,55.86,SGD,2025-01-01 00:00:00,2025-08-03 00:00:00,False,ERP_MDM,2025-01-01 00:20:00,2026-08-05 02:59:59,BATCH_202501_RAW_SKU_SUPPLIER_POLICY_SCD
SUP-004,SKU-0015,WH-BLR-04,17,138,167,77,61.79,SGD,2025-08-04 00:00:00,,True,ERP_MDM,2025-08-04 01:41:00,2026-08-05 02:59:59,BATCH_202508_RAW_SKU_SUPPLIER_POLICY_SCD
SUP-003,SKU-0016,WH-LKO-01,10,102,157,63,83.41,SGD,2025-01-01 00:00:00,2025-06-22 00:00:00,False,ERP_MDM,2025-01-01 02:47:00,2026-08-05 02:59:59,BATCH_202501_RAW_SKU_SUPPLIER_POLICY_SCD
SUP-003,SKU-0016,WH-LKO-01,17,146,227,61,93.1,SGD,2025-06-23 00:00:00,,True,ERP_MDM,2025-06-25 00:45:00,2026-08-05 02:59:59,BATCH_202506_RAW_SKU_SUPPLIER_POLICY_SCD
SUP-003,SKU-0016,WH-DEL-02,8,104,197,64,83.41,SGD,2025-01-01 00:00:00,2025-07-21 00:00:00,False,ERP_MDM,2025-01-02 00:45:00,2026-08-05 02:59:59,BATCH_202501_RAW_SKU_SUPPLIER_POLICY_SCD
SUP-003,SKU-0016,WH-DEL-02,12,219,183,81,87.02,SGD,2025-07-22 00:00:00,,True,ERP_MDM,2025-07-22 00:53:00,2026-08-05 02:59:59,BATCH_202507_RAW_SKU_SUPPLIER_POLICY_SCD
SUP-003,SKU-0016,WH-MUM-03,9,133,196,44,83.41,SGD,2025-01-01 00:00:00,2025-07-16 00:00:00,False,ERP_MDM,2025-01-01 00:45:00,2026-08-05 02:59:59,BATCH_202501_RAW_SKU_SUPPLIER_POLICY_SCD
SUP-003,SKU-0016,WH-MUM-03,17,195,211,74,89.12,SGD,2025-07-17 00:00:00,,True,ERP_MDM,2025-07-17 02:54:00,2026-08-05 02:59:59,BATCH_202507_RAW_SKU_SUPPLIER_POLICY_SCD
SUP-004,SKU-0016,WH-BLR-04,10,122,128,77,83.41,SGD,2025-01-01 00:00:00,2025-06-20 00:00:00,False,ERP_MDM,2025-01-01 01:05:00,2026-08-05 02:59:59,BATCH_202501_RAW_SKU_SUPPLIER_POLICY_SCD
SUP-004,SKU-0016,WH-BLR-04,16,135,194,73,94.81,SGD,2025-06-21 00:00:00,,True,ERP_MDM,2025-06-21 02:04:00,2026-08-05 02:59:59,BATCH_202506_RAW_SKU_SUPPLIER_POLICY_SCD
SUP-005,SKU-0017,WH-LKO-01,10,132,122,68,129.94,AED,2025-01-01 00:00:00,2025-08-09 00:00:00,False,ERP_MDM,2025-01-01 00:08:00,2026-08-05 02:59:59,BATCH_202501_RAW_SKU_SUPPLIER_POLICY_SCD
SUP-005,SKU-0017,WH-LKO-01,14,136,180,101,141.67,AED,2025-08-10 00:00:00,,True,ERP_MDM,2025-08-10 01:17:00,2026-08-05 02:59:59,BATCH_202508_RAW_SKU_SUPPLIER_POLICY_SCD
SUP-005,SKU-0017,WH-DEL-02,9,138,135,45,129.94,AED,2025-01-01 00:00:00,07-26-2025,False,ERP_MDM,2025-01-01 00:25:00,2026-08-05 02:59:59,BATCH_202501_RAW_SKU_SUPPLIER_POLICY_SCD
SUP-005,SKU-0017,WH-DEL-02,15,163,199,116,139.85,AED,2025-07-27 00:00:00,,True,ERP_MDM,2025-07-27 02:28:00,2026-08-05 02:59:59,BATCH_202507_RAW_SKU_SUPPLIER_POLICY_SCD
SUP-005,SKU-0017,WH-MUM-03,10,93,189,89,129.94,AED,2025-01-01 00:00:00,2025-06-11 00:00:00,False,ERP_MDM,2025-01-01 00:54:00,2026-08-05 02:59:59,BATCH_202501_RAW_SKU_SUPPLIER_POLICY_SCD
SUP-005,SKU-0017,WH-MUM-03,12,131,212,115,147.78,AED,2025-06-12 00:00:00,,True,ERP_MDM,2025-06-12 00:05:00,2026-08-05 02:59:59,BATCH_202506_RAW_SKU_SUPPLIER_POLICY_SCD
SUP-005,SKU-0018,WH-LKO-01,10,88,218,55,37.41,SGD,2025-01-01 00:00:00,2025-07-29 00:00:00,False,ERP_MDM,2025-01-01 01:46:00,2026-08-05 02:59:59,BATCH_202501_RAW_SKU_SUPPLIER_POLICY_SCD
SUP-005,SKU-0018,WH-LKO-01,9,160,178,70,41.57,SGD,2025-07-30 00:00:00,,True,ERP_MDM,2025-07-30 02:01:00,2026-08-05 02:59:59,BATCH_202507_RAW_SKU_SUPPLIER_POLICY_SCD
SUP-005,SKU-0018,WH-DEL-02,12,111,216,43,37.41,SGD,2025-01-01 00:00:00,2025-08-11T00:00:00+05:30,False,ERP_MDM,2025-01-01 01:53:00,2026-08-05 02:59:59,BATCH_202501_RAW_SKU_SUPPLIER_POLICY_SCD
SUP-005,SKU-0018,WH-DEL-02,14,220,166,85,40.57,SGD,2025-08-12 00:00:00,,True,ERP_MDM,2025-08-12 01:56:00,2026-08-05 02:59:59,BATCH_202508_RAW_SKU_SUPPLIER_POLICY_SCD
SUP-005,SKU-0018,WH-MUM-03,8,105,201,66,37.41,SGD,2025-01-01 00:00:00,2025-06-15 00:00:00,False,ERP_MDM,2025-01-01 00:58:00,2026-08-05 02:59:59,BATCH_202501_RAW_SKU_SUPPLIER_POLICY_SCD
SUP-005,SKU-0018,WH-MUM-03,14,156,266,101,40.22,SGD,2025-06-16 00:00:00,,True,ERP_MDM,2025-06-16 01:26:00,2026-08-05 02:59:59,BATCH_202506_RAW_SKU_SUPPLIER_POLICY_SCD
SUP-005,SKU-0018,WH-BLR-04,12,101,120,42,37.41,SGD,01-01-2025,2025-08-04 00:00:00,False,ERP_MDM,2025-01-01 00:27:00,2026-08-05 02:59:59,BATCH_202501_RAW_SKU_SUPPLIER_POLICY_SCD
SUP-005,SKU-0018,WH-BLR-04,13,138,213,78,39.81,SGD,2025-08-05 00:00:00,,True,ERP_MDM,2025-08-05 01:41:00,2026-08-05 02:59:59,BATCH_202508_RAW_SKU_SUPPLIER_POLICY_SCD
SUP-002,SKU-0019,WH-LKO-01,7,123,212,63,61.01,AED,2025-01-01T00:00:00+05:30,2025-07-27 00:00:00,False,ERP_MDM,2025-01-01 02:45:00,2026-08-05 02:59:59,BATCH_202501_RAW_SKU_SUPPLIER_POLICY_SCD
SUP-002,SKU-0019,WH-LKO-01,16,137,221,77,68.85,AED,2025-07-28 00:00:00,,True,ERP_MDM,2025-07-28 02:56:00,2026-08-05 02:59:59,BATCH_202507_RAW_SKU_SUPPLIER_POLICY_SCD
SUP-002,SKU-0019,WH-MUM-03,11,81,139,75,61.01,AED,2025-01-01 00:00:00,2025-08-05 00:00:00,False,ERP_MDM,2025-01-01 00:59:00,2026-08-05 02:59:59,BATCH_202501_RAW_SKU_SUPPLIER_POLICY_SCD
SUP-002,SKU-0019,WH-MUM-03,10,143,279,93,68.82,AED,2025-08-06 00:00:00,,True,ERP_MDM,2025-08-06 02:10:00,2026-08-05 02:59:59,BATCH_202508_RAW_SKU_SUPPLIER_POLICY_SCD
SUP-002,SKU-0019,WH-BLR-04,7,98,148,64,61.01,AED,2025-01-01 00:00:00,2025-08-22 00:00:00,False,ERP_MDM,2025-01-01 01:16:00,2026-08-05 02:59:59,BATCH_202501_RAW_SKU_SUPPLIER_POLICY_SCD
SUP-002,SKU-0019,WH-BLR-04,16,169,269,92,68.8,AED,2025-08-23 00:00:00,,True,ERP_MDM,2025-08-23 02:25:00,2026-08-05 02:59:59,BATCH_202508_RAW_SKU_SUPPLIER_POLICY_SCD
SUP-001,SKU-0020,WH-LKO-01,9,115,160,89,103.09,EUR,2025-01-01 00:00:00,2025-08-26 00:00:00,False,ERP_MDM,2025-01-01 00:45:00,2026-08-05 02:59:59,BATCH_202501_RAW_SKU_SUPPLIER_POLICY_SCD
SUP-001,SKU-0020,WH-LKO-01,9,205,245,98,118.31,EUR,2025-08-27 00:00:00,,True,ERP_MDM,2025-08-27 00:45:00,2026-08-05 02:59:59,BATCH_202508_RAW_SKU_SUPPLIER_POLICY_SCD
SUP-001,SKU-0020,WH-DEL-02,9,97,211,57,103.09,EUR,2025-01-01 00:00:00,2025-07-29 00:00:00,False,ERP_MDM,2025-01-01 02:50:00,2026-08-05 02:59:59,BATCH_202501_RAW_SKU_SUPPLIER_POLICY_SCD
SUP-001,SKU-0020,WH-DEL-02,16,214,238,85,118.36,EUR,2025-07-30 00:00:00,,True,ERP_MDM,2025-07-30 00:06:00,2026-08-05 02:59:59,BATCH_202507_RAW_SKU_SUPPLIER_POLICY_SCD
SUP-001,SKU-0020,WH-MUM-03,7,111,179,75,103.09,EUR,2025-01-01 00:00:00,2025-08-18 00:00:00,False,ERP_MDM,2025-01-01 00:58:00,2026-08-05 02:59:59,BATCH_202501_RAW_SKU_SUPPLIER_POLICY_SCD
SUP-001,SKU-0020,WH-MUM-03,9,144,222,83,110.98,EUR,2025-08-19 00:00:00,,True,ERP_MDM,2025-08-19 00:32:00,2026-08-05 02:59:59,BATCH_202508_RAW_SKU_SUPPLIER_POLICY_SCD
SUP-003,SKU-0020,WH-BLR-04,10,138,142,80,103.09,EUR,2025-01-01 00:00:00,06-15-2025,False,ERP_MDM,2025-01-01 00:14:00,2026-08-05 02:59:59,BATCH_202501_RAW_SKU_SUPPLIER_POLICY_SCD
SUP-003,SKU-0020,WH-BLR-04,15,171,236,115,118.11,EUR,2025-06-16 00:00:00,,True,ERP_MDM,2025-06-16 00:35:00,2026-08-05 02:59:59,BATCH_202506_RAW_SKU_SUPPLIER_POLICY_SCD
SUP-006,SKU-0021,WH-LKO-01,13,118,169,44,103.11,SGD,2025-01-01 00:00:00,2025-07-18T00:00:00+05:30,False,ERP_MDM,2025-01-01 00:28:00,2026-08-05 02:59:59,BATCH_202501_RAW_SKU_SUPPLIER_POLICY_SCD
SUP-006,SKU-0021,WH-LKO-01,15,123,219,105,117.33,SGD,2025-07-19 00:00:00,,True,ERP_MDM,2025-07-19 02:50:00,2026-08-05 02:59:59,BATCH_202507_RAW_SKU_SUPPLIER_POLICY_SCD
SUP-006,SKU-0021,WH-DEL-02,7,127,206,53,103.11,SGD,2025-01-01 00:00:00,2025-07-14T00:00:00+05:30,False,ERP_MDM,2025-01-01 01:11:00,2026-08-05 02:59:59,BATCH_202501_RAW_SKU_SUPPLIER_POLICY_SCD
SUP-006,SKU-0021,WH-DEL-02,9,149,220,90,116.21,SGD,2025-07-15 00:00:00,,True,ERP_MDM,2025-07-15 02:05:00,2026-08-05 02:59:59,BATCH_202507_RAW_SKU_SUPPLIER_POLICY_SCD
SUP-006,SKU-0021,WH-BLR-04,11,116,142,83,103.11,SGD,2025-01-01 00:00:00,2025-08-15 00:00:00,False,ERP_MDM,2025-01-01 02:38:00,2026-08-05 02:59:59,BATCH_202501_RAW_SKU_SUPPLIER_POLICY_SCD
SUP-006,SKU-0021,WH-BLR-04,10,149,246,62,116.88,SGD,2025-08-16 00:00:00,,True,ERP_MDM,2025-08-16 00:59:00,2026-08-05 02:59:59,BATCH_202508_RAW_SKU_SUPPLIER_POLICY_SCD
SUP-008,SKU-0022,WH-LKO-01,9,138,189,70,52.16,SGD,2025-01-01 00:00:00,2025-07-24 00:00:00,False,ERP_MDM,2025-01-01 02:22:00,2026-08-05 02:59:59,BATCH_202501_RAW_SKU_SUPPLIER_POLICY_SCD
SUP-008,SKU-0022,WH-LKO-01,13,148,285,95,56.75,SGD,2025-07-25 00:00:00,,True,ERP_MDM,2025-07-25 00:45:00,2026-08-05 02:59:59,BATCH_202507_RAW_SKU_SUPPLIER_POLICY_SCD
SUP-008,SKU-0022,WH-DEL-02,13,114,160,85,52.16,SGD,2025-01-01 00:00:00,2025-07-16 00:00:00,False,ERP_MDM,2025-01-01 02:43:00,2026-08-05 02:59:59,BATCH_202501_RAW_SKU_SUPPLIER_POLICY_SCD
SUP-008,SKU-0022,WH-DEL-02,10,126,179,67,58.94,SGD,2025-07-17 00:00:00,,True,ERP_MDM,2025-07-17 00:27:00,2026-08-05 02:59:59,BATCH_202507_RAW_SKU_SUPPLIER_POLICY_SCD
SUP-008,SKU-0022,WH-MUM-03,14,123,146,61,52.16,SGD,2025-01-01 00:00:00,2025-08-21 00:00:00,False,ERP_MDM,2025-01-01 01:23:00,2026-08-05 02:59:59,BATCH_202501_RAW_SKU_SUPPLIER_POLICY_SCD
SUP-008,SKU-0022,WH-MUM-03,15,173,201,74,59.04,SGD,22/08/2025,,True,ERP_MDM,2025-08-22 00:47:00,2026-08-05 02:59:59,BATCH_202508_RAW_SKU_SUPPLIER_POLICY_SCD
SUP-008,SKU-0023,WH-LKO-01,13,115,175,43,115.19,EUR,2025-01-01 00:00:00,2025-07-30 00:00:00,False,ERP_MDM,2025-01-01 01:25:00,2026-08-05 02:59:59,BATCH_202501_RAW_SKU_SUPPLIER_POLICY_SCD
SUP-008,SKU-0023, WH-LKO-01 ,13,146,295,60,122.62,EUR,2025-07-31 00:00:00,,True,ERP_MDM,2025-08-03 01:21:00,2026-08-05 02:59:59,BATCH_202507_RAW_SKU_SUPPLIER_POLICY_SCD
SUP-008,SKU-0023,WH-BLR-04,12,120,189,67,115.19,EUR,2025-01-01 00:00:00,2025-07-27 00:00:00,False,ERP_MDM,2025-01-02 00:42:00,2026-08-05 02:59:59,BATCH_202501_RAW_SKU_SUPPLIER_POLICY_SCD
SUP-008,SKU-0023,WH-BLR-04,15,138,256,67,125.81,EUR,2025-07-28 00:00:00,,True,ERP_MDM,2025-07-28 02:18:00,2026-08-05 02:59:59,BATCH_202507_RAW_SKU_SUPPLIER_POLICY_SCD
SUP-001,SKU-0024,WH-LKO-01,13,90,158,50,17.23,EUR,2025-01-01 00:00:00,2025-08-12 00:00:00,False,ERP_MDM,2025-01-01 01:30:00,2026-08-05 02:59:59,BATCH_202501_RAW_SKU_SUPPLIER_POLICY_SCD
SUP-001,SKU-0024,WH-LKO-01,18,152,232,120,18.92,EUR,2025-08-13 00:00:00,,True,ERP_MDM,2025-08-13 01:19:00,2026-08-05 02:59:59,BATCH_202508_RAW_SKU_SUPPLIER_POLICY_SCD
SUP-001,SKU-0024,WH-DEL-02,10,95,208,57,17.23,EUR,2025-01-01 00:00:00,2025-07-20 00:00:00,False,ERP_MDM,2025-01-01 01:43:00,2026-08-05 02:59:59,BATCH_202501_RAW_SKU_SUPPLIER_POLICY_SCD
SUP-001,SKU-0024,WH-DEL-02,9,136,242,87,19.54,EUR,2025-07-21 00:00:00,,True,ERP_MDM,2025-07-21 01:19:00,2026-08-05 02:59:59,BATCH_202507_RAW_SKU_SUPPLIER_POLICY_SCD
SUP-001,SKU-0024,WH-MUM-03,10,123,123,52,17.23,EUR,2025-01-01 00:00:00,2025-07-13 00:00:00,False,ERP_MDM,2025-01-01 01:58:00,2026-08-05 02:59:59,BATCH_202501_RAW_SKU_SUPPLIER_POLICY_SCD
SUP-001,SKU-0024,WH-MUM-03,11,176,178,87,19.13,EUR,2025-07-14 00:00:00,,True,ERP_MDM,2025-07-14 00:02:00,2026-08-05 02:59:59,BATCH_202507_RAW_SKU_SUPPLIER_POLICY_SCD
SUP-001,SKU-0024,WH-BLR-04,12,80,189,89,17.23,EUR,2025-01-01T00:00:00Z,2025-06-20 00:00:00,False,ERP_MDM,2025-01-01 02:03:00,2026-08-05 02:59:59,BATCH_202501_RAW_SKU_SUPPLIER_POLICY_SCD
SUP-001,SKU-0024,WH-BLR-04,18,158,228,111,19.5,EUR,2025-06-21 00:00:00,,True,ERP_MDM,2025-06-21 01:25:00,2026-08-05 02:59:59,BATCH_202506_RAW_SKU_SUPPLIER_POLICY_SCD
SUP-005,SKU-0025,WH-LKO-01,14,112,208,58,103.42,EUR,2025-01-01 00:00:00,2025-08-25 00:00:00,False,ERP_MDM,2025-01-01 01:20:00,2026-08-05 02:59:59,BATCH_202501_RAW_SKU_SUPPLIER_POLICY_SCD
SUP-005,SKU-0025,WH-LKO-01,12,219,204,97,116.71,EUR,2025-08-26 00:00:00,,True,ERP_MDM,2025-08-26 02:21:00,2026-08-05 02:59:59,BATCH_202508_RAW_SKU_SUPPLIER_POLICY_SCD
SUP-005,SKU-0025,WH-DEL-02,12,134,158,90,103.42,EUR,2025-01-01 00:00:00,2025-07-31 00:00:00,False,ERP_MDM,2025-01-01 02:12:00,2026-08-05 02:59:59,BATCH_202501_RAW_SKU_SUPPLIER_POLICY_SCD
SUP-005,SKU-0025,WH-DEL-02,15,204,204,74,113.63,EUR,2025-08-01 00:00:00,,True,ERP_MDM,2025-08-01 02:51:00,2026-08-05 02:59:59,BATCH_202508_RAW_SKU_SUPPLIER_POLICY_SCD
SUP-005,SKU-0025,WH-MUM-03,8,116,202,58,103.42,EUR,2025-01-01 00:00:00,2025-06-25 00:00:00,False,ERP_MDM,2025-01-01 02:39:00,2026-08-05 02:59:59,BATCH_202501_RAW_SKU_SUPPLIER_POLICY_SCD
SUP-005,SKU-0025,WH-MUM-03,18,130,179,63,115.91,EUR,2025-06-26 00:00:00,,True,ERP_MDM,2025-06-26 02:20:00,2026-08-05 02:59:59,BATCH_202506_RAW_SKU_SUPPLIER_POLICY_SCD
SUP-002,SKU-0026,WH-LKO-01,8,101,192,64,26.97,USD,2025-01-01 00:00:00,2025-08-17 00:00:00,False,ERP_MDM,2025-01-01 00:36:00,2026-08-05 02:59:59,BATCH_202501_RAW_SKU_SUPPLIER_POLICY_SCD
SUP-002,SKU-0026,WH-LKO-01,12,161,264,62,28.82,USD,2025-08-18 00:00:00,,True,ERP_MDM,2025-08-18 01:34:00,2026-08-05 02:59:59,BATCH_202508_RAW_SKU_SUPPLIER_POLICY_SCD
SUP-002,SKU-0026,WH-DEL-02,14,125,172,68,26.97,USD,2025-01-01 00:00:00,2025-06-13 00:00:00,False,ERP_MDM,2025-01-01 02:35:00,2026-08-05 02:59:59,BATCH_202501_RAW_SKU_SUPPLIER_POLICY_SCD
SUP-002,SKU-0026,WH-DEL-02,9,181,266,75,29.12,USD,2025-06-14 00:00:00,,True,ERP_MDM,2025-06-14 00:38:00,2026-08-05 02:59:59,BATCH_202506_RAW_SKU_SUPPLIER_POLICY_SCD
SUP-002,SKU-0026,WH-MUM-03,13,87,168,51,26.97,USD,2025-01-01 00:00:00,2025-07-19 00:00:00,False,ERP_MDM,2025-01-01 00:27:00,2026-08-05 02:59:59,BATCH_202501_RAW_SKU_SUPPLIER_POLICY_SCD
SUP-002,SKU-0026,WH-MUM-03,17,198,183,119,30.07,USD,2025-07-20 00:00:00,,True,ERP_MDM,2025-07-20 01:14:00,2026-08-05 02:59:59,BATCH_202507_RAW_SKU_SUPPLIER_POLICY_SCD
SUP-004,SKU-0026,WH-BLR-04,8,133,165,89,26.97,USD,2025-01-01 00:00:00,2025-06-25 00:00:00,False,ERP_MDM,2025-01-01 01:08:00,2026-08-05 02:59:59,BATCH_202501_RAW_SKU_SUPPLIER_POLICY_SCD
SUP-004,SKU-0026,WH-BLR-04,16,126,180,119,28.1,USD,2025-06-26 00:00:00,,True,ERP_MDM,2025-06-26 02:29:00,2026-08-05 02:59:59,BATCH_202506_RAW_SKU_SUPPLIER_POLICY_SCD
SUP-004,SKU-0027,WH-LKO-01,8,94,185,64,109.91,AED,2025-01-01 00:00:00,2025-07-15 00:00:00,False,ERP_MDM,2025-01-01 02:30:00,2026-08-05 02:59:59,BATCH_202501_RAW_SKU_SUPPLIER_POLICY_SCD
SUP-004,SKU-0027,WH-LKO-01,9,132,207,101,124.76,AED,2025-07-16 00:00:00,,True,ERP_MDM,2025-07-16 01:44:00,2026-08-05 02:59:59,BATCH_202507_RAW_SKU_SUPPLIER_POLICY_SCD
SUP-004,SKU-0027,WH-DEL-02,8,136,150,75,109.91,AED,2025-01-01 00:00:00,2025-06-29 00:00:00,False,ERP_MDM,2025-01-01 01:53:00,2026-08-05 02:59:59,BATCH_202501_RAW_SKU_SUPPLIER_POLICY_SCD
SUP-004,SKU-0027,WH-DEL-02,9,217,205,107,121.29,AED,2025-06-30 00:00:00,,True,ERP_MDM,2025-07-02 01:49:00,2026-08-05 02:59:59,BATCH_202506_RAW_SKU_SUPPLIER_POLICY_SCD
SUP-004,SKU-0027,WH-MUM-03,11,88,158,79,109.91,AED,2025-01-01 00:00:00,2025-07-16 00:00:00,False,ERP_MDM,2025-01-01 02:54:00,2026-08-05 02:59:59,BATCH_202501_RAW_SKU_SUPPLIER_POLICY_SCD
SUP-004,SKU-0027,WH-MUM-03,14,145,293,114,119.58,AED,17/07/2025,,True,ERP_MDM,2025-07-17 00:37:00,2026-08-05 02:59:59,BATCH_202507_RAW_SKU_SUPPLIER_POLICY_SCD
SUP-004,SKU-0027,WH-BLR-04,11,82,162,67,109.91,AED,2025-01-01 00:00:00,2025-06-14 00:00:00,False,ERP_MDM,2025-01-01 01:05:00,2026-08-05 02:59:59,BATCH_202501_RAW_SKU_SUPPLIER_POLICY_SCD
SUP-004,SKU-0027,WH-BLR-04,12,207,252,93,117.32,AED,2025-06-15 00:00:00,,True,ERP_MDM,2025-06-15 02:03:00,2026-08-05 02:59:59,BATCH_202506_RAW_SKU_SUPPLIER_POLICY_SCD
SUP-003,SKU-0028,WH-LKO-01,10,107,122,43,100.19,USD,2025-01-01 00:00:00,2025-07-05 00:00:00,False,ERP_MDM,2025-01-01 00:23:00,2026-08-05 02:59:59,BATCH_202501_RAW_SKU_SUPPLIER_POLICY_SCD
SUP-003,SKU-0028,WH-LKO-01,11,204,292,70,106.14,USD,2025-07-06 00:00:00,,True,ERP_MDM,2025-07-06 02:55:00,2026-08-05 02:59:59,BATCH_202507_RAW_SKU_SUPPLIER_POLICY_SCD
SUP-006,SKU-0028,WH-DEL-02,7,108,203,59,100.19,USD,2025-01-01 00:00:00,2025-08-26 00:00:00,False,ERP_MDM,2025-01-01 01:24:00,2026-08-05 02:59:59,BATCH_202501_RAW_SKU_SUPPLIER_POLICY_SCD
SUP-006,SKU-0028,WH-DEL-02,9,126,187,119,110.31,USD,2025-08-27 00:00:00,,True,ERP_MDM,2025-08-27 01:10:00,2026-08-05 02:59:59,BATCH_202508_RAW_SKU_SUPPLIER_POLICY_SCD
SUP-003,SKU-0028,WH-MUM-03,11,81,188,42,100.19,USD,2025-01-01 00:00:00,2025-06-24 00:00:00,False,ERP_MDM,2025-01-01 00:31:00,2026-08-05 02:59:59,BATCH_202501_RAW_SKU_SUPPLIER_POLICY_SCD
SUP-003,SKU-0028,WH-MUM-03,18,149,265,80,111.01,USD,2025-06-25 00:00:00,,True,ERP_MDM,2025-06-25 00:07:00,2026-08-05 02:59:59,BATCH_202506_RAW_SKU_SUPPLIER_POLICY_SCD
SUP-003,SKU-0028,WH-BLR-04,13,127,133,58,100.19,USD,2025-01-01 00:00:00,2025-07-19 00:00:00,False,ERP_MDM,2025-01-01 01:52:00,2026-08-05 02:59:59,BATCH_202501_RAW_SKU_SUPPLIER_POLICY_SCD
SUP-003,SKU-0028,WH-BLR-04,11,205,258,93,108.64,USD,2025-07-20 00:00:00,,True,ERP_MDM,2025-07-24 00:45:00,2026-08-05 02:59:59,BATCH_202507_RAW_SKU_SUPPLIER_POLICY_SCD
SUP-004,SKU-0029,WH-LKO-01,12,137,220,51,92.23,EUR,2025-01-01 00:00:00,2025-06-12 00:00:00,False,ERP_MDM,2025-01-01 00:54:00,2026-08-05 02:59:59,BATCH_202501_RAW_SKU_SUPPLIER_POLICY_SCD
SUP-004,SKU-0029,WH-LKO-01,17,216,283,63,105.21,EUR,2025-06-13 00:00:00,,True,ERP_MDM,2025-06-13 02:05:00,2026-08-05 02:59:59,BATCH_202506_RAW_SKU_SUPPLIER_POLICY_SCD
SUP-004,SKU-0029,WH-DEL-02,10,87,120,56,92.23,EUR,2025-01-01 00:00:00,2025-07-12 00:00:00,False,ERP_MDM,2025-01-01 00:45:00,2026-08-05 02:59:59,BATCH_202501_RAW_SKU_SUPPLIER_POLICY_SCD
N/A,SKU-0029,WH-DEL-02,16,123,231,70,101.37,EUR,2025-07-13 00:00:00,,True,ERP_MDM,2025-07-13 02:38:00,2026-08-05 02:59:59,BATCH_202507_RAW_SKU_SUPPLIER_POLICY_SCD
SUP-004,SKU-0029,WH-MUM-03,8,118,217,42,92.23,EUR,2025-01-01 00:00:00,2025-08-12 00:00:00,False,ERP_MDM,2025-01-01 02:14:00,2026-08-05 02:59:59,BATCH_202501_RAW_SKU_SUPPLIER_POLICY_SCD
SUP-004,SKU-0029,WH-MUM-03,12,200,269,102,99.39,EUR,2025-08-13 00:00:00,,True,ERP_MDM,2025-08-13 02:45:00,2026-08-05 02:59:59,BATCH_202508_RAW_SKU_SUPPLIER_POLICY_SCD
SUP-001,SKU-0030,WH-LKO-01,9,83,126,57,141.86,EUR,2025-01-01 00:00:00,2025-07-16 00:00:00,False,ERP_MDM,2025-01-01 01:36:00,2026-08-05 02:59:59,BATCH_202501_RAW_SKU_SUPPLIER_POLICY_SCD
SUP-001,SKU-0030,WH-LKO-01,15,217,218,87,151.03,EUR,2025-07-17 00:00:00,,True,ERP_MDM,2025-07-17 00:29:00,2026-08-05 02:59:59,BATCH_202507_RAW_SKU_SUPPLIER_POLICY_SCD
SUP-001,SKU-0030,WH-DEL-02,13,132,166,81,141.86,EUR,2025-01-01 00:00:00,2025-07-23 00:00:00,False,ERP_MDM,2025-01-01 01:49:00,2026-08-05 02:59:59,BATCH_202501_RAW_SKU_SUPPLIER_POLICY_SCD
SUP-001,SKU-0030,WH-DEL-02,9,190,218,75,151.8,EUR,2025-07-24 00:00:00,,True,ERP_MDM,2025-07-24 00:49:00,2026-08-05 02:59:59,BATCH_202507_RAW_SKU_SUPPLIER_POLICY_SCD
SUP-001,SKU-0030,WH-MUM-03,8,103,183,42,141.86,EUR,2025-01-01 00:00:00,2025-06-14 00:00:00,False,ERP_MDM,2025-01-01 02:46:00,2026-08-05 02:59:59,BATCH_202501_RAW_SKU_SUPPLIER_POLICY_SCD
SUP-001,SKU-0030,WH-MUM-03,10,138,234,77,156.64,EUR,2025-06-15 00:00:00,,True,ERP_MDM,2025-06-15 00:13:00,2026-08-05 02:59:59,BATCH_202506_RAW_SKU_SUPPLIER_POLICY_SCD
SUP-001,SKU-0030,WH-BLR-04,8,130,124,52,141.86,EUR,2025-01-01 00:00:00,2025-06-28 00:00:00,False,ERP_MDM,2025-01-01 01:50:00,2026-08-05 02:59:59,BATCH_202501_RAW_SKU_SUPPLIER_POLICY_SCD
SUP-001,SKU-0030,WH-BLR-04,14,164,174,97,162.09,EUR,2025-06-29 00:00:00,,True,ERP_MDM,2025-06-29 00:15:00,2026-08-05 02:59:59,BATCH_202506_RAW_SKU_SUPPLIER_POLICY_SCD
SUP-006,SKU-0031,wh-del-02,11,88,172,73,140.35,EUR,2025-01-01 00:00:00,2025-07-27 00:00:00,False,ERP_MDM,2025-01-01 00:03:00,2026-08-05 02:59:59,BATCH_202501_RAW_SKU_SUPPLIER_POLICY_SCD
SUP-006,SKU-0031,WH-DEL-02,10,200,275,80,148.83,EUR,2025-07-28 00:00:00,,True,ERP_MDM,2025-07-28 02:56:00,2026-08-05 02:59:59,BATCH_202507_RAW_SKU_SUPPLIER_POLICY_SCD
SUP-002,SKU-0031,WH-MUM-03,14,109,213,41,140.35,EUR,2025-01-01T00:00:00+05:30,2025-08-12 00:00:00,False,ERP_MDM,2025-01-01 02:38:00,2026-08-05 02:59:59,BATCH_202501_RAW_SKU_SUPPLIER_POLICY_SCD
SUP-002,SKU-0031,WH-MUM-03,12,122,244,109,149.28,EUR,08-13-2025,,True,ERP_MDM,2025-08-13 02:38:00,2026-08-05 02:59:59,BATCH_202508_RAW_SKU_SUPPLIER_POLICY_SCD
SUP-006,SKU-0032,WH-LKO-01,13,113,157,52,72.77,USD,2025-01-01 00:00:00,2025-08-07 00:00:00,False,ERP_MDM,2025-01-01 01:21:00,2026-08-05 02:59:59,BATCH_202501_RAW_SKU_SUPPLIER_POLICY_SCD
SUP-006,SKU-0032,WH-LKO-01,9,184,193,104,75.75,USD,2025-08-08 00:00:00,,True,ERP_MDM,2025-08-11 01:48:00,2026-08-05 02:59:59,BATCH_202508_RAW_SKU_SUPPLIER_POLICY_SCD
SUP-001,SKU-0032,WH-DEL-02,13,109,126,74,72.77,USD,2025-01-01 00:00:00,2025-08-06 00:00:00,False,ERP_MDM,2025-01-01 01:59:00,2026-08-05 02:59:59,BATCH_202501_RAW_SKU_SUPPLIER_POLICY_SCD
SUP-001,SKU-0032,WH-DEL-02,9,159,243,98,81.51,USD,2025-08-07 00:00:00,,True,ERP_MDM,2025-08-07 01:13:00,2026-08-05 02:59:59,BATCH_202508_RAW_SKU_SUPPLIER_POLICY_SCD
SUP-001,SKU-0032,WH-MUM-03,7,137,215,64,72.77,USD,2025-01-01 00:00:00,2025-08-04 00:00:00,False,ERP_MDM,2025-01-01 02:14:00,2026-08-05 02:59:59,BATCH_202501_RAW_SKU_SUPPLIER_POLICY_SCD
SUP-001,SKU-0032,WH-MUM-03,11,176,160,63,78.58,USD,2025-08-05 00:00:00,,True,ERP_MDM,2025-08-05 01:29:00,2026-08-05 02:59:59,BATCH_202508_RAW_SKU_SUPPLIER_POLICY_SCD
SUP-001,SKU-0032,WH-BLR-04,9,133,198,85,72.77,USD,2025-01-01 00:00:00,2025-08-21 00:00:00,False,ERP_MDM,2025-01-01 02:47:00,2026-08-05 02:59:59,BATCH_202501_RAW_SKU_SUPPLIER_POLICY_SCD
SUP-001,SKU-0032,WH-BLR-04,12,193,243,65,78.38,USD,2025-08-22 00:00:00,,True,ERP_MDM,2025-08-22 02:27:00,2026-08-05 02:59:59,BATCH_202508_RAW_SKU_SUPPLIER_POLICY_SCD
SUP-001,SKU-0033,WH-LKO-01,11,98,150,40,105.84,USD,2025-01-01 00:00:00,2025-07-04 00:00:00,False,ERP_MDM,2025-01-01 02:38:00,2026-08-05 02:59:59,BATCH_202501_RAW_SKU_SUPPLIER_POLICY_SCD
SUP-001,SKU-0033,WH-LKO-01,13,191,282,78,115.81,USD,2025-07-05 00:00:00,,True,ERP_MDM,2025-07-05 02:32:00,2026-08-05 02:59:59,BATCH_202507_RAW_SKU_SUPPLIER_POLICY_SCD
SUP-004,SKU-0033,WH-DEL-02,12,92,150,60,105.84,USD,2025-01-01 00:00:00,2025-08-14 00:00:00,False,ERP_MDM,2025-01-01 02:05:00,2026-08-05 02:59:59,BATCH_202501_RAW_SKU_SUPPLIER_POLICY_SCD
SUP-004,SKU-0033,WH-DEL-02,13,219,251,99,112.19,USD,2025-08-15 00:00:00,,True,ERP_MDM,2025-08-15 00:36:00,2026-08-05 02:59:59,BATCH_202508_RAW_SKU_SUPPLIER_POLICY_SCD
SUP-004,SKU-0033,WH-MUM-03,12,97,158,48,105.84,USD,2025-01-01 00:00:00,2025-06-28 00:00:00,False,ERP_MDM,2025-01-01 00:49:00,2026-08-05 02:59:59,BATCH_202501_RAW_SKU_SUPPLIER_POLICY_SCD
SUP-004,N/A,WH-MUM-03,9,206,260,114,119.68,USD,2025-06-29 00:00:00,,True,ERP_MDM,2025-06-29 00:41:00,2026-08-05 02:59:59,BATCH_202506_RAW_SKU_SUPPLIER_POLICY_SCD
SUP-004,SKU-0033,WH-BLR-04,7,98,203,58,105.84,USD,2025-01-01T00:00:00Z,2025-06-26 00:00:00,False,ERP_MDM,2025-01-01 01:13:00,2026-08-05 02:59:59,BATCH_202501_RAW_SKU_SUPPLIER_POLICY_SCD
SUP-004,SKU-0033,WH-BLR-04,15,153,191,101,115.69,USD,2025-06-27 00:00:00,,True,ERP_MDM,2025-06-27 01:27:00,2026-08-05 02:59:59,BATCH_202506_RAW_SKU_SUPPLIER_POLICY_SCD
SUP-004,SKU-0034,WH-LKO-01,14,90,211,49,125.91,AED,2025-01-01 00:00:00,2025-07-31 00:00:00,False,ERP_MDM,2025-01-01 01:33:00,2026-08-05 02:59:59,BATCH_202501_RAW_SKU_SUPPLIER_POLICY_SCD
SUP-004,SKU-0034,WH-LKO-01,18,212,261,100,135.87,AED,2025-08-01 00:00:00,,True,ERP_MDM,2025-08-01 02:54:00,2026-08-05 02:59:59,BATCH_202508_RAW_SKU_SUPPLIER_POLICY_SCD
SUP-004,SKU-0034,WH-DEL-02,8,111,199,53,125.91,AED,2025-01-01 00:00:00,2025-07-14 00:00:00,False,ERP_MDM,2025-01-01 01:41:00,2026-08-05 02:59:59,BATCH_202501_RAW_SKU_SUPPLIER_POLICY_SCD
SUP-004,SKU-0034,WH-DEL-02,9,163,289,81,135.54,AED,2025-07-15 00:00:00,,True,ERP_MDM,2025-07-15 01:15:00,2026-08-05 02:59:59,BATCH_202507_RAW_SKU_SUPPLIER_POLICY_SCD
SUP-004,SKU-0034,WH-MUM-03,8,131,216,77,125.91,AED,2025-01-01 00:00:00,2025-06-20 00:00:00,False,ERP_MDM,2025-01-01 00:32:00,2026-08-05 02:59:59,BATCH_202501_RAW_SKU_SUPPLIER_POLICY_SCD
SUP-004,SKU-0034,WH-MUM-03,11,213,238,109,135.56,AED,2025-06-21 00:00:00,,True,ERP_MDM,2025-06-21 00:44:00,2026-08-05 02:59:59,BATCH_202506_RAW_SKU_SUPPLIER_POLICY_SCD
SUP-004,SKU-0034,WH-BLR-04,9,126,128,82,125.91,AED,2025-01-01 00:00:00,2025-08-02 00:00:00,False,ERP_MDM,2025-01-01 01:06:00,2026-08-05 02:59:59,BATCH_202501_RAW_SKU_SUPPLIER_POLICY_SCD
SUP-004,SKU-0034,WH-BLR-04,18,120,240,76,141.16,AED,2025-08-03 00:00:00,,True,ERP_MDM,2025-08-03 00:55:00,2026-08-05 02:59:59,BATCH_202508_RAW_SKU_SUPPLIER_POLICY_SCD
SUP-003,SKU-0035,WH-LKO-01,11,139,200,86,135.69,AED,2025-01-01 00:00:00,2025-08-11 00:00:00,False,ERP_MDM,2025-01-01 02:10:00,2026-08-05 02:59:59,BATCH_202501_RAW_SKU_SUPPLIER_POLICY_SCD
SUP-003,SKU-0035,WH-LKO-01,11,126,163,118,145.69,AED,2025-08-12 00:00:00,,True,ERP_MDM,2025-08-12 00:08:00,2026-08-05 02:59:59,BATCH_202508_RAW_SKU_SUPPLIER_POLICY_SCD
SUP-003,SKU-0035,WH-DEL-02,12,121,143,71,135.69,AED,2025-01-01 00:00:00,2025-07-31 00:00:00,False,ERP_MDM,2025-01-01 00:13:00,2026-08-05 02:59:59,BATCH_202501_RAW_SKU_SUPPLIER_POLICY_SCD
SUP-003,sku-0035,WH-DEL-02,16,187,212,72,144.93,AED,2025-08-01 00:00:00,,True,ERP_MDM,2025-08-01 01:59:00,2026-08-05 02:59:59,BATCH_202508_RAW_SKU_SUPPLIER_POLICY_SCD
SUP-003,SKU-0035,WH-MUM-03,13,89,211,55,135.69,AED,2025-01-01 00:00:00,2025-06-26 00:00:00,False,ERP_MDM,2025-01-01 01:53:00,2026-08-05 02:59:59,BATCH_202501_RAW_SKU_SUPPLIER_POLICY_SCD
SUP-003,SKU-0035,WH-MUM-03,10,219,240,68,144.85,AED,2025-06-27 00:00:00,,True,ERP_MDM,2025-06-27 01:19:00,2026-08-05 02:59:59,BATCH_202506_RAW_SKU_SUPPLIER_POLICY_SCD
SUP-001,SKU-0035,WH-BLR-04,9,80,210,68,135.69,AED,2025-01-01 00:00:00,2025-06-27 00:00:00,False,ERP_MDM,2025-01-01 02:43:00,2026-08-05 02:59:59,BATCH_202501_RAW_SKU_SUPPLIER_POLICY_SCD
SUP-001,SKU-0035,WH-BLR-04,12,219,239,106,142.67,AED,2025-06-28T00:00:00Z,,True,ERP_MDM,2025-06-28 02:52:00,2026-08-05 02:59:59,BATCH_202506_RAW_SKU_SUPPLIER_POLICY_SCD
SUP-004,SKU-0036,WH-LKO-01,9,87,154,59,79.37,AED,2025-01-01 00:00:00,2025-06-22 00:00:00,False,ERP_MDM,2025-01-01 02:00:00,2026-08-05 02:59:59,BATCH_202501_RAW_SKU_SUPPLIER_POLICY_SCD
SUP-004,SKU-0036,WH-LKO-01,16,180,189,92,86.62,AED,2025-06-23 00:00:00,,True,ERP_MDM,2025-06-23 01:22:00,2026-08-05 02:59:59,BATCH_202506_RAW_SKU_SUPPLIER_POLICY_SCD
SUP-004,SKU-0036,WH-DEL-02,7,121,189,59,79.37,AED,2025-01-01 00:00:00,2025-08-21 00:00:00,False,ERP_MDM,2025-01-01 00:48:00,2026-08-05 02:59:59,BATCH_202501_RAW_SKU_SUPPLIER_POLICY_SCD
SUP-004,SKU-0036,WH-DEL-02,15,127,220,91,85.02,AED,2025-08-22 00:00:00,,True,ERP_MDM,2025-08-22 01:47:00,2026-08-05 02:59:59,BATCH_202508_RAW_SKU_SUPPLIER_POLICY_SCD
SUP-004,SKU-0036,WH-MUM-03,13,132,168,87,79.37,AED,2025-01-01 00:00:00,2025-06-25 00:00:00,False,ERP_MDM,2025-01-01 02:10:00,2026-08-05 02:59:59,BATCH_202501_RAW_SKU_SUPPLIER_POLICY_SCD
SUP-004,SKU-0036,WH-MUM-03,17,188,170,69,91.12,AED,2025-06-26 00:00:00,,True,ERP_MDM,2025-06-26 00:15:00,2026-08-05 02:59:59,BATCH_202506_RAW_SKU_SUPPLIER_POLICY_SCD
SUP-003,SKU-0037,WH-LKO-01,11,136,138,50,15.39,SGD,2025-01-01 00:00:00,2025-07-28 00:00:00,False,ERP_MDM,2025-01-01 00:13:00,2026-08-05 02:59:59,BATCH_202501_RAW_SKU_SUPPLIER_POLICY_SCD
SUP-003,SKU-0037,WH-LKO-01,14,201,192,65,16.53,SGD,2025-07-29 00:00:00,,True,ERP_MDM,2025-07-29 00:39:00,2026-08-05 02:59:59,BATCH_202507_RAW_SKU_SUPPLIER_POLICY_SCD
SUP-003,SKU-0037,WH-MUM-03,10,118,209,68,15.39,SGD,2025-01-01 00:00:00,2025-06-27 00:00:00,False,ERP_MDM,2025-01-01 02:54:00,2026-08-05 02:59:59,BATCH_202501_RAW_SKU_SUPPLIER_POLICY_SCD
SUP-003,SKU-0037,WH-MUM-03,10,123,258,92,16.59,SGD,2025-06-28 00:00:00,,True,ERP_MDM,2025-06-28 00:33:00,2026-08-05 02:59:59,BATCH_202506_RAW_SKU_SUPPLIER_POLICY_SCD
SUP-003,SKU-0037,WH-BLR-04,11,108,122,53,15.39,SGD,2025-01-01 00:00:00,2025-08-11 00:00:00,False,ERP_MDM,2025-01-01 02:12:00,2026-08-05 02:59:59,BATCH_202501_RAW_SKU_SUPPLIER_POLICY_SCD
SUP-003,SKU-0037,WH-BLR-04,16,154,288,79,16.92,SGD,2025-08-12 00:00:00,,True,ERP_MDM,2025-08-12 00:32:00,2026-08-05 02:59:59,BATCH_202508_RAW_SKU_SUPPLIER_POLICY_SCD
SUP-001,SKU-0038,WH-LKO-01,8,116,161,62,125.11,SGD,2025-01-01 00:00:00,2025-08-05 00:00:00,False,ERP_MDM,2025-01-01 00:53:00,2026-08-05 02:59:59,BATCH_202501_RAW_SKU_SUPPLIER_POLICY_SCD
SUP-001,SKU-0038,WH-LKO-01,14,180,253,68,132.98,SGD,2025-08-06 00:00:00,,True,ERP_MDM,2025-08-06 00:11:00,2026-08-05 02:59:59,BATCH_202508_RAW_SKU_SUPPLIER_POLICY_SCD
SUP-001,SKU-0038,WH-DEL-02,13,134,177,83,125.11,SGD,45658,2025-07-17 00:00:00,False,ERP_MDM,2025-01-01 00:35:00,2026-08-05 02:59:59,BATCH_202501_RAW_SKU_SUPPLIER_POLICY_SCD
SUP-001,SKU-0038,WH-DEL-02,15,133,277,96,134.59,SGD,2025-07-18 00:00:00,,True,ERP_MDM,2025-07-18 00:02:00,2026-08-05 02:59:59,BATCH_202507_RAW_SKU_SUPPLIER_POLICY_SCD
SUP-001,SKU-0038,WH-MUM-03,14,91,160,68,125.11,SGD,2025-01-01T00:00:00Z,2025-08-01 00:00:00,False,ERP_MDM,2025-01-01 00:18:00,2026-08-05 02:59:59,BATCH_202501_RAW_SKU_SUPPLIER_POLICY_SCD
SUP-001,SKU-0038,WH-MUM-03,15,168,223,118,132.7,SGD,2025-08-02 00:00:00,,True,ERP_MDM,2025-08-02 01:22:00,2026-08-05 02:59:59,BATCH_202508_RAW_SKU_SUPPLIER_POLICY_SCD
SUP-001,SKU-0038,WH-BLR-04,13,135,187,79,125.11,SGD,2025-01-01 00:00:00,2025-07-27 00:00:00,False,ERP_MDM,2025-01-01 01:32:00,2026-08-05 02:59:59,BATCH_202501_RAW_SKU_SUPPLIER_POLICY_SCD
SUP-001,SKU-0038,WH-BLR-04,18,192,253,111,139.52,SGD,2025-07-28 00:00:00,,True,ERP_MDM,2025-07-28 01:59:00,2026-08-05 02:59:59,BATCH_202507_RAW_SKU_SUPPLIER_POLICY_SCD
SUP-001,SKU-0039,WH-DEL-02,12,86,196,58,52.25,EUR,2025-01-01 00:00:00,2025-07-19 00:00:00,False,ERP_MDM,2025-01-01 02:58:00,2026-08-05 02:59:59,BATCH_202501_RAW_SKU_SUPPLIER_POLICY_SCD
SUP-001,SKU-0039,WH-DEL-02,11,140,253,64,56.19,EUR,2025-07-20 00:00:00,,True,ERP_MDM,2025-07-20 02:13:00,2026-08-05 02:59:59,BATCH_202507_RAW_SKU_SUPPLIER_POLICY_SCD
SUP-001,SKU-0039,WH-MUM-03,13,127,189,48,52.25,EUR,2025-01-01 00:00:00,2025-06-30 00:00:00,False,ERP_MDM,2025-01-01 01:46:00,2026-08-05 02:59:59,BATCH_202501_RAW_SKU_SUPPLIER_POLICY_SCD
SUP-001,SKU-0039,WH-MUM-03,10,191,167,76,59.76,EUR,2025-07-01 00:00:00,,True,ERP_MDM,2025-07-01 02:32:00,2026-08-05 02:59:59,BATCH_202507_RAW_SKU_SUPPLIER_POLICY_SCD
SUP-001,SKU-0039,WH-BLR-04,10,110,134,87,52.25,EUR,2025-01-01 00:00:00,2025-07-30 00:00:00,False,ERP_MDM,2025-01-01 00:15:00,2026-08-05 02:59:59,BATCH_202501_RAW_SKU_SUPPLIER_POLICY_SCD
SUP-001,SKU-0039,WH-BLR-04,12,176,271,72,59.3,EUR,2025-07-31 00:00:00,,True,ERP_MDM,2025-07-31 02:34:00,2026-08-05 02:59:59,BATCH_202507_RAW_SKU_SUPPLIER_POLICY_SCD
SUP-007,SKU-0040,WH-LKO-01,12,93,163,79,63.8,SGD,2025-01-01 00:00:00,2025-08-12 00:00:00,False,ERP_MDM,2025-01-01 02:15:00,2026-08-05 02:59:59,BATCH_202501_RAW_SKU_SUPPLIER_POLICY_SCD
SUP-007,SKU-0040,WH-LKO-01,17,170,238,69,69.4,SGD,2025-08-13 00:00:00,,True,ERP_MDM,2025-08-13 01:05:00,2026-08-05 02:59:59,BATCH_202508_RAW_SKU_SUPPLIER_POLICY_SCD
SUP-004,SKU-0040,WH-DEL-02,12,114,206,40,63.8,SGD,2025-01-01 00:00:00,2025-06-18 00:00:00,False,ERP_MDM,2025-01-01 02:57:00,2026-08-05 02:59:59,BATCH_202501_RAW_SKU_SUPPLIER_POLICY_SCD
SUP-004,SKU-0040,WH-DEL-02,14,217,206,68,70.53,SGD,2025-06-19 00:00:00,,True,ERP_MDM,2025-06-19 00:28:00,2026-08-05 02:59:59,BATCH_202506_RAW_SKU_SUPPLIER_POLICY_SCD
SUP-007,SKU-0040,WH-MUM-03,13,104,126,55,63.8,SGD,2025-01-01 00:00:00,2025-07-31 00:00:00,False,ERP_MDM,2025-01-01 02:28:00,2026-08-05 02:59:59,BATCH_202501_RAW_SKU_SUPPLIER_POLICY_SCD
SUP-007,SKU-0040,WH-MUM-03,13,173,182,60,67.21,SGD,2025-08-01 00:00:00,,True,ERP_MDM,2025-08-01 00:05:00,2026-08-05 02:59:59,BATCH_202508_RAW_SKU_SUPPLIER_POLICY_SCD
SUP-007,SKU-0040,WH-BLR-04,9,89,198,56,63.8,SGD,2025-01-01 00:00:00,2025-07-23 00:00:00,False,ERP_MDM,2025-01-01 01:01:00,2026-08-05 02:59:59,BATCH_202501_RAW_SKU_SUPPLIER_POLICY_SCD
SUP-007,SKU-0040,WH-BLR-04,16,168,202,112,73.3,SGD,2025-07-24 00:00:00,,True,ERP_MDM,2025-07-24 02:24:00,2026-08-05 02:59:59,BATCH_202507_RAW_SKU_SUPPLIER_POLICY_SCD
 SUP-005 ,SKU-0041,WH-LKO-01,9,110,215,86,148.06,USD,2025-01-01 00:00:00,11/07/2025,False,ERP_MDM,2025-01-01 00:10:00,2026-08-05 02:59:59,BATCH_202501_RAW_SKU_SUPPLIER_POLICY_SCD
SUP-005,SKU-0041,WH-LKO-01,11,149,208,113,169.14,USD,2025-07-12 00:00:00,,True,ERP_MDM,2025-07-12 00:35:00,2026-08-05 02:59:59,BATCH_202507_RAW_SKU_SUPPLIER_POLICY_SCD
SUP-006,SKU-0041,WH-DEL-02,11,123,215,66,148.06,USD,2025-01-01 00:00:00,2025-08-14 00:00:00,False,ERP_MDM,2025-01-01 02:09:00,2026-08-05 02:59:59,BATCH_202501_RAW_SKU_SUPPLIER_POLICY_SCD
SUP-006,SKU-0041,WH-DEL-02,10,210,298,113,154.44,USD,2025-08-15 00:00:00,,True,ERP_MDM,2025-08-15 00:23:00,2026-08-05 02:59:59,BATCH_202508_RAW_SKU_SUPPLIER_POLICY_SCD
SUP-005,SKU-0041,WH-MUM-03,14,112,164,75,148.06,USD,2025-01-01 00:00:00,2025-06-21 00:00:00,False,ERP_MDM,2025-01-01 01:26:00,2026-08-05 02:59:59,BATCH_202501_RAW_SKU_SUPPLIER_POLICY_SCD
SUP-005,SKU-0041,WH-MUM-03,11,164,239,95,167.86,USD,2025-06-22 00:00:00,,True,ERP_MDM,2025-06-22 02:07:00,2026-08-05 02:59:59,BATCH_202506_RAW_SKU_SUPPLIER_POLICY_SCD
SUP-005,SKU-0041,WH-BLR-04,9,129,150,54,148.06,USD,2025-01-01 00:00:00,2025-08-16 00:00:00,False,ERP_MDM,2025-01-01 01:07:00,2026-08-05 02:59:59,BATCH_202501_RAW_SKU_SUPPLIER_POLICY_SCD
SUP-005,SKU-0041,WH-BLR-04,13,185,190,98,157.65,USD,2025-08-17T00:00:00Z,,True,ERP_MDM,2025-08-17 02:36:00,2026-08-05 02:59:59,BATCH_202508_RAW_SKU_SUPPLIER_POLICY_SCD
SUP-003,SKU-0042,WH-LKO-01,9,88,174,56,124.99,EUR,2025-01-01 00:00:00,2025-07-31 00:00:00,False,ERP_MDM,2025-01-01 00:20:00,2026-08-05 02:59:59,BATCH_202501_RAW_SKU_SUPPLIER_POLICY_SCD
SUP-003,SKU-0042,WH-LKO-01,14,162,254,87,138.4,EUR,2025-08-01 00:00:00,,True,ERP_MDM,2025-08-01 00:30:00,2026-08-05 02:59:59,BATCH_202508_RAW_SKU_SUPPLIER_POLICY_SCD
SUP-003,SKU-0042,WH-DEL-02,12,99,170,41,124.99,EUR,2025-01-01 00:00:00,2025-07-18 00:00:00,False,ERP_MDM,2025-01-01 02:17:00,2026-08-05 02:59:59,BATCH_202501_RAW_SKU_SUPPLIER_POLICY_SCD
SUP-003,SKU-0042,WH-DEL-02,13,194,224,61,132.63,EUR,2025-07-19 00:00:00,,True,ERP_MDM,2025-07-19 02:27:00,2026-08-05 02:59:59,BATCH_202507_RAW_SKU_SUPPLIER_POLICY_SCD
SUP-003,SKU-0042,WH-BLR-04,7,130,195,59,124.99,EUR,2025-01-01 00:00:00,2025-07-18 00:00:00,False,ERP_MDM,2025-01-01 00:44:00,2026-08-05 02:59:59,BATCH_202501_RAW_SKU_SUPPLIER_POLICY_SCD
SUP-003,SKU-0042,WH-BLR-04,13,142,179,108,140.01,EUR,2025-07-19 00:00:00,,True,ERP_MDM,2025-07-24 02:18:00,2026-08-05 02:59:59,BATCH_202507_RAW_SKU_SUPPLIER_POLICY_SCD
SUP-001,SKU-0043,WH-LKO-01,12,105,180,52,78.31,EUR,2025-01-01 00:00:00,2025-07-30 00:00:00,False,ERP_MDM,2025-01-01 01:18:00,2026-08-05 02:59:59,BATCH_202501_RAW_SKU_SUPPLIER_POLICY_SCD
SUP-001,SKU-0043,WH-LKO-01,17,218,168,75,86.0,EUR,2025-07-31 00:00:00,,True,ERP_MDM,2025-07-31 01:51:00,2026-08-05 02:59:59,BATCH_202507_RAW_SKU_SUPPLIER_POLICY_SCD
SUP-001,SKU-0043,WH-DEL-02,8,103,187,68,78.31,EUR,2025-01-01 00:00:00,2025-08-04 00:00:00,False,ERP_MDM,2025-01-01 01:32:00,2026-08-05 02:59:59,BATCH_202501_RAW_SKU_SUPPLIER_POLICY_SCD
SUP-001,SKU-0043,WH-DEL-02,17,200,273,61,86.66,EUR,2025-08-05 00:00:00,,True,ERP_MDM,2025-08-05 00:39:00,2026-08-05 02:59:59,BATCH_202508_RAW_SKU_SUPPLIER_POLICY_SCD
SUP-001,SKU-0043,WH-MUM-03,10,106,137,88,78.31,EUR,2025-01-01 00:00:00,2025-06-24 00:00:00,False,ERP_MDM,2025-01-01 03:00:00,2026-08-05 02:59:59,BATCH_202501_RAW_SKU_SUPPLIER_POLICY_SCD
SUP-001,SKU-0043,WH-MUM-03,13,163,168,78,83.97,EUR,2025-06-25 00:00:00,,True,ERP_MDM,2025-06-25 00:03:00,2026-08-05 02:59:59,BATCH_202506_RAW_SKU_SUPPLIER_POLICY_SCD
SUP-001,SKU-0043,WH-BLR-04,14,95,122,58,78.31,EUR,2025-01-01 00:00:00,2025-07-12 00:00:00,False,ERP_MDM,2025-01-01 01:49:00,2026-08-05 02:59:59,BATCH_202501_RAW_SKU_SUPPLIER_POLICY_SCD
SUP-001,SKU-0043,WH-BLR-04,13,217,181,115,87.9,EUR,2025-07-13 00:00:00,,True,ERP_MDM,2025-07-13 00:11:00,2026-08-05 02:59:59,BATCH_202507_RAW_SKU_SUPPLIER_POLICY_SCD
SUP-006,SKU-0044,WH-DEL-02,11,125,178,53,109.82,USD,2025-01-01 00:00:00,2025-08-14 00:00:00,False,ERP_MDM,2025-01-01 01:14:00,2026-08-05 02:59:59,BATCH_202501_RAW_SKU_SUPPLIER_POLICY_SCD
SUP-006,SKU-0044,WH-DEL-02,12,135,222,113,114.88,USD,2025-08-15 00:00:00,,True,ERP_MDM,2025-08-15 02:14:00,2026-08-05 02:59:59,BATCH_202508_RAW_SKU_SUPPLIER_POLICY_SCD
SUP-006,SKU-0044,WH-MUM-03,9,90,197,54,109.82,USD,2025-01-01 00:00:00,2025-07-08 00:00:00,False,ERP_MDM,2025-01-01 00:10:00,2026-08-05 02:59:59,BATCH_202501_RAW_SKU_SUPPLIER_POLICY_SCD
SUP-006,SKU-0044,WH-MUM-03,16,182,234,112,126.1,USD,2025-07-09 00:00:00,,True,ERP_MDM,2025-07-09 01:11:00,2026-08-05 02:59:59,BATCH_202507_RAW_SKU_SUPPLIER_POLICY_SCD
SUP-002,SKU-0045,WH-LKO-01,14,133,185,71,29.1,AED,2025-01-01 00:00:00,2025-08-21 00:00:00,False,ERP_MDM,2025-01-01 01:03:00,2026-08-05 02:59:59,BATCH_202501_RAW_SKU_SUPPLIER_POLICY_SCD
SUP-002,SKU-0045,WH-LKO-01,12,216,175,97,32.68,AED,2025-08-22 00:00:00,,True,ERP_MDM,2025-08-22 01:36:00,2026-08-05 02:59:59,BATCH_202508_RAW_SKU_SUPPLIER_POLICY_SCD
SUP-002,SKU-0045,WH-DEL-02,9,92,134,74,29.1,AED,2025-01-01 00:00:00,2025-08-01 00:00:00,False,ERP_MDM,2025-01-01 01:45:00,2026-08-05 02:59:59,BATCH_202501_RAW_SKU_SUPPLIER_POLICY_SCD
SUP-002,SKU-0045,WH-DEL-02,15,132,283,100,31.6,AED,2025-08-02 00:00:00,,True,ERP_MDM,2025-08-02 02:55:00,2026-08-05 02:59:59,BATCH_202508_RAW_SKU_SUPPLIER_POLICY_SCD
SUP-002,SKU-0045,WH-MUM-03,13,105,136,47,29.1,AED,2025-01-01 00:00:00,2025-08-11 00:00:00,False,ERP_MDM,2025-01-01 02:38:00,2026-08-05 02:59:59,BATCH_202501_RAW_SKU_SUPPLIER_POLICY_SCD
SUP-002,SKU-0045,WH-MUM-03,16,130,170,85,30.65,AED,2025-08-12 00:00:00,,True,ERP_MDM,2025-08-12 00:48:00,2026-08-05 02:59:59,BATCH_202508_RAW_SKU_SUPPLIER_POLICY_SCD
SUP-002,SKU-0045,WH-BLR-04,13,99,177,86,29.1,AED,2025-01-01 00:00:00,2025-06-29 00:00:00,False,ERP_MDM,2025-01-01 02:05:00,2026-08-05 02:59:59,BATCH_202501_RAW_SKU_SUPPLIER_POLICY_SCD
SUP-002,SKU-0045,WH-BLR-04,9,151,274,88,31.38,AED,2025-06-30 00:00:00,,True,ERP_MDM,2025-06-30 01:06:00,2026-08-05 02:59:59,BATCH_202506_RAW_SKU_SUPPLIER_POLICY_SCD
SUP-008,SKU-0046,WH-LKO-01,12,80,167,79,96.99,AED,2025-01-01 00:00:00,2025-08-05 00:00:00,False,ERP_MDM,2025-01-01 01:03:00,2026-08-05 02:59:59,BATCH_202501_RAW_SKU_SUPPLIER_POLICY_SCD
SUP-008,SKU-0046,WH-LKO-01,17,171,186,92,109.74,AED,45875,,True,ERP_MDM,2025-08-06 00:31:00,2026-08-05 02:59:59,BATCH_202508_RAW_SKU_SUPPLIER_POLICY_SCD
SUP-008,SKU-0046,WH-DEL-02,7,109,133,86,96.99,AED,2025-01-01 00:00:00,2025-08-29 00:00:00,False,ERP_MDM,2025-01-01 02:26:00,2026-08-05 02:59:59,BATCH_202501_RAW_SKU_SUPPLIER_POLICY_SCD
SUP-008,SKU-0046,WH-DEL-02,9,214,216,62,108.58,AED,2025-08-30 00:00:00,,True,ERP_MDM,2025-08-30 00:58:00,2026-08-05 02:59:59,BATCH_202508_RAW_SKU_SUPPLIER_POLICY_SCD
SUP-008,SKU-0046,WH-MUM-03,10,97,212,41,96.99,AED,2025-01-01 00:00:00,45876,False,ERP_MDM,2025-01-01 00:47:00,2026-08-05 02:59:59,BATCH_202501_RAW_SKU_SUPPLIER_POLICY_SCD
SUP-008,SKU-0046,WH-MUM-03,12,142,251,69,105.91,AED,2025-08-08 00:00:00,,True,ERP_MDM,2025-08-08 01:24:00,2026-08-05 02:59:59,BATCH_202508_RAW_SKU_SUPPLIER_POLICY_SCD
SUP-008,SKU-0046,WH-BLR-04,8,99,167,48,96.99,AED,2025-01-01 00:00:00,2025-07-09 00:00:00,False,ERP_MDM,2025-01-01 00:45:00,2026-08-05 02:59:59,BATCH_202501_RAW_SKU_SUPPLIER_POLICY_SCD
SUP-008,SKU-0046,WH-BLR-04,15,216,236,96,101.76,AED,2025-07-10 00:00:00,,True,ERP_MDM,2025-07-10 01:31:00,2026-08-05 02:59:59,BATCH_202507_RAW_SKU_SUPPLIER_POLICY_SCD
SUP-004,SKU-0047,WH-LKO-01,11,81,144,75,58.4,AED,2025-01-01 00:00:00,2025-06-10 00:00:00,False,ERP_MDM,2025-01-01 00:38:00,2026-08-05 02:59:59,BATCH_202501_RAW_SKU_SUPPLIER_POLICY_SCD
SUP-004,SKU-0047,WH-LKO-01,16,144,200,66,66.57,AED,2025-06-11 00:00:00,,True,ERP_MDM,2025-06-11 00:19:00,2026-08-05 02:59:59,BATCH_202506_RAW_SKU_SUPPLIER_POLICY_SCD
SUP-004,SKU-0047,WH-DEL-02,13,87,161,50,58.4,AED,2025-01-01 00:00:00,2025-08-05 00:00:00,False,ERP_MDM,2025-01-01 01:10:00,2026-08-05 02:59:59,BATCH_202501_RAW_SKU_SUPPLIER_POLICY_SCD
SUP-004,SKU-0047,WH-DEL-02,15,126,165,77,65.82,AED,2025-08-06 00:00:00,,True,ERP_MDM,2025-08-06 02:29:00,2026-08-05 02:59:59,BATCH_202508_RAW_SKU_SUPPLIER_POLICY_SCD
SUP-004,SKU-0047,WH-MUM-03,14,117,197,67,58.4,AED,2025-01-01 00:00:00,2025-08-22 00:00:00,False,ERP_MDM,2025-01-01 00:39:00,2026-08-05 02:59:59,BATCH_202501_RAW_SKU_SUPPLIER_POLICY_SCD
SUP-004,SKU-0047,WH-MUM-03,16,182,205,65,61.4,AED,2025-08-23 00:00:00,,True,ERP_MDM,2025-08-23 00:03:00,2026-08-05 02:59:59,BATCH_202508_RAW_SKU_SUPPLIER_POLICY_SCD
SUP-003,SKU-0047,WH-BLR-04,7,88,205,69,58.4,AED,2025-01-01 00:00:00,2025-08-10 00:00:00,False,ERP_MDM,2025-01-01 01:11:00,2026-08-05 02:59:59,BATCH_202501_RAW_SKU_SUPPLIER_POLICY_SCD
SUP-003,SKU-0047,WH-BLR-04,15,214,257,102,61.11,AED,2025-08-11 00:00:00,,True,ERP_MDM,2025-08-11 02:49:00,2026-08-05 02:59:59,BATCH_202508_RAW_SKU_SUPPLIER_POLICY_SCD
SUP-006,SKU-0048,WH-LKO-01,8,139,174,90,129.41,AED,2025-01-01 00:00:00,2025-08-12 00:00:00,False,ERP_MDM,2025-01-01 01:37:00,2026-08-05 02:59:59,BATCH_202501_RAW_SKU_SUPPLIER_POLICY_SCD
SUP-006,SKU-0048,WH-LKO-01,9,135,290,77,134.8,AED,2025-08-13 00:00:00,,True,ERP_MDM,2025-08-13 01:23:00,2026-08-05 02:59:59,BATCH_202508_RAW_SKU_SUPPLIER_POLICY_SCD
SUP-006,SKU-0048,WH-DEL-02,14,133,138,86,129.41,AED,2025-01-01 00:00:00,2025-07-02 00:00:00,False,ERP_MDM,2025-01-01 00:00:00,2026-08-05 02:59:59,BATCH_202501_RAW_SKU_SUPPLIER_POLICY_SCD
SUP-006,SKU-0048,WH-DEL-02,16,175,189,74,145.55,AED,2025-07-03 00:00:00,,True,ERP_MDM,2025-07-03 02:04:00,2026-08-05 02:59:59,BATCH_202507_RAW_SKU_SUPPLIER_POLICY_SCD
SUP-006,SKU-0048,WH-MUM-03,14,102,219,81,129.41,AED,2025-01-01 00:00:00,2025-07-12 00:00:00,False,ERP_MDM,2025-01-01 00:34:00,2026-08-05 02:59:59,BATCH_202501_RAW_SKU_SUPPLIER_POLICY_SCD
SUP-006,SKU-0048,WH-MUM-03,15,157,248,99,144.6,AED,07-13-2025,,True,ERP_MDM,2025-07-13 00:46:00,2026-08-05 02:59:59,BATCH_202507_RAW_SKU_SUPPLIER_POLICY_SCD
SUP-006,SKU-0048,WH-BLR-04,14,112,139,59,129.41,AED,2025-01-01 00:00:00,2025-06-14 00:00:00,False,ERP_MDM,2025-01-01 02:40:00,2026-08-05 02:59:59,BATCH_202501_RAW_SKU_SUPPLIER_POLICY_SCD
SUP-006,SKU-0048,WH-BLR-04,11,198,245,103,143.3,AED,2025-06-15 00:00:00,,True,ERP_MDM,2025-06-15 00:35:00,2026-08-05 02:59:59,BATCH_202506_RAW_SKU_SUPPLIER_POLICY_SCD
SUP-003,SKU-0049,WH-LKO-01,12,117,178,46,91.79,USD,2025-01-01 00:00:00,2025-07-29 00:00:00,False,ERP_MDM,2025-01-01 02:55:00,2026-08-05 02:59:59,BATCH_202501_RAW_SKU_SUPPLIER_POLICY_SCD
SUP-003,SKU-0049,WH-LKO-01,10,154,245,69,104.8,USD,2025-07-30 00:00:00,,True,ERP_MDM,2025-07-30 02:15:00,2026-08-05 02:59:59,BATCH_202507_RAW_SKU_SUPPLIER_POLICY_SCD
SUP-003,SKU-0049,WH-DEL-02,12,135,148,87,91.79,USD,2025-01-01 00:00:00,2025-07-23 00:00:00,False,ERP_MDM,2025-01-01 00:35:00,2026-08-05 02:59:59,BATCH_202501_RAW_SKU_SUPPLIER_POLICY_SCD
SUP-003,SKU-0049,WH-DEL-02,15,137,290,78,100.57,USD,2025-07-24 00:00:00,,True,ERP_MDM,2025-07-24 02:21:00,2026-08-05 02:59:59,BATCH_202507_RAW_SKU_SUPPLIER_POLICY_SCD
SUP-003,SKU-0049,WH-MUM-03,8,90,209,59,91.79,USD,2025-01-01 00:00:00,2025-07-29 00:00:00,False,ERP_MDM,2025-01-01 00:42:00,2026-08-05 02:59:59,BATCH_202501_RAW_SKU_SUPPLIER_POLICY_SCD
SUP-003,SKU-0049,WH-MUM-03,15,165,254,112,103.71,USD,2025-07-30 00:00:00,,True,ERP_MDM,2025-07-30 02:11:00,2026-08-05 02:59:59,BATCH_202507_RAW_SKU_SUPPLIER_POLICY_SCD
SUP-001,SKU-0050,WH-LKO-01,11,97,191,40,50.22,EUR,2025-01-01 00:00:00,2025-08-10 00:00:00,False,ERP_MDM,2025-01-01 00:17:00,2026-08-05 02:59:59,BATCH_202501_RAW_SKU_SUPPLIER_POLICY_SCD
SUP-001,SKU-0050,WH-LKO-01,12,191,291,111,54.88,EUR,2025-08-11 00:00:00,,True,ERP_MDM,2025-08-11 00:06:00,2026-08-05 02:59:59,BATCH_202508_RAW_SKU_SUPPLIER_POLICY_SCD
SUP-001,SKU-0050,WH-DEL-02,8,140,185,77,50.22,EUR,2025-01-01 00:00:00,2025-06-21 00:00:00,False,ERP_MDM,2025-01-01 01:22:00,2026-08-05 02:59:59,BATCH_202501_RAW_SKU_SUPPLIER_POLICY_SCD
SUP-001,SKU-0050,WH-DEL-02,10,144,246,100,56.56,EUR,2025-06-22 00:00:00,,True,ERP_MDM,2025-06-22 00:17:00,2026-08-05 02:59:59,BATCH_202506_RAW_SKU_SUPPLIER_POLICY_SCD
SUP-002,SKU-0050,WH-MUM-03,13,109,140,89,50.22,EUR,2025-01-01 00:00:00,2025-06-29 00:00:00,False,ERP_MDM,2025-01-01 00:42:00,2026-08-05 02:59:59,BATCH_202501_RAW_SKU_SUPPLIER_POLICY_SCD
SUP-002,SKU-0050,WH-MUM-03,15,122,194,74,54.04,EUR,2025-06-30 00:00:00,,True,ERP_MDM,2025-06-30 02:26:00,2026-08-05 02:59:59,BATCH_202506_RAW_SKU_SUPPLIER_POLICY_SCD
SUP-001,SKU-0050,WH-BLR-04,7,81,210,47,50.22,EUR,01-01-2025,2025-06-11 00:00:00,False,ERP_MDM,2025-01-01 01:48:00,2026-08-05 02:59:59,BATCH_202501_RAW_SKU_SUPPLIER_POLICY_SCD
SUP-001,SKU-0050,WH-BLR-04,13,171,234,68,56.99,EUR,2025-06-12 00:00:00,,True,ERP_MDM,2025-06-12 00:57:00,2026-08-05 02:59:59,BATCH_202506_RAW_SKU_SUPPLIER_POLICY_SCD
SUP-005,sku-0051,WH-LKO-01,11,128,214,72,125.71,USD,2025-01-01 00:00:00,2025-08-15 00:00:00,False,ERP_MDM,2025-01-01 00:14:00,2026-08-05 02:59:59,BATCH_202501_RAW_SKU_SUPPLIER_POLICY_SCD
SUP-005,SKU-0051,WH-LKO-01,15,175,254,101,135.91,USD,2025-08-16 00:00:00,,True,ERP_MDM,2025-08-16 00:32:00,2026-08-05 02:59:59,BATCH_202508_RAW_SKU_SUPPLIER_POLICY_SCD
SUP-005,SKU-0051,WH-DEL-02,8,107,202,82,125.71,USD,2025-01-01 00:00:00,2025-08-19 00:00:00,False,ERP_MDM,2025-01-01 02:49:00,2026-08-05 02:59:59,BATCH_202501_RAW_SKU_SUPPLIER_POLICY_SCD
SUP-005,SKU-0051,WH-DEL-02,12,220,199,69,137.08,USD,2025-08-20 00:00:00,,True,ERP_MDM,2025-08-20 02:58:00,2026-08-05 02:59:59,BATCH_202508_RAW_SKU_SUPPLIER_POLICY_SCD
SUP-005,SKU-0051,WH-MUM-03,14,86,215,51,125.71,USD,2025-01-01 00:00:00,2025-07-31 00:00:00,False,ERP_MDM,2025-01-01 02:30:00,2026-08-05 02:59:59,BATCH_202501_RAW_SKU_SUPPLIER_POLICY_SCD
SUP-005,SKU-0051,WH-MUM-03,9,163,216,120,140.17,USD,2025-08-01 00:00:00,,True,ERP_MDM,2025-08-01 01:06:00,2026-08-05 02:59:59,BATCH_202508_RAW_SKU_SUPPLIER_POLICY_SCD
SUP-005,SKU-0051,WH-BLR-04,14,125,155,49,125.71,USD,2025-01-01T00:00:00+05:30,2025-07-15T00:00:00Z,False,ERP_MDM,2025-01-01 01:29:00,2026-08-05 02:59:59,BATCH_202501_RAW_SKU_SUPPLIER_POLICY_SCD
SUP-005,SKU-0051,WH-BLR-04,11,212,247,63,132.9,USD,2025-07-16 00:00:00,,True,ERP_MDM,2025-07-16 02:27:00,2026-08-05 02:59:59,BATCH_202507_RAW_SKU_SUPPLIER_POLICY_SCD
SUP-003,SKU-0052,WH-LKO-01,10,135,165,50,35.99,AED,2025-01-01 00:00:00,2025-06-12 00:00:00,False,ERP_MDM,2025-01-01 00:40:00,2026-08-05 02:59:59,BATCH_202501_RAW_SKU_SUPPLIER_POLICY_SCD
SUP-003,SKU-0052,WH-LKO-01,15,196,262,71,39.54,AED,2025-06-13 00:00:00,,True,ERP_MDM,2025-06-13 02:23:00,2026-08-05 02:59:59,BATCH_202506_RAW_SKU_SUPPLIER_POLICY_SCD
SUP-003,SKU-0052,WH-DEL-02,7,134,203,54,35.99,AED,2025-01-01 00:00:00,2025-06-20 00:00:00,False,ERP_MDM,2025-01-01 01:22:00,2026-08-05 02:59:59,BATCH_202501_RAW_SKU_SUPPLIER_POLICY_SCD
SUP-003,SKU-0052,WH-DEL-02,9,220,211,78,41.16,AED,2025-06-21 00:00:00,,True,ERP_MDM,2025-06-21 02:35:00,2026-08-05 02:59:59,BATCH_202506_RAW_SKU_SUPPLIER_POLICY_SCD
SUP-003,SKU-0052,WH-MUM-03,12,124,203,88,35.99,AED,2025-01-01 00:00:00,2025-08-24 00:00:00,False,ERP_MDM,2025-01-01 00:36:00,2026-08-05 02:59:59,BATCH_202501_RAW_SKU_SUPPLIER_POLICY_SCD
SUP-003,SKU-0052,WH-MUM-03,9,216,180,67,39.81,AED,2025-08-25 00:00:00,,True,ERP_MDM,2025-08-25 00:18:00,2026-08-05 02:59:59,BATCH_202508_RAW_SKU_SUPPLIER_POLICY_SCD
SUP-003,SKU-0052,WH-BLR-04,9,120,122,46,35.99,AED,2025-01-01 00:00:00,2025-06-17 00:00:00,False,ERP_MDM,2025-01-01 00:19:00,2026-08-05 02:59:59,BATCH_202501_RAW_SKU_SUPPLIER_POLICY_SCD
SUP-003,SKU-0052,WH-BLR-04,11,125,261,74,40.92,AED,2025-06-18 00:00:00,,True,ERP_MDM,2025-06-28 02:19:00,2026-08-05 02:59:59,BATCH_202506_RAW_SKU_SUPPLIER_POLICY_SCD
SUP-006,SKU-0053,WH-DEL-02,12,140,149,61,134.12,SGD,2025-01-01 00:00:00,2025-07-08 00:00:00,False,ERP_MDM,2025-01-01 02:32:00,2026-08-05 02:59:59,BATCH_202501_RAW_SKU_SUPPLIER_POLICY_SCD
SUP-006,SKU-0053,WH-DEL-02,15,120,277,87,145.28,SGD,2025-07-09T00:00:00+05:30,,True,ERP_MDM,2025-07-12 02:32:00,2026-08-05 02:59:59,BATCH_202507_RAW_SKU_SUPPLIER_POLICY_SCD
SUP-006,SKU-0053,WH-MUM-03,9,102,192,74,134.12,SGD,2025-01-01 00:00:00,2025-08-21 00:00:00,False,ERP_MDM,2025-01-01 01:58:00,2026-08-05 02:59:59,BATCH_202501_RAW_SKU_SUPPLIER_POLICY_SCD
SUP-006,SKU-0053,WH-MUM-03,16,209,279,65,149.83,SGD,2025-08-22 00:00:00,,True,ERP_MDM,2025-08-22 01:13:00,2026-08-05 02:59:59,BATCH_202508_RAW_SKU_SUPPLIER_POLICY_SCD
SUP-004,SKU-0053,WH-BLR-04,10,128,181,64,134.12,SGD,2025-01-01 00:00:00,2025-07-29 00:00:00,False,ERP_MDM,2025-01-01 02:41:00,2026-08-05 02:59:59,BATCH_202501_RAW_SKU_SUPPLIER_POLICY_SCD
SUP-004,SKU-0053,WH-BLR-04,13,166,299,109,141.26,SGD,2025-07-30 00:00:00,,True,ERP_MDM,2025-07-30 01:00:00,2026-08-05 02:59:59,BATCH_202507_RAW_SKU_SUPPLIER_POLICY_SCD
SUP-007,SKU-0054,WH-LKO-01,13,109,162,80,42.25,EUR,2025-01-01 00:00:00,2025-06-29 00:00:00,False,ERP_MDM,2025-01-01 02:23:00,2026-08-05 02:59:59,BATCH_202501_RAW_SKU_SUPPLIER_POLICY_SCD
SUP-007,SKU-0054,WH-LKO-01,9,199,270,110,45.57,EUR,2025-06-30 00:00:00,,True,ERP_MDM,2025-06-30 00:00:00,2026-08-05 02:59:59,BATCH_202506_RAW_SKU_SUPPLIER_POLICY_SCD
SUP-006,SKU-0054,WH-DEL-02,9,140,209,74,42.25,EUR,2025-01-01 00:00:00,2025-07-12 00:00:00,False,ERP_MDM,2025-01-01 02:00:00,2026-08-05 02:59:59,BATCH_202501_RAW_SKU_SUPPLIER_POLICY_SCD
SUP-006,SKU-0054,WH-DEL-02,13,208,278,88,45.97,EUR,2025-07-13 00:00:00,,True,ERP_MDM,2025-07-13 01:53:00,2026-08-05 02:59:59,BATCH_202507_RAW_SKU_SUPPLIER_POLICY_SCD
SUP-003,SKU-0054,WH-MUM-03,14,129,185,59,42.25,EUR,2025-01-01 00:00:00,2025-07-22 00:00:00,False,ERP_MDM,2025-01-01 00:03:00,2026-08-05 02:59:59,BATCH_202501_RAW_SKU_SUPPLIER_POLICY_SCD
SUP-003,SKU-0054,WH-MUM-03,15,128,251,75,46.43,EUR,2025-07-23 00:00:00,,True,ERP_MDM,2025-07-23 02:23:00,2026-08-05 02:59:59,BATCH_202507_RAW_SKU_SUPPLIER_POLICY_SCD
SUP-005,SKU-0054,WH-BLR-04,14,134,134,69,42.25,EUR,2025-01-01 00:00:00,2025-06-18 00:00:00,False,ERP_MDM,2025-01-01 01:43:00,2026-08-05 02:59:59,BATCH_202501_RAW_SKU_SUPPLIER_POLICY_SCD
SUP-005,SKU-0054,WH-BLR-04,18,209,241,72,47.77,EUR,2025-06-19 00:00:00,,True,ERP_MDM,2025-06-19 01:24:00,2026-08-05 02:59:59,BATCH_202506_RAW_SKU_SUPPLIER_POLICY_SCD
SUP-004,SKU-0055,WH-DEL-02,11,89,196,41,139.63,SGD,2025-01-01 00:00:00,2025-07-06 00:00:00,False,ERP_MDM,2025-01-01 02:30:00,2026-08-05 02:59:59,BATCH_202501_RAW_SKU_SUPPLIER_POLICY_SCD
SUP-004,SKU-0055,WH-DEL-02,15,162,260,109,153.96,SGD,2025-07-07 00:00:00,,True,ERP_MDM,2025-07-07 00:14:00,2026-08-05 02:59:59,BATCH_202507_RAW_SKU_SUPPLIER_POLICY_SCD
SUP-004,SKU-0055,WH-MUM-03,7,100,131,63,139.63,SGD,2025-01-01 00:00:00,2025-07-23 00:00:00,False,ERP_MDM,2025-01-01 02:14:00,2026-08-05 02:59:59,BATCH_202501_RAW_SKU_SUPPLIER_POLICY_SCD
SUP-004,SKU-0055,WH-MUM-03,18,178,217,94,159.23,SGD,2025-07-24 00:00:00,,True,ERP_MDM,2025-07-24 01:31:00,2026-08-05 02:59:59,BATCH_202507_RAW_SKU_SUPPLIER_POLICY_SCD
SUP-004,SKU-0055,WH-BLR-04,10,124,177,86,139.63,SGD,2025-01-01 00:00:00,2025-08-06 00:00:00,False,ERP_MDM,2025-01-01 00:04:00,2026-08-05 02:59:59,BATCH_202501_RAW_SKU_SUPPLIER_POLICY_SCD
SUP-004,SKU-0055,wh-blr-04,11,125,170,97,152.25,SGD,2025-08-07 00:00:00,,True,ERP_MDM,2025-08-07 02:26:00,2026-08-05 02:59:59,BATCH_202508_RAW_SKU_SUPPLIER_POLICY_SCD
SUP-001,SKU-0056,WH-LKO-01,14,111,145,59,51.22,SGD,2025-01-01 00:00:00,2025-07-06 00:00:00,False,ERP_MDM,2025-01-01 00:29:00,2026-08-05 02:59:59,BATCH_202501_RAW_SKU_SUPPLIER_POLICY_SCD
SUP-001,SKU-0056,WH-LKO-01,13,144,237,119,53.86,SGD,2025-07-07 00:00:00,,True,ERP_MDM,2025-07-29 00:54:00,2026-08-05 02:59:59,BATCH_202507_RAW_SKU_SUPPLIER_POLICY_SCD
SUP-001,SKU-0056,WH-DEL-02,8,102,193,78,51.22,SGD,2025-01-01 00:00:00,2025-06-26 00:00:00,False,ERP_MDM,2025-01-01 00:53:00,2026-08-05 02:59:59,BATCH_202501_RAW_SKU_SUPPLIER_POLICY_SCD
SUP-001,SKU-0056,WH-DEL-02,14,141,226,60,54.11,SGD,2025-06-27 00:00:00,,True,ERP_MDM,2025-06-27 01:18:00,2026-08-05 02:59:59,BATCH_202506_RAW_SKU_SUPPLIER_POLICY_SCD
SUP-003,SKU-0056,WH-MUM-03,12,85,217,82,51.22,SGD,2025-01-01 00:00:00,2025-08-05 00:00:00,False,ERP_MDM,2025-01-01 00:03:00,2026-08-05 02:59:59,BATCH_202501_RAW_SKU_SUPPLIER_POLICY_SCD
SUP-003,SKU-0056,WH-MUM-03,14,195,222,95,56.63,SGD,2025-08-06 00:00:00,,True,ERP_MDM,2025-08-06 00:29:00,2026-08-05 02:59:59,BATCH_202508_RAW_SKU_SUPPLIER_POLICY_SCD
sup-001,SKU-0056,WH-BLR-04,12,97,139,57,51.22,SGD,2025-01-01 00:00:00,2025-07-01 00:00:00,False,ERP_MDM,2025-01-01 01:38:00,2026-08-05 02:59:59,BATCH_202501_RAW_SKU_SUPPLIER_POLICY_SCD
SUP-001,SKU-0056,WH-BLR-04,15,166,164,66,57.78,SGD,2025-07-02 00:00:00,,True,ERP_MDM,2025-07-04 00:11:00,2026-08-05 02:59:59,BATCH_202507_RAW_SKU_SUPPLIER_POLICY_SCD
SUP-008,SKU-0057,WH-LKO-01,7,89,169,51,83.89,EUR,2025-01-01 00:00:00,2025-06-21 00:00:00,False,ERP_MDM,2025-01-01 02:03:00,2026-08-05 02:59:59,BATCH_202501_RAW_SKU_SUPPLIER_POLICY_SCD
SUP-008,SKU-0057,WH-LKO-01,12,125,243,120,89.5,EUR,2025-06-22 00:00:00,,True,ERP_MDM,2025-06-22 01:44:00,2026-08-05 02:59:59,BATCH_202506_RAW_SKU_SUPPLIER_POLICY_SCD
SUP-008,SKU-0057,WH-DEL-02,11,109,220,53,83.89,EUR,2025-01-01 00:00:00,2025-07-27 00:00:00,False,ERP_MDM,2025-01-01 02:24:00,2026-08-05 02:59:59,BATCH_202501_RAW_SKU_SUPPLIER_POLICY_SCD
SUP-008,SKU-0057,WH-DEL-02,18,180,214,118,93.14,EUR,2025-07-28 00:00:00,,True,ERP_MDM,2025-07-28 02:49:00,2026-08-05 02:59:59,BATCH_202507_RAW_SKU_SUPPLIER_POLICY_SCD
SUP-008,SKU-0057,WH-MUM-03,10,123,173,41,83.89,EUR,2025-01-01 00:00:00,2025-07-22 00:00:00,False,ERP_MDM,2025-01-01 00:48:00,2026-08-05 02:59:59,BATCH_202501_RAW_SKU_SUPPLIER_POLICY_SCD
SUP-008,SKU-0057,WH-MUM-03,11,144,244,64,91.53,EUR,2025-07-23 00:00:00,,True,ERP_MDM,2025-07-23 01:12:00,2026-08-05 02:59:59,BATCH_202507_RAW_SKU_SUPPLIER_POLICY_SCD
SUP-008,SKU-0057,WH-BLR-04,7,90,139,49,83.89,EUR,2025-01-01 00:00:00,2025-08-13 00:00:00,False,ERP_MDM,2025-01-01 02:22:00,2026-08-05 02:59:59,BATCH_202501_RAW_SKU_SUPPLIER_POLICY_SCD
SUP-008, SKU-0057 ,WH-BLR-04,15,189,276,74,91.74,EUR,2025-08-14 00:00:00,,True,ERP_MDM,2025-08-14 02:55:00,2026-08-05 02:59:59,BATCH_202508_RAW_SKU_SUPPLIER_POLICY_SCD
SUP-001,SKU-0058,WH-DEL-02,11,82,217,66,39.35,USD,2025-01-01 00:00:00,2025-07-07 00:00:00,False,ERP_MDM,2025-01-01 00:38:00,2026-08-05 02:59:59,BATCH_202501_RAW_SKU_SUPPLIER_POLICY_SCD
SUP-001,SKU-0058,WH-DEL-02,9,142,160,90,41.92,USD,2025-07-08 00:00:00,,True,ERP_MDM,2025-07-08 01:20:00,2026-08-05 02:59:59,BATCH_202507_RAW_SKU_SUPPLIER_POLICY_SCD
SUP-005,SKU-0058,WH-MUM-03,8,114,177,77,39.35,USD,2025-01-01 00:00:00,2025-08-29 00:00:00,False,ERP_MDM,2025-01-01 00:47:00,2026-08-05 02:59:59,BATCH_202501_RAW_SKU_SUPPLIER_POLICY_SCD
SUP-005,SKU-0058,WH-MUM-03,9,140,239,76,41.02,USD,2025-08-30 00:00:00,,True,ERP_MDM,2025-08-30 00:20:00,2026-08-05 02:59:59,BATCH_202508_RAW_SKU_SUPPLIER_POLICY_SCD
SUP-001,SKU-0058,WH-BLR-04,10,126,158,51,39.35,USD,2025-01-01 00:00:00,2025-08-11 00:00:00,False,ERP_MDM,2025-01-01 01:02:00,2026-08-05 02:59:59,BATCH_202501_RAW_SKU_SUPPLIER_POLICY_SCD
SUP-001,SKU-0058,WH-BLR-04,18,170,253,79,41.42,USD,2025-08-12 00:00:00,,True,ERP_MDM,2025-08-15 02:58:00,2026-08-05 02:59:59,BATCH_202508_RAW_SKU_SUPPLIER_POLICY_SCD
SUP-002,SKU-0059,WH-DEL-02,11,107,199,40,96.54,AED,2025-01-01 00:00:00,2025-07-16 00:00:00,False,ERP_MDM,2025-01-01 00:47:00,2026-08-05 02:59:59,BATCH_202501_RAW_SKU_SUPPLIER_POLICY_SCD
SUP-002,SKU-0059,WH-DEL-02,14,214,292,87,101.5,AED,2025-07-17 00:00:00,,True,ERP_MDM,2025-07-17 00:55:00,2026-08-05 02:59:59,BATCH_202507_RAW_SKU_SUPPLIER_POLICY_SCD
SUP-002,SKU-0059,WH-MUM-03,13,92,157,52,96.54,AED,2025-01-01 00:00:00,2025-07-20 00:00:00,False,ERP_MDM,2025-01-01 01:23:00,2026-08-05 02:59:59,BATCH_202501_RAW_SKU_SUPPLIER_POLICY_SCD
SUP-002,SKU-0059,WH-MUM-03,12,180,173,77,102.06,AED,2025-07-21 00:00:00,,True,ERP_MDM,2025-07-21 01:30:00,2026-08-05 02:59:59,BATCH_202507_RAW_SKU_SUPPLIER_POLICY_SCD
SUP-007,SKU-0060,WH-LKO-01,10,109,122,47,38.68,SGD,2025-01-01 00:00:00,2025-08-03 00:00:00,False,ERP_MDM,2025-01-01 00:53:00,2026-08-05 02:59:59,BATCH_202501_RAW_SKU_SUPPLIER_POLICY_SCD
SUP-007,SKU-0060,WH-LKO-01,14,171,204,115,43.89,SGD,2025-08-04 00:00:00,,True,ERP_MDM,2025-08-04 00:49:00,2026-08-05 02:59:59,BATCH_202508_RAW_SKU_SUPPLIER_POLICY_SCD
SUP-007,SKU-0060,WH-DEL-02,13,108,197,88,38.68,SGD,2025-01-01 00:00:00,2025-06-25 00:00:00,False,ERP_MDM,2025-01-06 02:03:00,2026-08-05 02:59:59,BATCH_202501_RAW_SKU_SUPPLIER_POLICY_SCD
SUP-007,SKU-0060,WH-DEL-02,9,157,278,98,41.57,SGD,2025-06-26T00:00:00+05:30,,True,ERP_MDM,2025-06-26 01:44:00,2026-08-05 02:59:59,BATCH_202506_RAW_SKU_SUPPLIER_POLICY_SCD
SUP-007,SKU-0060,WH-MUM-03,11,87,187,52,38.68,SGD,2025-01-01 00:00:00,2025-07-22 00:00:00,False,ERP_MDM,2025-01-01 01:44:00,2026-08-05 02:59:59,BATCH_202501_RAW_SKU_SUPPLIER_POLICY_SCD
SUP-007,SKU-0060,WH-MUM-03,10,203,235,75,42.82,SGD,2025-07-23 00:00:00,,True,ERP_MDM,2025-07-23 00:39:00,2026-08-05 02:59:59,BATCH_202507_RAW_SKU_SUPPLIER_POLICY_SCD
SUP-007,SKU-0060,WH-BLR-04,9,98,168,60,38.68,SGD,2025-01-01 00:00:00,2025-08-01 00:00:00,False,ERP_MDM,2025-01-01 01:07:00,2026-08-05 02:59:59,BATCH_202501_RAW_SKU_SUPPLIER_POLICY_SCD
SUP-007,SKU-0060,WH-BLR-04,11,165,194,88,43.7,SGD,02/08/2025,,True,ERP_MDM,2025-08-02 01:53:00,2026-08-05 02:59:59,BATCH_202508_RAW_SKU_SUPPLIER_POLICY_SCD
SUP-006,SKU-0061,WH-LKO-01,12,107,174,48,110.37,EUR,2025-01-01 00:00:00,2025-07-14 00:00:00,False,ERP_MDM,2025-01-01 01:13:00,2026-08-05 02:59:59,BATCH_202501_RAW_SKU_SUPPLIER_POLICY_SCD
SUP-006,SKU-0061,WH-LKO-01,18,172,175,65,122.29,EUR,2025-07-15 00:00:00,,True,ERP_MDM,2025-07-15 01:50:00,2026-08-05 02:59:59,BATCH_202507_RAW_SKU_SUPPLIER_POLICY_SCD
SUP-006,SKU-0061,WH-DEL-02,14,101,126,89,110.37,EUR,2025-01-01 00:00:00,2025-08-16 00:00:00,False,ERP_MDM,2025-01-01 01:18:00,2026-08-05 02:59:59,BATCH_202501_RAW_SKU_SUPPLIER_POLICY_SCD
SUP-006,SKU-0061,WH-DEL-02,16,201,285,112,124.33,EUR,2025-08-17 00:00:00,,True,ERP_MDM,2025-08-17 02:33:00,2026-08-05 02:59:59,BATCH_202508_RAW_SKU_SUPPLIER_POLICY_SCD
SUP-006,SKU-0061,WH-BLR-04,9,104,207,49,110.37,EUR,2025-01-01 00:00:00,2025-08-27 00:00:00,False,ERP_MDM,2025-01-01 00:43:00,2026-08-05 02:59:59,BATCH_202501_RAW_SKU_SUPPLIER_POLICY_SCD
SUP-006,SKU-0061,WH-BLR-04,18,194,263,81,122.3,EUR,2025-08-28 00:00:00,,True,ERP_MDM,2025-08-28 00:18:00,2026-08-05 02:59:59,BATCH_202508_RAW_SKU_SUPPLIER_POLICY_SCD
SUP-002,SKU-0062,WH-LKO-01,7,114,219,58,79.43,EUR,2025-01-01 00:00:00,2025-06-20 00:00:00,False,ERP_MDM,2025-01-01 01:23:00,2026-08-05 02:59:59,BATCH_202501_RAW_SKU_SUPPLIER_POLICY_SCD
SUP-002,SKU-0062,WH-LKO-01,14,217,198,111,86.55,EUR,2025-06-21 00:00:00,,True,ERP_MDM,2025-06-21 00:09:00,2026-08-05 02:59:59,BATCH_202506_RAW_SKU_SUPPLIER_POLICY_SCD
SUP-002,SKU-0062,WH-DEL-02,11,128,166,53,79.43,EUR,2025-01-01 00:00:00,2025-08-03 00:00:00,False,ERP_MDM,2025-01-01 02:28:00,2026-08-05 02:59:59,BATCH_202501_RAW_SKU_SUPPLIER_POLICY_SCD
SUP-002,SKU-0062,WH-DEL-02,13,191,290,96,85.39,EUR,2025-08-04 00:00:00,,True,ERP_MDM,2025-08-04 02:20:00,2026-08-05 02:59:59,BATCH_202508_RAW_SKU_SUPPLIER_POLICY_SCD
SUP-002,SKU-0062,WH-BLR-04,10,115,155,43,79.43,EUR,2025-01-01 00:00:00,2025-06-13 00:00:00,False,ERP_MDM,2025-01-01 02:07:00,2026-08-05 02:59:59,BATCH_202501_RAW_SKU_SUPPLIER_POLICY_SCD
SUP-002,SKU-0062,WH-BLR-04,13,183,223,112,90.46,EUR,2025-06-14 00:00:00,,True,ERP_MDM,2025-07-08 00:56:00,2026-08-05 02:59:59,BATCH_202506_RAW_SKU_SUPPLIER_POLICY_SCD
SUP-002,SKU-0063,WH-LKO-01,9,119,202,41,71.39,USD,2025-01-01 00:00:00,06-24-2025,False,ERP_MDM,2025-01-01 01:32:00,2026-08-05 02:59:59,BATCH_202501_RAW_SKU_SUPPLIER_POLICY_SCD
SUP-002,SKU-0063,WH-LKO-01,15,160,209,68,78.33,USD,2025-06-25 00:00:00,,True,ERP_MDM,2025-06-25 02:36:00,2026-08-05 02:59:59,BATCH_202506_RAW_SKU_SUPPLIER_POLICY_SCD
SUP-002,SKU-0063,WH-MUM-03,8,137,166,75,71.39,USD,2025-01-01 00:00:00,2025-07-25 00:00:00,False,ERP_MDM,2025-01-01 00:30:00,2026-08-05 02:59:59,BATCH_202501_RAW_SKU_SUPPLIER_POLICY_SCD
SUP-002,SKU-0063,WH-MUM-03,9,183,291,109,77.35,USD,2025-07-26 00:00:00,,True,ERP_MDM,2025-07-26 01:33:00,2026-08-05 02:59:59,BATCH_202507_RAW_SKU_SUPPLIER_POLICY_SCD
SUP-002,SKU-0063,WH-BLR-04,12,116,192,55,71.39,USD,2025-01-01 00:00:00,2025-08-13 00:00:00,False,ERP_MDM,2025-01-01 00:20:00,2026-08-05 02:59:59,BATCH_202501_RAW_SKU_SUPPLIER_POLICY_SCD
SUP-002, SKU-0063 ,WH-BLR-04,14,156,224,74,79.67,USD,2025-08-14 00:00:00,,True,ERP_MDM,2025-08-14 02:18:00,2026-08-05 02:59:59,BATCH_202508_RAW_SKU_SUPPLIER_POLICY_SCD
SUP-007,SKU-0064,WH-LKO-01,7,102,198,80,89.98,USD,2025-01-01 00:00:00,2025-07-30 00:00:00,False,ERP_MDM,2025-01-01 02:22:00,2026-08-05 02:59:59,BATCH_202501_RAW_SKU_SUPPLIER_POLICY_SCD
SUP-007,SKU-0064,WH-LKO-01,13,191,296,74,100.71,USD,2025-07-31 00:00:00,,True,ERP_MDM,2025-07-31 01:58:00,2026-08-05 02:59:59,BATCH_202507_RAW_SKU_SUPPLIER_POLICY_SCD
SUP-007,SKU-0064,WH-DEL-02,8,80,138,77,89.98,USD,2025-01-01 00:00:00,2025-08-02 00:00:00,False,ERP_MDM,2025-01-01 01:05:00,2026-08-05 02:59:59,BATCH_202501_RAW_SKU_SUPPLIER_POLICY_SCD
SUP-007,SKU-0064,WH-DEL-02,10,126,255,85,95.14,USD,2025-08-03 00:00:00,,True,ERP_MDM,2025-08-03 01:50:00,2026-08-05 02:59:59,BATCH_202508_RAW_SKU_SUPPLIER_POLICY_SCD
SUP-007,SKU-0064,WH-MUM-03,12,81,194,56,89.98,USD,2025-01-01 00:00:00,2025-08-19 00:00:00,False,ERP_MDM,2025-01-01 01:40:00,2026-08-05 02:59:59,BATCH_202501_RAW_SKU_SUPPLIER_POLICY_SCD
SUP-007,SKU-0064,WH-MUM-03,14,122,232,67,95.41,USD,2025-08-20 00:00:00,,True,ERP_MDM,2025-08-20 00:04:00,2026-08-05 02:59:59,BATCH_202508_RAW_SKU_SUPPLIER_POLICY_SCD
SUP-007,SKU-0064,WH-BLR-04,11,139,126,68,89.98,USD,2025-01-01 00:00:00,2025-06-14 00:00:00,False,ERP_MDM,2025-01-01 00:47:00,2026-08-05 02:59:59,BATCH_202501_RAW_SKU_SUPPLIER_POLICY_SCD
SUP-007,SKU-0064,WH-BLR-04,16,137,264,107,97.35,USD,2025-06-15 00:00:00,,True,ERP_MDM,2025-06-15 01:36:00,2026-08-05 02:59:59,BATCH_202506_RAW_SKU_SUPPLIER_POLICY_SCD
SUP-003,SKU-0065,WH-LKO-01,7,123,125,78,48.44,EUR,2025-01-01 00:00:00,2025-08-25 00:00:00,False,ERP_MDM,2025-01-01 00:19:00,2026-08-05 02:59:59,BATCH_202501_RAW_SKU_SUPPLIER_POLICY_SCD
SUP-003,SKU-0065,WH-LKO-01,11,211,236,61,55.41,EUR,2025-08-26 00:00:00,,True,ERP_MDM,2025-08-26 00:28:00,2026-08-05 02:59:59,BATCH_202508_RAW_SKU_SUPPLIER_POLICY_SCD
SUP-003,SKU-0065,WH-DEL-02,8,133,149,47,48.44,EUR,2025-01-01 00:00:00,2025-06-13 00:00:00,False,ERP_MDM,2025-01-01 00:42:00,2026-08-05 02:59:59,BATCH_202501_RAW_SKU_SUPPLIER_POLICY_SCD
SUP-003,SKU-0065,WH-DEL-02,14,218,247,97,52.33,EUR,2025-06-14 00:00:00,,True,ERP_MDM,2025-06-14 00:37:00,2026-08-05 02:59:59,BATCH_202506_RAW_SKU_SUPPLIER_POLICY_SCD
SUP-003,SKU-0065,WH-MUM-03,11,111,172,65,48.44,EUR,2025-01-01 00:00:00,2025-06-20 00:00:00,False,ERP_MDM,2025-01-01 01:27:00,2026-08-05 02:59:59,BATCH_202501_RAW_SKU_SUPPLIER_POLICY_SCD
SUP-003,SKU-0065,WH-MUM-03,15,176,287,104,52.55,EUR,45829,,True,ERP_MDM,2025-06-21 02:21:00,2026-08-05 02:59:59,BATCH_202506_RAW_SKU_SUPPLIER_POLICY_SCD
SUP-001,SKU-0066,WH-LKO-01,8,113,121,71,49.92,USD,2025-01-01 00:00:00,2025-06-28 00:00:00,False,ERP_MDM,2025-01-01 02:57:00,2026-08-05 02:59:59,BATCH_202501_RAW_SKU_SUPPLIER_POLICY_SCD
SUP-001,SKU-0066,WH-LKO-01,14,207,264,100,54.38,USD,2025-06-29 00:00:00,,True,ERP_MDM,2025-06-29 00:45:00,2026-08-05 02:59:59,BATCH_202506_RAW_SKU_SUPPLIER_POLICY_SCD
SUP-001,SKU-0066,WH-DEL-02,14,102,199,58,49.92,USD,2025-01-01 00:00:00,2025-07-17 00:00:00,False,ERP_MDM,2025-01-01 00:23:00,2026-08-05 02:59:59,BATCH_202501_RAW_SKU_SUPPLIER_POLICY_SCD
SUP-001,SKU-0066,WH-DEL-02,14,197,260,97,55.91,USD,2025-07-18 00:00:00,,True,ERP_MDM,2025-07-18 00:31:00,2026-08-05 02:59:59,BATCH_202507_RAW_SKU_SUPPLIER_POLICY_SCD
SUP-001,SKU-0066,WH-MUM-03,12,105,187,81,49.92,USD,2025-01-01 00:00:00,2025-07-09 00:00:00,False,ERP_MDM,2025-01-01 01:18:00,2026-08-05 02:59:59,BATCH_202501_RAW_SKU_SUPPLIER_POLICY_SCD
SUP-001,SKU-0066,WH-MUM-03,10,217,240,71,53.36,USD,2025-07-10 00:00:00,,True,ERP_MDM,2025-07-13 00:41:00,2026-08-05 02:59:59,BATCH_202507_RAW_SKU_SUPPLIER_POLICY_SCD
SUP-001,SKU-0066,WH-BLR-04,11,126,122,68,49.92,USD,2025-01-01 00:00:00,2025-08-13 00:00:00,False,ERP_MDM,2025-01-01 01:02:00,2026-08-05 02:59:59,BATCH_202501_RAW_SKU_SUPPLIER_POLICY_SCD
SUP-001,SKU-0066,WH-BLR-04,11,203,162,66,57.31,USD,2025-08-14 00:00:00,,True,ERP_MDM,2025-08-14 02:42:00,2026-08-05 02:59:59,BATCH_202508_RAW_SKU_SUPPLIER_POLICY_SCD
SUP-006,SKU-0067,WH-LKO-01,7,88,123,40,95.53,SGD,2025-01-01 00:00:00,2025-08-04 00:00:00,False,ERP_MDM,2025-01-01 01:39:00,2026-08-05 02:59:59,BATCH_202501_RAW_SKU_SUPPLIER_POLICY_SCD
SUP-006,SKU-0067,WH-LKO-01,14,129,217,82,99.54,SGD,2025-08-05 00:00:00,,True,ERP_MDM,2025-08-05 00:02:00,2026-08-05 02:59:59,BATCH_202508_RAW_SKU_SUPPLIER_POLICY_SCD
SUP-006,SKU-0067,WH-DEL-02,9,116,122,56,95.53,SGD,2025-01-01 00:00:00,2025-07-05 00:00:00,False,ERP_MDM,2025-01-01 02:57:00,2026-08-05 02:59:59,BATCH_202501_RAW_SKU_SUPPLIER_POLICY_SCD
SUP-006,SKU-0067,WH-DEL-02,10,219,300,110,99.91,SGD,2025-07-06 00:00:00,,True,ERP_MDM,2025-07-06 01:22:00,2026-08-05 02:59:59,BATCH_202507_RAW_SKU_SUPPLIER_POLICY_SCD
SUP-006,SKU-0067,WH-MUM-03,7,131,140,64,95.53,SGD,2025-01-01 00:00:00,1750012200,False,ERP_MDM,2025-01-01 00:32:00,2026-08-05 02:59:59,BATCH_202501_RAW_SKU_SUPPLIER_POLICY_SCD
SUP-006,SKU-0067,WH-MUM-03,18,128,182,114,100.58,SGD,2025-06-17 00:00:00,,True,ERP_MDM,2025-06-17 02:28:00,2026-08-05 02:59:59,BATCH_202506_RAW_SKU_SUPPLIER_POLICY_SCD
SUP-006,SKU-0067,WH-BLR-04,14,116,129,87,95.53,SGD,2025-01-01T00:00:00Z,2025-06-19 00:00:00,False,ERP_MDM,2025-01-01 02:20:00,2026-08-05 02:59:59,BATCH_202501_RAW_SKU_SUPPLIER_POLICY_SCD
SUP-006,SKU-0067,WH-BLR-04,13,121,167,69,108.74,SGD,2025-06-20 00:00:00,,True,ERP_MDM,2025-06-20 01:38:00,2026-08-05 02:59:59,BATCH_202506_RAW_SKU_SUPPLIER_POLICY_SCD
SUP-005,SKU-0068,WH-LKO-01,12,130,189,78,68.23,EUR,2025-01-01 00:00:00,2025-08-01 00:00:00,False,ERP_MDM,2025-01-02 01:55:00,2026-08-05 02:59:59,BATCH_202501_RAW_SKU_SUPPLIER_POLICY_SCD
SUP-005,SKU-0068,WH-LKO-01,15,199,288,120,73.55,EUR,2025-08-02 00:00:00,,True,ERP_MDM,2025-08-02 01:54:00,2026-08-05 02:59:59,BATCH_202508_RAW_SKU_SUPPLIER_POLICY_SCD
SUP-005,SKU-0068,WH-MUM-03,14,131,145,55,68.23,EUR,2025-01-01 00:00:00,2025-08-29 00:00:00,False,ERP_MDM,2025-01-01 01:47:00,2026-08-05 02:59:59,BATCH_202501_RAW_SKU_SUPPLIER_POLICY_SCD
SUP-005,SKU-0068,WH-MUM-03,12,193,289,71,73.52,EUR,2025-08-30 00:00:00,,True,ERP_MDM,2025-09-03 02:37:00,2026-08-05 02:59:59,BATCH_202508_RAW_SKU_SUPPLIER_POLICY_SCD
SUP-005,SKU-0068,WH-BLR-04,13,93,141,83,68.23,EUR,2025-01-01 00:00:00,2025-08-21 00:00:00,False,ERP_MDM,2025-01-01 02:23:00,2026-08-05 02:59:59,BATCH_202501_RAW_SKU_SUPPLIER_POLICY_SCD
SUP-005,SKU-0068,WH-BLR-04,16,163,184,94,75.57,EUR,2025-08-22 00:00:00,,True,ERP_MDM,2025-08-22 00:24:00,2026-08-05 02:59:59,BATCH_202508_RAW_SKU_SUPPLIER_POLICY_SCD
SUP-005,SKU-0069,WH-LKO-01,11,80,166,85,125.54,EUR,2025-01-01 00:00:00,2025-06-18 00:00:00,False,ERP_MDM,2025-01-01 02:56:00,2026-08-05 02:59:59,BATCH_202501_RAW_SKU_SUPPLIER_POLICY_SCD
SUP-005,SKU-0069,WH-LKO-01,12,156,257,66,133.11,EUR,2025-06-19 00:00:00,,True,ERP_MDM,2025-06-19 01:56:00,2026-08-05 02:59:59,BATCH_202506_RAW_SKU_SUPPLIER_POLICY_SCD
SUP-005,SKU-0069,WH-DEL-02,12,130,180,90,125.54,EUR,2025-01-01 00:00:00,2025-08-19T00:00:00Z,False,ERP_MDM,2025-01-01 00:49:00,2026-08-05 02:59:59,BATCH_202501_RAW_SKU_SUPPLIER_POLICY_SCD
SUP-005,SKU-0069,WH-DEL-02,9,173,204,93,131.39,EUR,2025-08-20 00:00:00,,True,ERP_MDM,2025-08-20 00:12:00,2026-08-05 02:59:59,BATCH_202508_RAW_SKU_SUPPLIER_POLICY_SCD
SUP-005,SKU-0069,WH-MUM-03,9,83,188,62,125.54,EUR,2025-01-01 00:00:00,2025-08-28 00:00:00,False,ERP_MDM,2025-01-01 00:51:00,2026-08-05 02:59:59,BATCH_202501_RAW_SKU_SUPPLIER_POLICY_SCD
SUP-005,SKU-0069,WH-MUM-03,17,215,275,68,142.24,EUR,2025-08-29 00:00:00,,True,ERP_MDM,2025-08-29 02:57:00,2026-08-05 02:59:59,BATCH_202508_RAW_SKU_SUPPLIER_POLICY_SCD
SUP-005,SKU-0069,WH-BLR-04,12,127,183,60,125.54,EUR,2025-01-01 00:00:00,2025-07-02 00:00:00,False,ERP_MDM,2025-01-01 02:01:00,2026-08-05 02:59:59,BATCH_202501_RAW_SKU_SUPPLIER_POLICY_SCD
SUP-005,SKU-0069,WH-BLR-04,14,130,289,67,138.75,EUR,2025-07-03 00:00:00,,True,ERP_MDM,2025-07-03 02:01:00,2026-08-05 02:59:59,BATCH_202507_RAW_SKU_SUPPLIER_POLICY_SCD
SUP-004,SKU-0070,WH-LKO-01,8,127,163,90,85.41,EUR,2025-01-01 00:00:00,2025-08-16T00:00:00+05:30,False,ERP_MDM,2025-01-01 00:13:00,2026-08-05 02:59:59,BATCH_202501_RAW_SKU_SUPPLIER_POLICY_SCD
SUP-004,SKU-0070,WH-LKO-01,15,178,260,90,97.83,EUR,2025-08-17 00:00:00,,True,ERP_MDM,2025-08-18 01:42:00,2026-08-05 02:59:59,BATCH_202508_RAW_SKU_SUPPLIER_POLICY_SCD
SUP-005,SKU-0070,WH-DEL-02,7,132,169,54,85.41,EUR,2025-01-01 00:00:00,2025-06-23 00:00:00,False,ERP_MDM,2025-01-01 00:16:00,2026-08-05 02:59:59,BATCH_202501_RAW_SKU_SUPPLIER_POLICY_SCD
SUP-005,SKU-0070,WH-DEL-02,9,189,249,86,95.18,EUR,2025-06-24 00:00:00,,True,ERP_MDM,2025-07-18 00:48:00,2026-08-05 02:59:59,BATCH_202506_RAW_SKU_SUPPLIER_POLICY_SCD
SUP-004,SKU-0070,WH-MUM-03,8,119,194,77,85.41,EUR,2025-01-01 00:00:00,2025-07-04 00:00:00,False,ERP_MDM,2025-01-01 00:16:00,2026-08-05 02:59:59,BATCH_202501_RAW_SKU_SUPPLIER_POLICY_SCD
SUP-004,SKU-0070,WH-MUM-03,16,217,246,62,97.5,EUR,2025-07-05 00:00:00,,True,ERP_MDM,2025-07-05 01:05:00,2026-08-05 02:59:59,BATCH_202507_RAW_SKU_SUPPLIER_POLICY_SCD
SUP-004,SKU-0070,WH-BLR-04,12,136,126,57,85.41,EUR,2025-01-01 00:00:00,2025-07-15 00:00:00,False,ERP_MDM,2025-01-01 02:31:00,2026-08-05 02:59:59,BATCH_202501_RAW_SKU_SUPPLIER_POLICY_SCD
SUP-004,SKU-0070,WH-BLR-04,16,134,233,106,91.73,EUR,2025-07-16 00:00:00,,True,ERP_MDM,2025-07-16 00:15:00,2026-08-05 02:59:59,BATCH_202507_RAW_SKU_SUPPLIER_POLICY_SCD
SUP-007,SKU-0071,WH-LKO-01,12,86,154,47,84.01,SGD,2025-01-01 00:00:00,2025-08-23 00:00:00,False,ERP_MDM,2025-01-01 02:08:00,2026-08-05 02:59:59,BATCH_202501_RAW_SKU_SUPPLIER_POLICY_SCD
SUP-007,SKU-0071,WH-LKO-01,12,162,265,95,94.59,SGD,2025-08-24 00:00:00,,True,ERP_MDM,2025-08-24 02:22:00,2026-08-05 02:59:59,BATCH_202508_RAW_SKU_SUPPLIER_POLICY_SCD
SUP-006,SKU-0071,WH-MUM-03,10,97,185,40,84.01,SGD,2025-01-01 00:00:00,2025-07-22 00:00:00,False,ERP_MDM,2025-01-01 00:41:00,2026-08-05 02:59:59,BATCH_202501_RAW_SKU_SUPPLIER_POLICY_SCD
SUP-006,SKU-0071,WH-MUM-03,10,148,212,91,92.33,SGD,2025-07-23 00:00:00,,True,ERP_MDM,2025-07-23 02:53:00,2026-08-05 02:59:59,BATCH_202507_RAW_SKU_SUPPLIER_POLICY_SCD
SUP-006,SKU-0071,WH-BLR-04,11,102,168,83,84.01,SGD,2025-01-01 00:00:00,2025-08-14 00:00:00,False,ERP_MDM,2025-01-01 02:33:00,2026-08-05 02:59:59,BATCH_202501_RAW_SKU_SUPPLIER_POLICY_SCD
SUP-006,SKU-0071,WH-BLR-04,9,146,185,65,94.46,SGD,2025-08-15 00:00:00,,True,ERP_MDM,2025-08-15 00:25:00,2026-08-05 02:59:59,BATCH_202508_RAW_SKU_SUPPLIER_POLICY_SCD
SUP-002,SKU-0072,WH-DEL-02,13,113,142,82,66.12,AED,2025-01-01 00:00:00,2025-06-17 00:00:00,False,ERP_MDM,2025-01-01 01:23:00,2026-08-05 02:59:59,BATCH_202501_RAW_SKU_SUPPLIER_POLICY_SCD
SUP-002,SKU-0072,WH-DEL-02,9,149,184,117,69.89,AED,2025-06-18 00:00:00,,True,ERP_MDM,2025-06-18 00:21:00,2026-08-05 02:59:59,BATCH_202506_RAW_SKU_SUPPLIER_POLICY_SCD
SUP-002,SKU-0072,WH-MUM-03,7,103,206,88,66.12,AED,1735669800,2025-07-16 00:00:00,False,ERP_MDM,2025-01-01 00:14:00,2026-08-05 02:59:59,BATCH_202501_RAW_SKU_SUPPLIER_POLICY_SCD
SUP-002,SKU-0072,WH-MUM-03,12,172,258,118,69.82,AED,2025-07-17 00:00:00,,True,ERP_MDM,2025-07-17 00:27:00,2026-08-05 02:59:59,BATCH_202507_RAW_SKU_SUPPLIER_POLICY_SCD
SUP-003,SKU-0073,WH-LKO-01,12,130,160,47,46.29,AED,2025-01-01 00:00:00,2025-07-19 00:00:00,False,ERP_MDM,2025-01-01 01:04:00,2026-08-05 02:59:59,BATCH_202501_RAW_SKU_SUPPLIER_POLICY_SCD
SUP-003,SKU-0073,WH-LKO-01,15,183,212,101,49.41,AED,2025-07-20 00:00:00,,True,ERP_MDM,2025-07-20 01:02:00,2026-08-05 02:59:59,BATCH_202507_RAW_SKU_SUPPLIER_POLICY_SCD
SUP-003,SKU-0073,WH-MUM-03,14,134,128,77,46.29,AED,2025-01-01 00:00:00,2025-08-20 00:00:00,False,ERP_MDM,2025-01-01 00:30:00,2026-08-05 02:59:59,BATCH_202501_RAW_SKU_SUPPLIER_POLICY_SCD
SUP-003,SKU-0073,WH-MUM-03,18,137,270,110,48.33,AED,2025-08-21T00:00:00+05:30,,True,ERP_MDM,2025-08-21 01:34:00,2026-08-05 02:59:59,BATCH_202508_RAW_SKU_SUPPLIER_POLICY_SCD
SUP-003,SKU-0073,WH-BLR-04,8,93,130,75,46.29,AED,2025-01-01 00:00:00,2025-08-13 00:00:00,False,ERP_MDM,2025-01-01 00:39:00,2026-08-05 02:59:59,BATCH_202501_RAW_SKU_SUPPLIER_POLICY_SCD
SUP-003,SKU-0073,wh-blr-04,10,208,263,62,51.6,AED,2025-08-14 00:00:00,,True,ERP_MDM,2025-08-14 00:39:00,2026-08-05 02:59:59,BATCH_202508_RAW_SKU_SUPPLIER_POLICY_SCD
SUP-005,SKU-0074,WH-LKO-01,11,110,155,55,32.33,USD,2025-01-01 00:00:00,2025-08-09 00:00:00,False,ERP_MDM,2025-01-01 01:45:00,2026-08-05 02:59:59,BATCH_202501_RAW_SKU_SUPPLIER_POLICY_SCD
SUP-005,SKU-0074,WH-LKO-01,16,218,185,90,35.71,USD,2025-08-10T00:00:00+05:30,,True,ERP_MDM,2025-08-10 01:22:00,2026-08-05 02:59:59,BATCH_202508_RAW_SKU_SUPPLIER_POLICY_SCD
SUP-005,SKU-0074,WH-DEL-02,11,136,163,81,32.33,USD,2025-01-01 00:00:00,2025-07-27 00:00:00,False,ERP_MDM,2025-01-01 01:10:00,2026-08-05 02:59:59,BATCH_202501_RAW_SKU_SUPPLIER_POLICY_SCD
SUP-005,SKU-0074,WH-DEL-02,17,183,294,100,37.07,USD,2025-07-28T00:00:00+05:30,,True,ERP_MDM,2025-07-28 02:48:00,2026-08-05 02:59:59,BATCH_202507_RAW_SKU_SUPPLIER_POLICY_SCD
SUP-005,SKU-0074,WH-MUM-03,8,122,194,80,32.33,USD,2025-01-01 00:00:00,2025-07-07 00:00:00,False,ERP_MDM,2025-01-01 02:15:00,2026-08-05 02:59:59,BATCH_202501_RAW_SKU_SUPPLIER_POLICY_SCD
SUP-005,SKU-0074,WH-MUM-03,11,178,296,76,36.49,USD,2025-07-08 00:00:00,,True,ERP_MDM,2025-07-08 00:41:00,2026-08-05 02:59:59,BATCH_202507_RAW_SKU_SUPPLIER_POLICY_SCD
SUP-005,SKU-0074,WH-BLR-04,9,107,146,54,32.33,USD,2025-01-01 00:00:00,2025-07-04 00:00:00,False,ERP_MDM,2025-01-01 01:49:00,2026-08-05 02:59:59,BATCH_202501_RAW_SKU_SUPPLIER_POLICY_SCD
SUP-005,SKU-0074,WH-BLR-04,11,178,206,117,33.88,USD,2025-07-05 00:00:00,,True,ERP_MDM,2025-07-05 02:03:00,2026-08-05 02:59:59,BATCH_202507_RAW_SKU_SUPPLIER_POLICY_SCD
SUP-004,SKU-0075,WH-LKO-01,8,81,167,83,63.26,AED,2025-01-01 00:00:00,2025-07-17 00:00:00,False,ERP_MDM,2025-01-01 01:14:00,2026-08-05 02:59:59,BATCH_202501_RAW_SKU_SUPPLIER_POLICY_SCD
SUP-004,SKU-0075,WH-LKO-01,10,132,174,70,70.54,AED,2025-07-18 00:00:00,,True,ERP_MDM,2025-07-18 00:21:00,2026-08-05 02:59:59,BATCH_202507_RAW_SKU_SUPPLIER_POLICY_SCD
SUP-006,SKU-0075,WH-DEL-02,10,99,152,87,63.26,AED,2025-01-01 00:00:00,2025-07-26 00:00:00,False,ERP_MDM,2025-01-01 02:32:00,2026-08-05 02:59:59,BATCH_202501_RAW_SKU_SUPPLIER_POLICY_SCD
SUP-006,SKU-0075,WH-DEL-02,11,160,186,83,65.83,AED,2025-07-27 00:00:00,,True,ERP_MDM,2025-07-27 01:50:00,2026-08-05 02:59:59,BATCH_202507_RAW_SKU_SUPPLIER_POLICY_SCD
SUP-006,SKU-0075,WH-MUM-03,13,117,184,65,63.26,AED,2025-01-01 00:00:00,2025-08-20 00:00:00,False,ERP_MDM,2025-01-01 00:13:00,2026-08-05 02:59:59,BATCH_202501_RAW_SKU_SUPPLIER_POLICY_SCD
SUP-006,SKU-0075,WH-MUM-03,10,155,178,75,68.51,AED,2025-08-21 00:00:00,,True,ERP_MDM,2025-08-21 00:02:00,2026-08-05 02:59:59,BATCH_202508_RAW_SKU_SUPPLIER_POLICY_SCD
SUP-006,SKU-0075,WH-BLR-04,10,88,217,90,63.26,AED,2025-01-01T00:00:00Z,2025-08-26 00:00:00,False,ERP_MDM,2025-01-01 00:06:00,2026-08-05 02:59:59,BATCH_202501_RAW_SKU_SUPPLIER_POLICY_SCD
SUP-006,SKU-0075,WH-BLR-04,17,154,211,115,67.25,AED,2025-08-27 00:00:00,,True,ERP_MDM,2025-08-27 01:56:00,2026-08-05 02:59:59,BATCH_202508_RAW_SKU_SUPPLIER_POLICY_SCD
SUP-005,SKU-0076,WH-LKO-01,13,82,174,42,105.35,EUR,2025-01-01 00:00:00,2025-07-12 00:00:00,False,ERP_MDM,2025-01-01 02:44:00,2026-08-05 02:59:59,BATCH_202501_RAW_SKU_SUPPLIER_POLICY_SCD
SUP-005,SKU-0076,WH-LKO-01,15,132,191,96,112.75,EUR,2025-07-13 00:00:00,,True,ERP_MDM,2025-07-13 02:13:00,2026-08-05 02:59:59,BATCH_202507_RAW_SKU_SUPPLIER_POLICY_SCD
SUP-005,SKU-0076,WH-DEL-02,13,91,196,54,105.35,EUR,2025-01-01 00:00:00,2025-07-28 00:00:00,False,ERP_MDM,2025-01-01 00:54:00,2026-08-05 02:59:59,BATCH_202501_RAW_SKU_SUPPLIER_POLICY_SCD
SUP-005,SKU-0076,WH-DEL-02,14,170,200,68,116.13,EUR,2025-07-29 00:00:00,,True,ERP_MDM,2025-07-29 00:54:00,2026-08-05 02:59:59,BATCH_202507_RAW_SKU_SUPPLIER_POLICY_SCD
SUP-005,SKU-0076,WH-MUM-03,14,82,200,83,105.35,EUR,2025-01-01 00:00:00,2025-08-21 00:00:00,False,ERP_MDM,2025-01-01 00:34:00,2026-08-05 02:59:59,BATCH_202501_RAW_SKU_SUPPLIER_POLICY_SCD
SUP-005,SKU-0076,WH-MUM-03,13,159,285,104,110.44,EUR,2025-08-22 00:00:00,,True,ERP_MDM,2025-08-22 00:01:00,2026-08-05 02:59:59,BATCH_202508_RAW_SKU_SUPPLIER_POLICY_SCD
SUP-003,SKU-0076,WH-BLR-04,11,102,207,52,105.35,EUR,2025-01-01 00:00:00,2025-07-21 00:00:00,False,ERP_MDM,2025-01-01 01:36:00,2026-08-05 02:59:59,BATCH_202501_RAW_SKU_SUPPLIER_POLICY_SCD
SUP-003,SKU-0076,WH-BLR-04,10,138,291,78,119.47,EUR,2025-07-22 00:00:00,,True,ERP_MDM,2025-07-22 00:10:00,2026-08-05 02:59:59,BATCH_202507_RAW_SKU_SUPPLIER_POLICY_SCD
SUP-007,SKU-0077,WH-LKO-01,10,96,131,73,58.93,USD,2025-01-01 00:00:00,2025-06-29 00:00:00,False,ERP_MDM,2025-01-01 01:43:00,2026-08-05 02:59:59,BATCH_202501_RAW_SKU_SUPPLIER_POLICY_SCD
SUP-007, SKU-0077 ,WH-LKO-01,17,209,184,66,65.31,USD,2025-06-30 00:00:00,,True,ERP_MDM,2025-06-30 00:31:00,2026-08-05 02:59:59,BATCH_202506_RAW_SKU_SUPPLIER_POLICY_SCD
sup-007,SKU-0077,WH-MUM-03,14,114,144,70,58.93,USD,2025-01-01 00:00:00,2025-06-23 00:00:00,False,ERP_MDM,2025-01-01 01:47:00,2026-08-05 02:59:59,BATCH_202501_RAW_SKU_SUPPLIER_POLICY_SCD
SUP-007,sku-0077,WH-MUM-03,10,137,226,85,64.77,USD,2025-06-24 00:00:00,,True,ERP_MDM,2025-06-24 01:35:00,2026-08-05 02:59:59,BATCH_202506_RAW_SKU_SUPPLIER_POLICY_SCD
SUP-007,SKU-0077,WH-BLR-04,14,107,148,41,58.93,USD,2025-01-01 00:00:00,2025-07-09 00:00:00,False,ERP_MDM,2025-01-01 00:49:00,2026-08-05 02:59:59,BATCH_202501_RAW_SKU_SUPPLIER_POLICY_SCD
SUP-007,SKU-0077,WH-BLR-04,18,151,269,69,65.52,USD,2025-07-10 00:00:00,,True,ERP_MDM,2025-07-10 00:08:00,2026-08-05 02:59:59,BATCH_202507_RAW_SKU_SUPPLIER_POLICY_SCD
SUP-002,SKU-0078,WH-DEL-02,8,115,132,62,111.15,USD,2025-01-01 00:00:00,2025-07-26 00:00:00,False,ERP_MDM,2025-01-01 01:33:00,2026-08-05 02:59:59,BATCH_202501_RAW_SKU_SUPPLIER_POLICY_SCD
SUP-002,SKU-0078,WH-DEL-02,13,188,185,66,120.96,USD,2025-07-27 00:00:00,,True,ERP_MDM,2025-07-27 01:47:00,2026-08-05 02:59:59,BATCH_202507_RAW_SKU_SUPPLIER_POLICY_SCD
SUP-008,SKU-0078,WH-MUM-03,7,84,150,51,111.15,USD,2025-01-01 00:00:00,2025-07-05 00:00:00,False,ERP_MDM,2025-01-01 00:08:00,2026-08-05 02:59:59,BATCH_202501_RAW_SKU_SUPPLIER_POLICY_SCD
SUP-008,SKU-0078,WH-MUM-03,13,212,281,110,127.59,USD,2025-07-06 00:00:00,,True,ERP_MDM,2025-07-06 02:36:00,2026-08-05 02:59:59,BATCH_202507_RAW_SKU_SUPPLIER_POLICY_SCD
SUP-006,SKU-0079,WH-LKO-01,12,131,206,62,64.6,AED,2025-01-01 00:00:00,2025-07-07 00:00:00,False,ERP_MDM,2025-01-01 00:03:00,2026-08-05 02:59:59,BATCH_202501_RAW_SKU_SUPPLIER_POLICY_SCD
SUP-006,SKU-0079,WH-LKO-01,14,152,269,89,67.85,AED,2025-07-08T00:00:00Z,,True,ERP_MDM,2025-07-08 00:10:00,2026-08-05 02:59:59,BATCH_202507_RAW_SKU_SUPPLIER_POLICY_SCD
SUP-006,SKU-0079,WH-DEL-02,12,96,200,58,64.6,AED,2025-01-01 00:00:00,2025-08-04 00:00:00,False,ERP_MDM,2025-01-01 00:07:00,2026-08-05 02:59:59,BATCH_202501_RAW_SKU_SUPPLIER_POLICY_SCD
SUP-006,SKU-0079,WH-DEL-02,16,155,180,101,72.78,AED,2025-08-05 00:00:00,,True,ERP_MDM,2025-08-05 00:28:00,2026-08-05 02:59:59,BATCH_202508_RAW_SKU_SUPPLIER_POLICY_SCD
SUP-006,SKU-0079,WH-MUM-03,14,133,152,90,64.6,AED,2025-01-01 00:00:00,2025-08-10 00:00:00,False,ERP_MDM,2025-01-01 00:16:00,2026-08-05 02:59:59,BATCH_202501_RAW_SKU_SUPPLIER_POLICY_SCD
SUP-006,SKU-0079,WH-MUM-03,17,213,276,72,70.08,AED,2025-08-11 00:00:00,,True,ERP_MDM,2025-08-11 02:31:00,2026-08-05 02:59:59,BATCH_202508_RAW_SKU_SUPPLIER_POLICY_SCD
SUP-006,SKU-0079,WH-BLR-04,7,106,124,90,64.6,AED,2025-01-01 00:00:00,2025-08-16 00:00:00,False,ERP_MDM,2025-01-01 03:00:00,2026-08-05 02:59:59,BATCH_202501_RAW_SKU_SUPPLIER_POLICY_SCD
SUP-006,SKU-0079,WH-BLR-04,13,218,300,87,73.25,AED,2025-08-17 00:00:00,,True,ERP_MDM,2025-08-17 02:00:00,2026-08-05 02:59:59,BATCH_202508_RAW_SKU_SUPPLIER_POLICY_SCD
SUP-008,SKU-0080,WH-LKO-01,14,80,162,64,130.74,USD,2025-01-01 00:00:00,2025-08-11 00:00:00,False,ERP_MDM,2025-01-01 01:01:00,2026-08-05 02:59:59,BATCH_202501_RAW_SKU_SUPPLIER_POLICY_SCD
SUP-008,SKU-0080,WH-LKO-01,18,218,297,120,148.21,USD,2025-08-12 00:00:00,,True,ERP_MDM,2025-08-12 01:51:00,2026-08-05 02:59:59,BATCH_202508_RAW_SKU_SUPPLIER_POLICY_SCD
SUP-008,SKU-0080,WH-DEL-02,12,106,152,43,130.74,USD,2025-01-01 00:00:00,2025-07-15 00:00:00,False,ERP_MDM,2025-01-01 01:28:00,2026-08-05 02:59:59,BATCH_202501_RAW_SKU_SUPPLIER_POLICY_SCD
SUP-008,SKU-0080,WH-DEL-02,16,194,280,88,142.88,USD,2025-07-16 00:00:00,,True,ERP_MDM,2025-07-16 01:35:00,2026-08-05 02:59:59,BATCH_202507_RAW_SKU_SUPPLIER_POLICY_SCD
SUP-008,SKU-0080,WH-BLR-04,14,86,200,90,130.74,USD,2025-01-01 00:00:00,2025-08-01 00:00:00,False,ERP_MDM,2025-01-01 01:54:00,2026-08-05 02:59:59,BATCH_202501_RAW_SKU_SUPPLIER_POLICY_SCD
SUP-008,SKU-0080,WH-BLR-04,9,172,171,83,140.13,USD,2025-08-02 00:00:00,,True,ERP_MDM,2025-08-02 00:07:00,2026-08-05 02:59:59,BATCH_202508_RAW_SKU_SUPPLIER_POLICY_SCD
SUP-008,SKU-0081,WH-LKO-01,10,92,194,79,102.41,EUR,2025-01-01 00:00:00,2025-08-21 00:00:00,False,ERP_MDM,2025-01-01 02:47:00,2026-08-05 02:59:59,BATCH_202501_RAW_SKU_SUPPLIER_POLICY_SCD
SUP-008,SKU-0081,WH-LKO-01,15,167,245,102,116.55,EUR,2025-08-22 00:00:00,,True,ERP_MDM,2025-08-22 02:37:00,2026-08-05 02:59:59,BATCH_202508_RAW_SKU_SUPPLIER_POLICY_SCD
SUP-008,SKU-0081, WH-DEL-02 ,12,104,196,61,102.41,EUR,2025-01-01 00:00:00,2025-07-02 00:00:00,False,ERP_MDM,2025-01-01 01:00:00,2026-08-05 02:59:59,BATCH_202501_RAW_SKU_SUPPLIER_POLICY_SCD
SUP-008,SKU-0081,WH-DEL-02,13,181,290,89,116.16,EUR,2025-07-03 00:00:00,,True,ERP_MDM,2025-07-03 02:19:00,2026-08-05 02:59:59,BATCH_202507_RAW_SKU_SUPPLIER_POLICY_SCD
SUP-007,SKU-0081,WH-MUM-03,11,108,143,77,102.41,EUR,2025-01-01 00:00:00,2025-08-04 00:00:00,False,ERP_MDM,2025-01-01 02:00:00,2026-08-05 02:59:59,BATCH_202501_RAW_SKU_SUPPLIER_POLICY_SCD
SUP-007,SKU-0081,WH-MUM-03,18,128,299,118,112.98,EUR,2025-08-05 00:00:00,,True,ERP_MDM,2025-08-05 02:03:00,2026-08-05 02:59:59,BATCH_202508_RAW_SKU_SUPPLIER_POLICY_SCD
SUP-008,SKU-0081,WH-BLR-04,7,133,176,74,102.41,EUR,2025-01-01 00:00:00,2025-07-30 00:00:00,False,ERP_MDM,2025-01-01 00:45:00,2026-08-05 02:59:59,BATCH_202501_RAW_SKU_SUPPLIER_POLICY_SCD
SUP-008,SKU-0081,WH-BLR-04,14,208,174,119,110.51,EUR,2025-07-31 00:00:00,,True,ERP_MDM,2025-07-31 01:57:00,2026-08-05 02:59:59,BATCH_202507_RAW_SKU_SUPPLIER_POLICY_SCD
SUP-001,SKU-0082,WH-DEL-02,11,125,218,83,35.47,AED,45658,2025-07-13 00:00:00,False,ERP_MDM,2025-01-01 02:23:00,2026-08-05 02:59:59,BATCH_202501_RAW_SKU_SUPPLIER_POLICY_SCD
SUP-001,SKU-0082,WH-DEL-02,11,216,293,99,40.38,AED,2025-07-14 00:00:00,,True,ERP_MDM,2025-07-14 00:23:00,2026-08-05 02:59:59,BATCH_202507_RAW_SKU_SUPPLIER_POLICY_SCD
SUP-001,SKU-0082,WH-MUM-03,13,88,200,64,35.47,AED,2025-01-01 00:00:00,2025-08-23 00:00:00,False,ERP_MDM,2025-01-01 02:20:00,2026-08-05 02:59:59,BATCH_202501_RAW_SKU_SUPPLIER_POLICY_SCD
SUP-001,SKU-0082,WH-MUM-03,16,168,265,65,38.12,AED,2025-08-24 00:00:00,,True,ERP_MDM,2025-08-24 01:54:00,2026-08-05 02:59:59,BATCH_202508_RAW_SKU_SUPPLIER_POLICY_SCD
SUP-001,SKU-0082,WH-BLR-04,7,124,203,66,35.47,AED,2025-01-01 00:00:00,2025-07-28 00:00:00,False,ERP_MDM,2025-01-01 00:47:00,2026-08-05 02:59:59,BATCH_202501_RAW_SKU_SUPPLIER_POLICY_SCD
SUP-001,SKU-0082,WH-BLR-04,12,160,161,82,40.24,AED,2025-07-29 00:00:00,,True,ERP_MDM,2025-07-29 02:07:00,2026-08-05 02:59:59,BATCH_202507_RAW_SKU_SUPPLIER_POLICY_SCD
SUP-006,SKU-0083,WH-LKO-01,12,111,194,51,121.92,USD,2025-01-01 00:00:00,2025-08-12 00:00:00,False,ERP_MDM,2025-01-01 02:38:00,2026-08-05 02:59:59,BATCH_202501_RAW_SKU_SUPPLIER_POLICY_SCD
SUP-006,SKU-0083,WH-LKO-01,16,158,242,112,129.88,USD,2025-08-13 00:00:00,,True,ERP_MDM,2025-08-13 00:37:00,2026-08-05 02:59:59,BATCH_202508_RAW_SKU_SUPPLIER_POLICY_SCD
SUP-006,SKU-0083,WH-DEL-02,9,113,180,52,121.92,USD,2025-01-01 00:00:00,2025-06-16 00:00:00,False,ERP_MDM,2025-01-01 02:13:00,2026-08-05 02:59:59,BATCH_202501_RAW_SKU_SUPPLIER_POLICY_SCD
SUP-006,SKU-0083,WH-DEL-02,13,170,162,115,132.49,USD,2025-06-17 00:00:00,,True,ERP_MDM,2025-06-17 02:43:00,2026-08-05 02:59:59,BATCH_202506_RAW_SKU_SUPPLIER_POLICY_SCD
SUP-006,SKU-0083,WH-MUM-03,14,97,219,45,121.92,USD,2025-01-01 00:00:00,2025-07-24T00:00:00+05:30,False,ERP_MDM,2025-01-01 00:06:00,2026-08-05 02:59:59,BATCH_202501_RAW_SKU_SUPPLIER_POLICY_SCD
SUP-006,SKU-0083,WH-MUM-03,14,120,249,110,138.63,USD,2025-07-25 00:00:00,,True,ERP_MDM,2025-07-25 00:22:00,2026-08-05 02:59:59,BATCH_202507_RAW_SKU_SUPPLIER_POLICY_SCD
SUP-004,SKU-0083,WH-BLR-04,10,134,176,81,121.92,USD,2025-01-01 00:00:00,2025-08-22 00:00:00,False,ERP_MDM,2025-01-01 01:48:00,2026-08-05 02:59:59,BATCH_202501_RAW_SKU_SUPPLIER_POLICY_SCD
SUP-004,SKU-0083,WH-BLR-04,17,134,275,69,133.31,USD,2025-08-23 00:00:00,,True,ERP_MDM,2025-08-23 01:41:00,2026-08-05 02:59:59,BATCH_202508_RAW_SKU_SUPPLIER_POLICY_SCD
SUP-008,SKU-0084,WH-LKO-01,14,105,213,90,21.58,USD,2025-01-01 00:00:00,2025-07-23 00:00:00,False,ERP_MDM,2025-01-01 01:52:00,2026-08-05 02:59:59,BATCH_202501_RAW_SKU_SUPPLIER_POLICY_SCD
SUP-008,SKU-0084,WH-LKO-01,14,193,294,69,23.55,USD,2025-07-24 00:00:00,,True,ERP_MDM,2025-07-24 01:31:00,2026-08-05 02:59:59,BATCH_202507_RAW_SKU_SUPPLIER_POLICY_SCD
SUP-008,SKU-0084,WH-MUM-03,14,104,161,88,21.58,USD,2025-01-01 00:00:00,2025-08-09 00:00:00,False,ERP_MDM,2025-01-01 01:22:00,2026-08-05 02:59:59,BATCH_202501_RAW_SKU_SUPPLIER_POLICY_SCD
SUP-008,SKU-0084,WH-MUM-03,13,180,166,81,24.31,USD,2025-08-10 00:00:00,,True,ERP_MDM,2025-08-10 00:25:00,2026-08-05 02:59:59,BATCH_202508_RAW_SKU_SUPPLIER_POLICY_SCD
SUP-005,SKU-0085,WH-LKO-01,7,127,185,47,72.64,SGD,2025-01-01 00:00:00,2025-06-29 00:00:00,False,ERP_MDM,2025-01-01 02:42:00,2026-08-05 02:59:59,BATCH_202501_RAW_SKU_SUPPLIER_POLICY_SCD
SUP-005,SKU-0085,WH-LKO-01,18,174,245,101,82.23,SGD,06-30-2025,,True,ERP_MDM,2025-06-30 00:31:00,2026-08-05 02:59:59,BATCH_202506_RAW_SKU_SUPPLIER_POLICY_SCD
SUP-005,SKU-0085,WH-DEL-02,10,128,195,48,72.64,SGD,2025-01-01 00:00:00,2025-06-13 00:00:00,False,ERP_MDM,2025-01-01 01:25:00,2026-08-05 02:59:59,BATCH_202501_RAW_SKU_SUPPLIER_POLICY_SCD
SUP-005,SKU-0085,WH-DEL-02,11,163,182,62,83.1,SGD,2025-06-14 00:00:00,,True,ERP_MDM,2025-06-14 02:06:00,2026-08-05 02:59:59,BATCH_202506_RAW_SKU_SUPPLIER_POLICY_SCD
SUP-005,SKU-0085,WH-MUM-03,14,125,215,71,72.64,SGD,2025-01-01 00:00:00,2025-07-14 00:00:00,False,ERP_MDM,2025-01-01 00:27:00,2026-08-05 02:59:59,BATCH_202501_RAW_SKU_SUPPLIER_POLICY_SCD
SUP-005,SKU-0085,WH-MUM-03,14,187,209,88,83.36,SGD,07-15-2025,,True,ERP_MDM,2025-07-18 02:45:00,2026-08-05 02:59:59,BATCH_202507_RAW_SKU_SUPPLIER_POLICY_SCD
SUP-005,SKU-0085,WH-BLR-04,9,132,129,63,72.64,SGD,2025-01-01 00:00:00,2025-06-17 00:00:00,False,ERP_MDM,2025-01-01 01:08:00,2026-08-05 02:59:59,BATCH_202501_RAW_SKU_SUPPLIER_POLICY_SCD
SUP-005,SKU-0085,WH-BLR-04,15,153,208,113,80.75,SGD,2025-06-18 00:00:00,,True,ERP_MDM,2025-06-18 01:34:00,2026-08-05 02:59:59,BATCH_202506_RAW_SKU_SUPPLIER_POLICY_SCD
SUP-002,SKU-0086,WH-LKO-01,8,102,186,77,94.85,AED,2025-01-01 00:00:00,2025-07-20 00:00:00,False,ERP_MDM,2025-01-01 02:28:00,2026-08-05 02:59:59,BATCH_202501_RAW_SKU_SUPPLIER_POLICY_SCD
SUP-002,SKU-0086,WH-LKO-01,10,216,239,80,107.04,AED,2025-07-21 00:00:00,,True,ERP_MDM,2025-07-21 00:25:00,2026-08-05 02:59:59,BATCH_202507_RAW_SKU_SUPPLIER_POLICY_SCD
SUP-005,SKU-0086,WH-DEL-02,13,113,211,66,94.85,AED,2025-01-01 00:00:00,2025-08-01 00:00:00,False,ERP_MDM,2025-01-02 01:59:00,2026-08-05 02:59:59,BATCH_202501_RAW_SKU_SUPPLIER_POLICY_SCD
SUP-005,SKU-0086,WH-DEL-02,11,173,235,88,101.71,AED,2025-08-02 00:00:00,,True,ERP_MDM,2025-08-02 02:47:00,2026-08-05 02:59:59,BATCH_202508_RAW_SKU_SUPPLIER_POLICY_SCD
SUP-002,SKU-0086,WH-MUM-03,7,98,157,49,94.85,AED,2025-01-01 00:00:00,2025-08-15 00:00:00,False,ERP_MDM,2025-01-01 00:33:00,2026-08-05 02:59:59,BATCH_202501_RAW_SKU_SUPPLIER_POLICY_SCD
SUP-002,SKU-0086,WH-MUM-03,11,134,202,83,105.79,AED,2025-08-16 00:00:00,,True,ERP_MDM,2025-08-16 02:49:00,2026-08-05 02:59:59,BATCH_202508_RAW_SKU_SUPPLIER_POLICY_SCD
SUP-007,SKU-0087,WH-LKO-01,11,129,133,70,128.38,USD,2025-01-01 00:00:00,2025-08-27 00:00:00,False,ERP_MDM,2025-01-01 02:30:00,2026-08-05 02:59:59,BATCH_202501_RAW_SKU_SUPPLIER_POLICY_SCD
SUP-007,SKU-0087,WH-LKO-01,16,206,256,108,141.58,USD,2025-08-28 00:00:00,,True,ERP_MDM,2025-08-28 01:11:00,2026-08-05 02:59:59,BATCH_202508_RAW_SKU_SUPPLIER_POLICY_SCD
SUP-008,sku-0087,WH-DEL-02,14,125,149,81,128.38,USD,2025-01-01T00:00:00+05:30,2025-08-26 00:00:00,False,ERP_MDM,2025-01-01 01:04:00,2026-08-05 02:59:59,BATCH_202501_RAW_SKU_SUPPLIER_POLICY_SCD
SUP-008,SKU-0087,WH-DEL-02,17,180,273,61,145.74,USD,2025-08-27 00:00:00,,True,ERP_MDM,2025-08-27 00:21:00,2026-08-05 02:59:59,BATCH_202508_RAW_SKU_SUPPLIER_POLICY_SCD
SUP-007,SKU-0087,WH-MUM-03,11,119,178,62,128.38,USD,2025-01-01 00:00:00,2025-07-21 00:00:00,False,ERP_MDM,2025-01-01 01:19:00,2026-08-05 02:59:59,BATCH_202501_RAW_SKU_SUPPLIER_POLICY_SCD
SUP-007,SKU-0087,WH-MUM-03,17,217,207,116,145.1,USD,2025-07-22T00:00:00+05:30,,True,ERP_MDM,2025-07-22 00:17:00,2026-08-05 02:59:59,BATCH_202507_RAW_SKU_SUPPLIER_POLICY_SCD
SUP-007,SKU-0087,WH-BLR-04,11,102,141,71,128.38,USD,2025-01-01 00:00:00,2025-08-12 00:00:00,False,ERP_MDM,2025-01-01 00:35:00,2026-08-05 02:59:59,BATCH_202501_RAW_SKU_SUPPLIER_POLICY_SCD
SUP-007,SKU-0087,WH-BLR-04,12,163,183,109,137.19,USD,2025-08-13 00:00:00,,True,ERP_MDM,2025-08-13 01:00:00,2026-08-05 02:59:59,BATCH_202508_RAW_SKU_SUPPLIER_POLICY_SCD
SUP-002,SKU-0088,WH-DEL-02,10,80,159,65,126.45,USD,2025-01-01 00:00:00,2025-08-15 00:00:00,False,ERP_MDM,2025-01-01 02:05:00,2026-08-05 02:59:59,BATCH_202501_RAW_SKU_SUPPLIER_POLICY_SCD
SUP-002,SKU-0088,WH-DEL-02,9,220,256,61,134.07,USD,2025-08-16 00:00:00,,True,ERP_MDM,2025-08-16 02:52:00,2026-08-05 02:59:59,BATCH_202508_RAW_SKU_SUPPLIER_POLICY_SCD
SUP-002,SKU-0088,WH-MUM-03,11,95,139,46,126.45,USD,2025-01-01 00:00:00,2025-06-19 00:00:00,False,ERP_MDM,2025-01-01 00:56:00,2026-08-05 02:59:59,BATCH_202501_RAW_SKU_SUPPLIER_POLICY_SCD
SUP-002,SKU-0088,WH-MUM-03,13,134,171,102,141.52,USD,2025-06-20 00:00:00,,True,ERP_MDM,2025-06-20 01:27:00,2026-08-05 02:59:59,BATCH_202506_RAW_SKU_SUPPLIER_POLICY_SCD
SUP-002,SKU-0088,WH-BLR-04,13,89,189,53,126.45,USD,2025-01-01 00:00:00,2025-08-23 00:00:00,False,ERP_MDM,2025-01-01 02:39:00,2026-08-05 02:59:59,BATCH_202501_RAW_SKU_SUPPLIER_POLICY_SCD
SUP-002,SKU-0088,WH-BLR-04,9,175,232,97,133.5,USD,2025-08-24 00:00:00,,True,ERP_MDM,2025-08-24 01:46:00,2026-08-05 02:59:59,BATCH_202508_RAW_SKU_SUPPLIER_POLICY_SCD
SUP-006,SKU-0089,WH-DEL-02,11,85,149,86,99.92,USD,2025-01-01 00:00:00,2025-07-14 00:00:00,False,ERP_MDM,2025-01-01 02:30:00,2026-08-05 02:59:59,BATCH_202501_RAW_SKU_SUPPLIER_POLICY_SCD
SUP-006,SKU-0089,WH-DEL-02,15,123,271,78,114.3,USD,2025-07-15 00:00:00,,True,ERP_MDM,2025-07-15 01:58:00,2026-08-05 02:59:59,BATCH_202507_RAW_SKU_SUPPLIER_POLICY_SCD
SUP-006, SKU-0089 ,WH-MUM-03,10,92,192,69,99.92,USD,2025-01-01 00:00:00,2025-07-26 00:00:00,False,ERP_MDM,2025-01-01 02:03:00,2026-08-05 02:59:59,BATCH_202501_RAW_SKU_SUPPLIER_POLICY_SCD
SUP-006,SKU-0089,WH-MUM-03,17,151,185,103,110.39,USD,2025-07-27 00:00:00,,True,ERP_MDM,2025-07-27 00:41:00,2026-08-05 02:59:59,BATCH_202507_RAW_SKU_SUPPLIER_POLICY_SCD
SUP-006,SKU-0089,WH-BLR-04,12,135,217,69,99.92,USD,2025-01-01 00:00:00,2025-08-12 00:00:00,False,ERP_MDM,2025-01-05 01:00:00,2026-08-05 02:59:59,BATCH_202501_RAW_SKU_SUPPLIER_POLICY_SCD
SUP-006,SKU-0089,WH-BLR-04,14,123,263,118,113.44,USD,2025-08-13 00:00:00,,True,ERP_MDM,2025-08-13 02:09:00,2026-08-05 02:59:59,BATCH_202508_RAW_SKU_SUPPLIER_POLICY_SCD
SUP-003,SKU-0090,WH-LKO-01,9,100,218,49,90.9,EUR,2025-01-01 00:00:00,2025-08-25 00:00:00,False,ERP_MDM,2025-01-04 01:22:00,2026-08-05 02:59:59,BATCH_202501_RAW_SKU_SUPPLIER_POLICY_SCD
SUP-003,SKU-0090,WH-LKO-01,11,190,222,99,100.72,EUR,2025-08-26 00:00:00,,True,ERP_MDM,2025-08-26 00:07:00,2026-08-05 02:59:59,BATCH_202508_RAW_SKU_SUPPLIER_POLICY_SCD
SUP-003,SKU-0090,WH-DEL-02,7,93,174,73,90.9,EUR,2025-01-01 00:00:00,2025-06-23 00:00:00,False,ERP_MDM,2025-01-01 00:18:00,2026-08-05 02:59:59,BATCH_202501_RAW_SKU_SUPPLIER_POLICY_SCD
SUP-003,SKU-0090,WH-DEL-02,9,155,281,112,101.14,EUR,2025-06-24 00:00:00,,True,ERP_MDM,2025-06-24 00:28:00,2026-08-05 02:59:59,BATCH_202506_RAW_SKU_SUPPLIER_POLICY_SCD
SUP-003,SKU-0090,WH-MUM-03,10,121,208,40,90.9,EUR,2025-01-01 00:00:00,2025-07-27 00:00:00,False,ERP_MDM,2025-01-01 01:43:00,2026-08-05 02:59:59,BATCH_202501_RAW_SKU_SUPPLIER_POLICY_SCD
SUP-003,SKU-0090,WH-MUM-03,17,219,160,85,101.04,EUR,2025-07-28 00:00:00,,True,ERP_MDM,2025-07-28 01:30:00,2026-08-05 02:59:59,BATCH_202507_RAW_SKU_SUPPLIER_POLICY_SCD
SUP-003,SKU-0090,WH-BLR-04,8,127,190,46,90.9,EUR,2025-01-01 00:00:00,2025-07-18 00:00:00,False,ERP_MDM,2025-01-01 02:14:00,2026-08-05 02:59:59,BATCH_202501_RAW_SKU_SUPPLIER_POLICY_SCD
SUP-003,SKU-0090,WH-BLR-04,13,130,297,91,100.46,EUR,2025-07-19 00:00:00,,True,ERP_MDM,2025-07-19 01:49:00,2026-08-05 02:59:59,BATCH_202507_RAW_SKU_SUPPLIER_POLICY_SCD
SUP-004,SKU-0091,WH-DEL-02,8,138,162,80,69.56,SGD,2025-01-01 00:00:00,2025-07-12 00:00:00,False,ERP_MDM,2025-01-01 02:53:00,2026-08-05 02:59:59,BATCH_202501_RAW_SKU_SUPPLIER_POLICY_SCD
SUP-004,SKU-0091,WH-DEL-02,9,199,286,102,79.3,SGD,2025-07-13 00:00:00,,True,ERP_MDM,2025-07-13 01:16:00,2026-08-05 02:59:59,BATCH_202507_RAW_SKU_SUPPLIER_POLICY_SCD
SUP-004,SKU-0091,WH-MUM-03,11,94,190,76,69.56,SGD,2025-01-01 00:00:00,2025-06-10 00:00:00,False,ERP_MDM,2025-01-01 02:06:00,2026-08-05 02:59:59,BATCH_202501_RAW_SKU_SUPPLIER_POLICY_SCD
SUP-004,SKU-0091,WH-MUM-03,14,145,244,80,75.55,SGD,2025-06-11 00:00:00,,True,ERP_MDM,2025-06-11 00:22:00,2026-08-05 02:59:59,BATCH_202506_RAW_SKU_SUPPLIER_POLICY_SCD
SUP-004,SKU-0091,WH-BLR-04,11,127,216,61,69.56,SGD,2025-01-01 00:00:00,2025-08-18 00:00:00,False,ERP_MDM,2025-01-01 02:52:00,2026-08-05 02:59:59,BATCH_202501_RAW_SKU_SUPPLIER_POLICY_SCD
SUP-004,SKU-0091,WH-BLR-04,18,169,182,110,72.38,SGD,2025-08-19 00:00:00,,True,ERP_MDM,2025-08-19 00:54:00,2026-08-05 02:59:59,BATCH_202508_RAW_SKU_SUPPLIER_POLICY_SCD
SUP-005,SKU-0092,WH-DEL-02,11,82,168,66,15.31,AED,2025-01-01 00:00:00,2025-08-23 00:00:00,False,ERP_MDM,2025-01-01 02:59:00,2026-08-05 02:59:59,BATCH_202501_RAW_SKU_SUPPLIER_POLICY_SCD
SUP-005,SKU-0092,WH-DEL-02,9,142,291,108,16.95,AED,2025-08-24 00:00:00,,True,ERP_MDM,2025-08-29 02:26:00,2026-08-05 02:59:59,BATCH_202508_RAW_SKU_SUPPLIER_POLICY_SCD
SUP-005,SKU-0092,WH-MUM-03,7,96,194,42,15.31,AED,2025-01-01 00:00:00,2025-07-24 00:00:00,False,ERP_MDM,2025-01-01 00:37:00,2026-08-05 02:59:59,BATCH_202501_RAW_SKU_SUPPLIER_POLICY_SCD
SUP-005,SKU-0092,WH-MUM-03,16,184,249,74,17.4,AED,2025-07-25 00:00:00,,True,ERP_MDM,2025-07-25 00:12:00,2026-08-05 02:59:59,BATCH_202507_RAW_SKU_SUPPLIER_POLICY_SCD
SUP-005,SKU-0092,WH-BLR-04,9,107,169,53,15.31,AED,2025-01-01 00:00:00,2025-08-03 00:00:00,False,ERP_MDM,2025-01-01 01:20:00,2026-08-05 02:59:59,BATCH_202501_RAW_SKU_SUPPLIER_POLICY_SCD
SUP-005,SKU-0092,WH-BLR-04,15,129,285,71,15.99,AED,2025-08-04 00:00:00,,True,ERP_MDM,2025-08-04 02:23:00,2026-08-05 02:59:59,BATCH_202508_RAW_SKU_SUPPLIER_POLICY_SCD
SUP-007,SKU-0093,WH-LKO-01,10,111,137,87,74.28,SGD,2025-01-01 00:00:00,2025-08-17 00:00:00,False,ERP_MDM,2025-01-01 00:00:00,2026-08-05 02:59:59,BATCH_202501_RAW_SKU_SUPPLIER_POLICY_SCD
SUP-007,SKU-0093,WH-LKO-01,18,129,200,98,78.73,SGD,2025-08-18 00:00:00,,True,ERP_MDM,2025-08-18 00:56:00,2026-08-05 02:59:59,BATCH_202508_RAW_SKU_SUPPLIER_POLICY_SCD
SUP-007,SKU-0093,WH-DEL-02,8,108,135,57,74.28,SGD,2025-01-01 00:00:00,28/07/2025,False,ERP_MDM,2025-01-01 01:20:00,2026-08-05 02:59:59,BATCH_202501_RAW_SKU_SUPPLIER_POLICY_SCD
SUP-007, SKU-0093 ,WH-DEL-02,12,153,184,83,84.45,SGD,2025-07-29 00:00:00,,True,ERP_MDM,2025-07-29 01:57:00,2026-08-05 02:59:59,BATCH_202507_RAW_SKU_SUPPLIER_POLICY_SCD
SUP-007,SKU-0093,WH-MUM-03,13,105,208,42,74.28,SGD,2025-01-01 00:00:00,2025-08-09 00:00:00,False,ERP_MDM,2025-01-01 02:34:00,2026-08-05 02:59:59,BATCH_202501_RAW_SKU_SUPPLIER_POLICY_SCD
SUP-007,SKU-0093,WH-MUM-03,13,202,235,80,78.88,SGD,2025-08-10T00:00:00Z,,True,ERP_MDM,2025-08-10 00:29:00,2026-08-05 02:59:59,BATCH_202508_RAW_SKU_SUPPLIER_POLICY_SCD
SUP-007,SKU-0093,WH-BLR-04,13,88,213,41,74.28,SGD,2025-01-01 00:00:00,2025-08-11 00:00:00,False,ERP_MDM,2025-01-01 02:23:00,2026-08-05 02:59:59,BATCH_202501_RAW_SKU_SUPPLIER_POLICY_SCD
SUP-007,SKU-0093,WH-BLR-04,9,130,218,94,80.92,SGD,2025-08-12 00:00:00,,True,ERP_MDM,2025-08-12 00:54:00,2026-08-05 02:59:59,BATCH_202508_RAW_SKU_SUPPLIER_POLICY_SCD
SUP-006,SKU-0094,WH-LKO-01,11,83,162,46,57.84,SGD,2025-01-01 00:00:00,2025-06-27 00:00:00,False,ERP_MDM,2025-01-01 00:57:00,2026-08-05 02:59:59,BATCH_202501_RAW_SKU_SUPPLIER_POLICY_SCD
SUP-006,SKU-0094,WH-LKO-01,13,179,160,99,61.15,SGD,2025-06-28 00:00:00,,True,ERP_MDM,2025-06-28 02:19:00,2026-08-05 02:59:59,BATCH_202506_RAW_SKU_SUPPLIER_POLICY_SCD
SUP-006,SKU-0094,WH-DEL-02,14,100,202,67,57.84,SGD,2025-01-01 00:00:00,2025-08-08 00:00:00,False,ERP_MDM,2025-01-03 02:23:00,2026-08-05 02:59:59,BATCH_202501_RAW_SKU_SUPPLIER_POLICY_SCD
SUP-006,SKU-0094,WH-DEL-02,16,189,282,68,64.62,SGD,2025-08-09 00:00:00,,True,ERP_MDM,2025-08-09 01:00:00,2026-08-05 02:59:59,BATCH_202508_RAW_SKU_SUPPLIER_POLICY_SCD
SUP-006,SKU-0094,WH-MUM-03,10,132,123,82,57.84,SGD,2025-01-01 00:00:00,2025-07-17 00:00:00,False,ERP_MDM,2025-01-01 01:12:00,2026-08-05 02:59:59,BATCH_202501_RAW_SKU_SUPPLIER_POLICY_SCD
SUP-006,SKU-0094,WH-MUM-03,15,165,194,95,62.93,SGD,2025-07-18 00:00:00,,True,ERP_MDM,2025-07-18 00:44:00,2026-08-05 02:59:59,BATCH_202507_RAW_SKU_SUPPLIER_POLICY_SCD
SUP-006,SKU-0094,WH-BLR-04,7,114,144,90,57.84,SGD,2025-01-01 00:00:00,2025-08-10 00:00:00,False,ERP_MDM,2025-01-01 01:01:00,2026-08-05 02:59:59,BATCH_202501_RAW_SKU_SUPPLIER_POLICY_SCD
SUP-006,SKU-0094,WH-BLR-04,13,128,230,87,60.96,SGD,2025-08-11 00:00:00,,True,ERP_MDM,2025-08-11 00:54:00,2026-08-05 02:59:59,BATCH_202508_RAW_SKU_SUPPLIER_POLICY_SCD
SUP-004,SKU-0095,WH-LKO-01,10,125,125,49,66.96,AED,2025-01-01 00:00:00,2025-06-10 00:00:00,False,ERP_MDM,2025-01-01 00:05:00,2026-08-05 02:59:59,BATCH_202501_RAW_SKU_SUPPLIER_POLICY_SCD
SUP-004,SKU-0095,WH-LKO-01,18,168,270,98,73.76,AED,2025-06-11 00:00:00,,True,ERP_MDM,2025-06-11 02:09:00,2026-08-05 02:59:59,BATCH_202506_RAW_SKU_SUPPLIER_POLICY_SCD
SUP-004,SKU-0095,WH-DEL-02,13,134,183,45,66.96,AED,2025-01-01 00:00:00,2025-07-16 00:00:00,False,ERP_MDM,2025-01-01 00:35:00,2026-08-05 02:59:59,BATCH_202501_RAW_SKU_SUPPLIER_POLICY_SCD
SUP-004,SKU-0095,WH-DEL-02,10,123,190,117,76.48,AED,2025-07-17 00:00:00,,True,ERP_MDM,2025-07-17 00:04:00,2026-08-05 02:59:59,BATCH_202507_RAW_SKU_SUPPLIER_POLICY_SCD
SUP-004,SKU-0095,WH-MUM-03,10,133,214,60,66.96,AED,2025-01-01 00:00:00,2025-07-29 00:00:00,False,ERP_MDM,2025-01-01 00:25:00,2026-08-05 02:59:59,BATCH_202501_RAW_SKU_SUPPLIER_POLICY_SCD
SUP-004,SKU-0095,WH-MUM-03,16,211,298,112,74.86,AED,2025-07-30 00:00:00,,True,ERP_MDM,2025-07-30 00:13:00,2026-08-05 02:59:59,BATCH_202507_RAW_SKU_SUPPLIER_POLICY_SCD
SUP-004,SKU-0095,WH-BLR-04,12,132,214,53,66.96,AED,2025-01-01 00:00:00,2025-06-28 00:00:00,False,ERP_MDM,2025-01-01 02:20:00,2026-08-05 02:59:59,BATCH_202501_RAW_SKU_SUPPLIER_POLICY_SCD
SUP-004,SKU-0095,WH-BLR-04,17,126,283,105,72.98,AED,2025-06-29 00:00:00,,True,ERP_MDM,2025-06-29 00:24:00,2026-08-05 02:59:59,BATCH_202506_RAW_SKU_SUPPLIER_POLICY_SCD
SUP-002,SKU-0096,WH-LKO-01,11,125,157,56,15.05,SGD,2025-01-01 00:00:00,2025-06-18 00:00:00,False,ERP_MDM,2025-01-01 02:46:00,2026-08-05 02:59:59,BATCH_202501_RAW_SKU_SUPPLIER_POLICY_SCD
SUP-002,SKU-0096,WH-LKO-01,14,144,298,83,16.03,SGD,2025-06-19 00:00:00,,True,ERP_MDM,2025-06-19 01:30:00,2026-08-05 02:59:59,BATCH_202506_RAW_SKU_SUPPLIER_POLICY_SCD
SUP-002,SKU-0096,WH-DEL-02,8,112,195,44,15.05,SGD,2025-01-01 00:00:00,2025-06-10 00:00:00,False,ERP_MDM,2025-01-01 02:57:00,2026-08-05 02:59:59,BATCH_202501_RAW_SKU_SUPPLIER_POLICY_SCD
SUP-002, SKU-0096 ,WH-DEL-02,18,203,234,88,16.79,SGD,2025-06-11 00:00:00,,True,ERP_MDM,2025-07-04 01:28:00,2026-08-05 02:59:59,BATCH_202506_RAW_SKU_SUPPLIER_POLICY_SCD
SUP-006,SKU-0096,WH-MUM-03,8,115,207,68,15.05,SGD,2025-01-01 00:00:00,2025-08-12 00:00:00,False,ERP_MDM,2025-01-01 00:07:00,2026-08-05 02:59:59,BATCH_202501_RAW_SKU_SUPPLIER_POLICY_SCD
SUP-006,SKU-0096,WH-MUM-03,11,203,189,98,17.23,SGD,2025-08-13 00:00:00,,True,ERP_MDM,2025-08-13 00:50:00,2026-08-05 02:59:59,BATCH_202508_RAW_SKU_SUPPLIER_POLICY_SCD
SUP-003,SKU-0096,WH-BLR-04,14,135,168,86,15.05,SGD,2025-01-01 00:00:00,2025-07-21 00:00:00,False,ERP_MDM,2025-01-01 01:29:00,2026-08-05 02:59:59,BATCH_202501_RAW_SKU_SUPPLIER_POLICY_SCD
SUP-003,SKU-0096,WH-BLR-04,12,161,201,78,15.94,SGD,2025-07-22T00:00:00+05:30,,True,ERP_MDM,2025-07-22 01:30:00,2026-08-05 02:59:59,BATCH_202507_RAW_SKU_SUPPLIER_POLICY_SCD
SUP-003,SKU-0097,WH-LKO-01,10,137,172,89,139.55,EUR,2025-01-01 00:00:00,2025-07-23 00:00:00,False,ERP_MDM,2025-01-01 00:50:00,2026-08-05 02:59:59,BATCH_202501_RAW_SKU_SUPPLIER_POLICY_SCD
SUP-003,SKU-0097,WH-LKO-01,17,160,244,65,153.81,EUR,2025-07-24 00:00:00,,True,ERP_MDM,2025-07-24 00:39:00,2026-08-05 02:59:59,BATCH_202507_RAW_SKU_SUPPLIER_POLICY_SCD
SUP-003,SKU-0097,WH-DEL-02,9,116,217,85,139.55,EUR,2025-01-01 00:00:00,2025-06-23 00:00:00,False,ERP_MDM,2025-01-01 02:01:00,2026-08-05 02:59:59,BATCH_202501_RAW_SKU_SUPPLIER_POLICY_SCD
SUP-003,SKU-0097,WH-DEL-02,10,143,198,99,149.77,EUR,2025-06-24 00:00:00,,True,ERP_MDM,2025-06-24 00:39:00,2026-08-05 02:59:59,BATCH_202506_RAW_SKU_SUPPLIER_POLICY_SCD
SUP-008, SKU-0097 ,WH-BLR-04,14,87,219,90,139.55,EUR,2025-01-01 00:00:00,2025-08-16 00:00:00,False,ERP_MDM,2025-01-01 00:28:00,2026-08-05 02:59:59,BATCH_202501_RAW_SKU_SUPPLIER_POLICY_SCD
SUP-008,SKU-0097,WH-BLR-04,9,154,266,119,153.1,EUR,2025-08-17 00:00:00,,True,ERP_MDM,2025-08-17 02:37:00,2026-08-05 02:59:59,BATCH_202508_RAW_SKU_SUPPLIER_POLICY_SCD
SUP-005,SKU-0098,WH-LKO-01,8,91,136,46,85.22,SGD,2025-01-01 00:00:00,2025-06-13 00:00:00,False,ERP_MDM,2025-01-01 00:39:00,2026-08-05 02:59:59,BATCH_202501_RAW_SKU_SUPPLIER_POLICY_SCD
SUP-005,SKU-0098,WH-LKO-01,16,125,293,102,90.99,SGD,2025-06-14 00:00:00,,True,ERP_MDM,2025-06-14 01:58:00,2026-08-05 02:59:59,BATCH_202506_RAW_SKU_SUPPLIER_POLICY_SCD
SUP-007,SKU-0098,WH-DEL-02,9,99,131,78,85.22,SGD,2025-01-01 00:00:00,2025-06-20 00:00:00,False,ERP_MDM,2025-01-01 02:18:00,2026-08-05 02:59:59,BATCH_202501_RAW_SKU_SUPPLIER_POLICY_SCD
SUP-007,SKU-0098,WH-DEL-02,14,181,162,119,97.52,SGD,2025-06-21 00:00:00,,True,ERP_MDM,2025-06-21 02:23:00,2026-08-05 02:59:59,BATCH_202506_RAW_SKU_SUPPLIER_POLICY_SCD
SUP-003,SKU-0098,WH-MUM-03,9,113,127,40,85.22,SGD,2025-01-01 00:00:00,2025-07-04 00:00:00,False,ERP_MDM,2025-01-01 01:43:00,2026-08-05 02:59:59,BATCH_202501_RAW_SKU_SUPPLIER_POLICY_SCD
SUP-003,SKU-0098,WH-MUM-03,9,206,262,75,91.93,SGD,2025-07-05 00:00:00,,True,ERP_MDM,2025-07-05 02:21:00,2026-08-05 02:59:59,BATCH_202507_RAW_SKU_SUPPLIER_POLICY_SCD
SUP-005,SKU-0098,WH-BLR-04,9,87,167,64,85.22,SGD,2025-01-01 00:00:00,2025-07-22 00:00:00,False,ERP_MDM,2025-01-01 01:10:00,2026-08-05 02:59:59,BATCH_202501_RAW_SKU_SUPPLIER_POLICY_SCD
SUP-005,SKU-0098,WH-BLR-04,10,169,254,61,97.24,SGD,2025-07-23 00:00:00,,True,ERP_MDM,2025-07-23 01:07:00,2026-08-05 02:59:59,BATCH_202507_RAW_SKU_SUPPLIER_POLICY_SCD
SUP-004,SKU-0099,WH-LKO-01,8,84,148,86,90.22,USD,2025-01-01 00:00:00,2025-06-30 00:00:00,False,ERP_MDM,2025-01-01 01:26:00,2026-08-05 02:59:59,BATCH_202501_RAW_SKU_SUPPLIER_POLICY_SCD
SUP-004,SKU-0099,WH-LKO-01,9,154,285,76,94.36,USD,2025-07-01 00:00:00,,True,ERP_MDM,2025-07-01 00:59:00,2026-08-05 02:59:59,BATCH_202507_RAW_SKU_SUPPLIER_POLICY_SCD
SUP-004,SKU-0099,WH-DEL-02,10,123,176,62,90.22,USD,2025-01-01 00:00:00,2025-07-28 00:00:00,False,ERP_MDM,2025-01-01 01:37:00,2026-08-05 02:59:59,BATCH_202501_RAW_SKU_SUPPLIER_POLICY_SCD
SUP-004,SKU-0099,WH-DEL-02,16,170,275,105,95.05,USD,2025-07-29 00:00:00,,True,ERP_MDM,2025-07-29 00:54:00,2026-08-05 02:59:59,BATCH_202507_RAW_SKU_SUPPLIER_POLICY_SCD
SUP-004,SKU-0099,WH-MUM-03,8,130,134,73,90.22,USD,2025-01-01 00:00:00,2025-06-15 00:00:00,False,ERP_MDM,2025-01-01 01:08:00,2026-08-05 02:59:59,BATCH_202501_RAW_SKU_SUPPLIER_POLICY_SCD
SUP-004,SKU-0099,WH-MUM-03,16,166,238,73,100.8,USD,2025-06-16 00:00:00,,True,ERP_MDM,2025-06-16 00:51:00,2026-08-05 02:59:59,BATCH_202506_RAW_SKU_SUPPLIER_POLICY_SCD
SUP-004,SKU-0099,WH-BLR-04,11,139,138,73,90.22,USD,2025-01-01 00:00:00,2025-06-23 00:00:00,False,ERP_MDM,2025-01-01 02:52:00,2026-08-05 02:59:59,BATCH_202501_RAW_SKU_SUPPLIER_POLICY_SCD
SUP-004,SKU-0099,WH-BLR-04,18,151,162,100,100.08,USD,2025-06-24 00:00:00,,True,ERP_MDM,2025-06-24 01:34:00,2026-08-05 02:59:59,BATCH_202506_RAW_SKU_SUPPLIER_POLICY_SCD
SUP-008,SKU-0100,WH-LKO-01,11,128,138,45,60.72,SGD,2025-01-01 00:00:00,2025-08-18 00:00:00,False,ERP_MDM,2025-01-01 01:17:00,2026-08-05 02:59:59,BATCH_202501_RAW_SKU_SUPPLIER_POLICY_SCD
SUP-008,SKU-0100,WH-LKO-01,12,196,195,71,69.35,SGD,2025-08-19 00:00:00,,True,ERP_MDM,2025-08-19 01:29:00,2026-08-05 02:59:59,BATCH_202508_RAW_SKU_SUPPLIER_POLICY_SCD
SUP-008,SKU-0100,WH-MUM-03,8,123,176,80,60.72,SGD,2025-01-01 00:00:00,2025-06-29 00:00:00,False,ERP_MDM,2025-01-01 00:59:00,2026-08-05 02:59:59,BATCH_202501_RAW_SKU_SUPPLIER_POLICY_SCD
SUP-008,SKU-0100,WH-MUM-03,10,178,169,102,68.99,SGD,06-30-2025,,True,ERP_MDM,2025-06-30 01:04:00,2026-08-05 02:59:59,BATCH_202506_RAW_SKU_SUPPLIER_POLICY_SCD
SUP-008,SKU-0100,WH-BLR-04,13,101,177,73,60.72,SGD,2025-01-01 00:00:00,2025-07-25 00:00:00,False,ERP_MDM,2025-01-01 02:02:00,2026-08-05 02:59:59,BATCH_202501_RAW_SKU_SUPPLIER_POLICY_SCD
SUP-008,SKU-0100,WH-BLR-04,18,184,187,105,64.44,SGD,2025-07-26 00:00:00,,True,ERP_MDM,2025-07-26 00:13:00,2026-08-05 02:59:59,BATCH_202507_RAW_SKU_SUPPLIER_POLICY_SCD
SUP-007,SKU-0101,WH-DEL-02,7,84,136,75,140.34,AED,2025-01-01 00:00:00,2025-08-01 00:00:00,False,ERP_MDM,2025-01-01 01:56:00,2026-08-05 02:59:59,BATCH_202501_RAW_SKU_SUPPLIER_POLICY_SCD
SUP-007,SKU-0101,WH-DEL-02,14,159,237,82,154.09,AED,2025-08-02 00:00:00,,True,ERP_MDM,2025-08-02 01:04:00,2026-08-05 02:59:59,BATCH_202508_RAW_SKU_SUPPLIER_POLICY_SCD
SUP-007,SKU-0101,WH-MUM-03,11,125,211,82,140.34,AED,2025-01-01 00:00:00,2025-08-19T00:00:00+05:30,False,ERP_MDM,2025-01-01 00:33:00,2026-08-05 02:59:59,BATCH_202501_RAW_SKU_SUPPLIER_POLICY_SCD
SUP-007,SKU-0101,WH-MUM-03,14,159,245,111,161.37,AED,2025-08-20 00:00:00,,True,ERP_MDM,2025-08-20 00:46:00,2026-08-05 02:59:59,BATCH_202508_RAW_SKU_SUPPLIER_POLICY_SCD
SUP-007,SKU-0101,WH-BLR-04,14,110,169,73,140.34,AED,2025-01-01 00:00:00,2025-07-03 00:00:00,False,ERP_MDM,2025-01-01 01:46:00,2026-08-05 02:59:59,BATCH_202501_RAW_SKU_SUPPLIER_POLICY_SCD
SUP-007,SKU-0101,WH-BLR-04,17,171,248,103,146.11,AED,2025-07-04 00:00:00,,True,ERP_MDM,2025-07-04 01:19:00,2026-08-05 02:59:59,BATCH_202507_RAW_SKU_SUPPLIER_POLICY_SCD
SUP-002,SKU-0102,WH-LKO-01,9,84,153,53,99.65,SGD,2025-01-01 00:00:00,2025-06-20 00:00:00,False,ERP_MDM,2025-01-01 02:01:00,2026-08-05 02:59:59,BATCH_202501_RAW_SKU_SUPPLIER_POLICY_SCD
SUP-002,SKU-0102,WH-LKO-01,15,192,282,67,110.25,SGD,2025-06-21 00:00:00,,True,ERP_MDM,2025-06-21 00:43:00,2026-08-05 02:59:59,BATCH_202506_RAW_SKU_SUPPLIER_POLICY_SCD
SUP-002,SKU-0102,WH-DEL-02,14,85,153,71,99.65,SGD,2025-01-01 00:00:00,2025-06-28 00:00:00,False,ERP_MDM,2025-01-04 01:20:00,2026-08-05 02:59:59,BATCH_202501_RAW_SKU_SUPPLIER_POLICY_SCD
SUP-002,SKU-0102,WH-DEL-02,11,176,227,95,104.91,SGD,2025-06-29 00:00:00,,True,ERP_MDM,2025-07-12 02:21:00,2026-08-05 02:59:59,BATCH_202506_RAW_SKU_SUPPLIER_POLICY_SCD
SUP-002,SKU-0102,WH-BLR-04,7,85,167,55,99.65,SGD,2025-01-01 00:00:00,2025-07-19 00:00:00,False,ERP_MDM,2025-01-01 02:09:00,2026-08-05 02:59:59,BATCH_202501_RAW_SKU_SUPPLIER_POLICY_SCD
SUP-002,SKU-0102,WH-BLR-04,18,160,203,67,106.3,SGD,2025-07-20 00:00:00,,True,ERP_MDM,2025-07-20 02:22:00,2026-08-05 02:59:59,BATCH_202507_RAW_SKU_SUPPLIER_POLICY_SCD
SUP-005,SKU-0103,WH-LKO-01,11,125,178,83,148.03,AED,2025-01-01 00:00:00,2025-06-16 00:00:00,False,ERP_MDM,2025-01-01 00:57:00,2026-08-05 02:59:59,BATCH_202501_RAW_SKU_SUPPLIER_POLICY_SCD
SUP-005,SKU-0103,WH-LKO-01,18,219,213,109,168.38,AED,2025-06-17 00:00:00,,True,ERP_MDM,2025-06-17 02:55:00,2026-08-05 02:59:59,BATCH_202506_RAW_SKU_SUPPLIER_POLICY_SCD
SUP-001,SKU-0103,WH-DEL-02,9,140,157,62,148.03,AED,2025-01-01 00:00:00,2025-06-29 00:00:00,False,ERP_MDM,2025-01-01 00:59:00,2026-08-05 02:59:59,BATCH_202501_RAW_SKU_SUPPLIER_POLICY_SCD
SUP-001,SKU-0103,WH-DEL-02,9,164,231,82,158.01,AED,2025-06-30 00:00:00,,True,ERP_MDM,2025-06-30 01:27:00,2026-08-05 02:59:59,BATCH_202506_RAW_SKU_SUPPLIER_POLICY_SCD
SUP-005,SKU-0103,WH-MUM-03,12,85,138,44,148.03,AED,2025-01-01 00:00:00,2025-07-30 00:00:00,False,ERP_MDM,2025-01-01 01:27:00,2026-08-05 02:59:59,BATCH_202501_RAW_SKU_SUPPLIER_POLICY_SCD
SUP-005,SKU-0103,WH-MUM-03,13,140,270,80,154.41,AED,2025-07-31 00:00:00,,True,ERP_MDM,2025-07-31 02:06:00,2026-08-05 02:59:59,BATCH_202507_RAW_SKU_SUPPLIER_POLICY_SCD
SUP-003,SKU-0104,WH-LKO-01,8,85,164,40,54.52,SGD,2025-01-01 00:00:00,2025-06-13 00:00:00,False,ERP_MDM,2025-01-01 02:00:00,2026-08-05 02:59:59,BATCH_202501_RAW_SKU_SUPPLIER_POLICY_SCD
SUP-003,SKU-0104,WH-LKO-01,18,205,213,79,61.8,SGD,2025-06-14 00:00:00,,True,ERP_MDM,2025-06-14 00:46:00,2026-08-05 02:59:59,BATCH_202506_RAW_SKU_SUPPLIER_POLICY_SCD
SUP-006,SKU-0104,WH-DEL-02,9,88,154,85,54.52,SGD,2025-01-01 00:00:00,2025-07-27 00:00:00,False,ERP_MDM,2025-01-01 00:17:00,2026-08-05 02:59:59,BATCH_202501_RAW_SKU_SUPPLIER_POLICY_SCD
SUP-006,SKU-0104,WH-DEL-02,9,120,215,86,60.93,SGD,2025-07-28 00:00:00,,True,ERP_MDM,2025-07-28 02:54:00,2026-08-05 02:59:59,BATCH_202507_RAW_SKU_SUPPLIER_POLICY_SCD
SUP-003,SKU-0104,WH-BLR-04,11,84,161,89,54.52,SGD,2025-01-01 00:00:00,2025-08-02 00:00:00,False,ERP_MDM,2025-01-01 03:00:00,2026-08-05 02:59:59,BATCH_202501_RAW_SKU_SUPPLIER_POLICY_SCD
SUP-003,SKU-0104,WH-BLR-04,12,120,214,114,57.24,SGD,2025-08-03 00:00:00,,True,ERP_MDM,2025-08-03 01:53:00,2026-08-05 02:59:59,BATCH_202508_RAW_SKU_SUPPLIER_POLICY_SCD
SUP-007,SKU-0105,WH-DEL-02,10,115,208,81,103.79,USD,2025-01-01 00:00:00,2025-08-23 00:00:00,False,ERP_MDM,2025-01-06 01:32:00,2026-08-05 02:59:59,BATCH_202501_RAW_SKU_SUPPLIER_POLICY_SCD
SUP-007,SKU-0105,WH-DEL-02,18,171,237,90,109.47,USD,2025-08-24 00:00:00,,True,ERP_MDM,2025-08-24 02:55:00,2026-08-05 02:59:59,BATCH_202508_RAW_SKU_SUPPLIER_POLICY_SCD
SUP-007,SKU-0105,WH-MUM-03,10,94,130,67,103.79,USD,2025-01-01 00:00:00,2025-06-11 00:00:00,False,ERP_MDM,2025-01-01 02:36:00,2026-08-05 02:59:59,BATCH_202501_RAW_SKU_SUPPLIER_POLICY_SCD
SUP-007,SKU-0105,WH-MUM-03,14,142,297,86,107.95,USD,2025-06-12 00:00:00,,True,ERP_MDM,2025-06-12 01:57:00,2026-08-05 02:59:59,BATCH_202506_RAW_SKU_SUPPLIER_POLICY_SCD
SUP-001,SKU-0106,WH-DEL-02,13,80,213,84,76.57,SGD,2025-01-01 00:00:00,45826,False,ERP_MDM,2025-01-01 01:57:00,2026-08-05 02:59:59,BATCH_202501_RAW_SKU_SUPPLIER_POLICY_SCD
SUP-001,SKU-0106,WH-DEL-02,13,213,298,63,81.21,SGD,1750271400,,True,ERP_MDM,2025-06-19 01:00:00,2026-08-05 02:59:59,BATCH_202506_RAW_SKU_SUPPLIER_POLICY_SCD
SUP-001,SKU-0106,WH-MUM-03,12,127,164,48,76.57,SGD,2025-01-01 00:00:00,2025-07-04 00:00:00,False,ERP_MDM,2025-01-01 01:01:00,2026-08-05 02:59:59,BATCH_202501_RAW_SKU_SUPPLIER_POLICY_SCD
SUP-001,SKU-0106,WH-MUM-03,10,214,171,70,85.56,SGD,2025-07-05 00:00:00,,True,ERP_MDM,2025-07-05 01:52:00,2026-08-05 02:59:59,BATCH_202507_RAW_SKU_SUPPLIER_POLICY_SCD
SUP-001,SKU-0106,WH-BLR-04,13,130,177,61,76.57,SGD,2025-01-01 00:00:00,2025-07-23 00:00:00,False,ERP_MDM,2025-01-01 01:29:00,2026-08-05 02:59:59,BATCH_202501_RAW_SKU_SUPPLIER_POLICY_SCD
SUP-001,SKU-0106,WH-BLR-04,18,129,199,103,83.88,SGD,2025-07-24 00:00:00,,True,ERP_MDM,2025-07-24 00:30:00,2026-08-05 02:59:59,BATCH_202507_RAW_SKU_SUPPLIER_POLICY_SCD
SUP-003,SKU-0107,WH-LKO-01,8,104,125,77,42.58,SGD,2025-01-01 00:00:00,2025-08-16 00:00:00,False,ERP_MDM,2025-01-01 02:58:00,2026-08-05 02:59:59,BATCH_202501_RAW_SKU_SUPPLIER_POLICY_SCD
SUP-003,SKU-0107,wh-lko-01,13,143,171,71,46.92,SGD,2025-08-17 00:00:00,,True,ERP_MDM,2025-08-17 01:21:00,2026-08-05 02:59:59,BATCH_202508_RAW_SKU_SUPPLIER_POLICY_SCD
SUP-005,SKU-0107, WH-DEL-02 ,11,100,215,57,42.58,SGD,2025-01-01 00:00:00,2025-08-23 00:00:00,False,ERP_MDM,2025-01-01 01:54:00,2026-08-05 02:59:59,BATCH_202501_RAW_SKU_SUPPLIER_POLICY_SCD
SUP-005,SKU-0107,WH-DEL-02,10,198,283,90,44.95,SGD,2025-08-24 00:00:00,,True,ERP_MDM,2025-08-24 02:47:00,2026-08-05 02:59:59,BATCH_202508_RAW_SKU_SUPPLIER_POLICY_SCD
SUP-005,SKU-0107,WH-MUM-03,11,92,136,74,42.58,SGD,2025-01-01 00:00:00,2025-07-17 00:00:00,False,ERP_MDM,2025-01-01 01:11:00,2026-08-05 02:59:59,BATCH_202501_RAW_SKU_SUPPLIER_POLICY_SCD
SUP-005,SKU-0107,WH-MUM-03,12,167,251,83,45.71,SGD,2025-07-18 00:00:00,,True,ERP_MDM,2025-07-18 02:36:00,2026-08-05 02:59:59,BATCH_202507_RAW_SKU_SUPPLIER_POLICY_SCD
SUP-005,SKU-0107,WH-BLR-04,12,93,163,53,42.58,SGD,2025-01-01 00:00:00,2025-06-11T00:00:00+05:30,False,ERP_MDM,2025-01-01 02:35:00,2026-08-05 02:59:59,BATCH_202501_RAW_SKU_SUPPLIER_POLICY_SCD
SUP-005,SKU-0107,WH-BLR-04,14,123,283,95,48.1,SGD,2025-06-12 00:00:00,,True,ERP_MDM,2025-06-12 00:08:00,2026-08-05 02:59:59,BATCH_202506_RAW_SKU_SUPPLIER_POLICY_SCD
SUP-007,SKU-0108,WH-DEL-02,14,111,146,84,62.49,AED,2025-01-01 00:00:00,2025-08-14 00:00:00,False,ERP_MDM,2025-01-01 00:56:00,2026-08-05 02:59:59,BATCH_202501_RAW_SKU_SUPPLIER_POLICY_SCD
SUP-007,SKU-0108,WH-DEL-02,11,146,252,82,70.06,AED,2025-08-15 00:00:00,,True,ERP_MDM,2025-08-15 00:11:00,2026-08-05 02:59:59,BATCH_202508_RAW_SKU_SUPPLIER_POLICY_SCD
SUP-007,SKU-0108,WH-MUM-03,10,103,137,69,62.49,AED,2025-01-01 00:00:00,2025-08-23 00:00:00,False,ERP_MDM,2025-01-01 01:58:00,2026-08-05 02:59:59,BATCH_202501_RAW_SKU_SUPPLIER_POLICY_SCD
N/A,SKU-0108,WH-MUM-03,9,152,241,103,65.55,AED,2025-08-24 00:00:00,,True,ERP_MDM,2025-08-24 00:02:00,2026-08-05 02:59:59,BATCH_202508_RAW_SKU_SUPPLIER_POLICY_SCD
SUP-007,SKU-0108,WH-BLR-04,7,80,168,65,62.49,AED,2025-01-01 00:00:00,2025-08-14 00:00:00,False,ERP_MDM,2025-01-01 01:59:00,2026-08-05 02:59:59,BATCH_202501_RAW_SKU_SUPPLIER_POLICY_SCD
SUP-007,SKU-0108,WH-BLR-04,13,168,181,82,65.57,AED,2025-08-15 00:00:00,,True,ERP_MDM,2025-09-05 01:51:00,2026-08-05 02:59:59,BATCH_202508_RAW_SKU_SUPPLIER_POLICY_SCD
SUP-007,SKU-0109,WH-LKO-01,10,103,204,70,31.5,SGD,2025-01-01 00:00:00,2025-08-21 00:00:00,False,ERP_MDM,2025-01-25 00:42:00,2026-08-05 02:59:59,BATCH_202501_RAW_SKU_SUPPLIER_POLICY_SCD
SUP-007,SKU-0109,WH-LKO-01,12,160,222,99,34.81,SGD,2025-08-22 00:00:00,,True,ERP_MDM,2025-08-22 02:51:00,2026-08-05 02:59:59,BATCH_202508_RAW_SKU_SUPPLIER_POLICY_SCD
SUP-007,SKU-0109,WH-MUM-03,8,124,128,76,31.5,SGD,2025-01-01 00:00:00,2025-08-19 00:00:00,False,ERP_MDM,2025-01-04 02:43:00,2026-08-05 02:59:59,BATCH_202501_RAW_SKU_SUPPLIER_POLICY_SCD
SUP-007,SKU-0109,WH-MUM-03,18,196,219,76,35.81,SGD,2025-08-20 00:00:00,,True,ERP_MDM,2025-08-20 02:23:00,2026-08-05 02:59:59,BATCH_202508_RAW_SKU_SUPPLIER_POLICY_SCD
SUP-002,SKU-0110,WH-LKO-01,13,114,200,57,77.77,AED,2025-01-01 00:00:00,2025-08-09 00:00:00,False,ERP_MDM,2025-01-01 00:26:00,2026-08-05 02:59:59,BATCH_202501_RAW_SKU_SUPPLIER_POLICY_SCD
SUP-002,SKU-0110,WH-LKO-01,17,203,299,86,83.11,AED,2025-08-10 00:00:00,,True,ERP_MDM,2025-08-10 02:49:00,2026-08-05 02:59:59,BATCH_202508_RAW_SKU_SUPPLIER_POLICY_SCD
SUP-002,SKU-0110,WH-DEL-02,9,97,189,70,77.77,AED,2025-01-01 00:00:00,2025-07-19 00:00:00,False,ERP_MDM,2025-01-01 01:59:00,2026-08-05 02:59:59,BATCH_202501_RAW_SKU_SUPPLIER_POLICY_SCD
SUP-002,SKU-0110,WH-DEL-02,9,174,250,79,85.73,AED,2025-07-20 00:00:00,,True,ERP_MDM,2025-07-20 00:22:00,2026-08-05 02:59:59,BATCH_202507_RAW_SKU_SUPPLIER_POLICY_SCD
SUP-002,SKU-0110,WH-MUM-03,13,81,153,62,77.77,AED,2025-01-01 00:00:00,2025-07-26 00:00:00,False,ERP_MDM,2025-01-01 00:16:00,2026-08-05 02:59:59,BATCH_202501_RAW_SKU_SUPPLIER_POLICY_SCD
SUP-002,SKU-0110,WH-MUM-03,12,200,173,108,84.99,AED,2025-07-27 00:00:00,,True,ERP_MDM,2025-07-27 00:23:00,2026-08-05 02:59:59,BATCH_202507_RAW_SKU_SUPPLIER_POLICY_SCD
SUP-007,SKU-0110,WH-BLR-04,10,111,147,46,77.77,AED,2025-01-01 00:00:00,2025-07-26 00:00:00,False,ERP_MDM,2025-01-03 00:25:00,2026-08-05 02:59:59,BATCH_202501_RAW_SKU_SUPPLIER_POLICY_SCD
SUP-007,SKU-0110,WH-BLR-04,10,178,271,72,85.69,AED,2025-07-27 00:00:00,,True,ERP_MDM,2025-07-27 02:52:00,2026-08-05 02:59:59,BATCH_202507_RAW_SKU_SUPPLIER_POLICY_SCD
SUP-001,SKU-0111,WH-LKO-01,14,124,144,57,41.36,EUR,2025-01-01 00:00:00,2025-07-10 00:00:00,False,ERP_MDM,2025-01-01 02:48:00,2026-08-05 02:59:59,BATCH_202501_RAW_SKU_SUPPLIER_POLICY_SCD
SUP-001,SKU-0111,WH-LKO-01,10,174,253,63,46.03,EUR,2025-07-11 00:00:00,,True,ERP_MDM,2025-07-11 02:52:00,2026-08-05 02:59:59,BATCH_202507_RAW_SKU_SUPPLIER_POLICY_SCD
SUP-003,SKU-0111,WH-DEL-02,13,92,168,58,41.36,EUR,2025-01-01 00:00:00,2025-08-22 00:00:00,False,ERP_MDM,2025-01-01 01:07:00,2026-08-05 02:59:59,BATCH_202501_RAW_SKU_SUPPLIER_POLICY_SCD
SUP-003,SKU-0111,WH-DEL-02,9,206,161,100,46.46,EUR,2025-08-23 00:00:00,,True,ERP_MDM,2025-08-23 02:02:00,2026-08-05 02:59:59,BATCH_202508_RAW_SKU_SUPPLIER_POLICY_SCD
SUP-001,SKU-0111,WH-MUM-03,12,80,185,46,41.36,EUR,2025-01-01 00:00:00,2025-07-29 00:00:00,False,ERP_MDM,2025-01-01 01:57:00,2026-08-05 02:59:59,BATCH_202501_RAW_SKU_SUPPLIER_POLICY_SCD
SUP-001,SKU-0111,WH-MUM-03,14,139,200,88,43.12,EUR,2025-07-30 00:00:00,,True,ERP_MDM,2025-07-30 02:36:00,2026-08-05 02:59:59,BATCH_202507_RAW_SKU_SUPPLIER_POLICY_SCD
SUP-002,SKU-0111,WH-BLR-04,12,102,158,81,41.36,EUR,2025-01-01 00:00:00,2025-08-15 00:00:00,False,ERP_MDM,2025-01-01 00:38:00,2026-08-05 02:59:59,BATCH_202501_RAW_SKU_SUPPLIER_POLICY_SCD
SUP-002,SKU-0111,WH-BLR-04,12,167,219,64,43.1,EUR,2025-08-16 00:00:00,,True,ERP_MDM,2025-08-16 02:24:00,2026-08-05 02:59:59,BATCH_202508_RAW_SKU_SUPPLIER_POLICY_SCD
SUP-005,SKU-0112,WH-LKO-01,9,102,187,41,41.15,EUR,2025-01-01 00:00:00,2025-08-11 00:00:00,False,ERP_MDM,2025-01-01 02:00:00,2026-08-05 02:59:59,BATCH_202501_RAW_SKU_SUPPLIER_POLICY_SCD
SUP-005,SKU-0112,WH-LKO-01,9,191,228,74,44.36,EUR,2025-08-12 00:00:00,,True,ERP_MDM,2025-08-12 00:29:00,2026-08-05 02:59:59,BATCH_202508_RAW_SKU_SUPPLIER_POLICY_SCD
SUP-005,SKU-0112,WH-DEL-02,7,120,143,59,41.15,EUR,2025-01-01 00:00:00,2025-06-21 00:00:00,False,ERP_MDM,2025-01-01 02:53:00,2026-08-05 02:59:59,BATCH_202501_RAW_SKU_SUPPLIER_POLICY_SCD
SUP-005,SKU-0112,WH-DEL-02,13,214,257,113,44.91,EUR,2025-06-22 00:00:00,,True,ERP_MDM,2025-06-22 00:23:00,2026-08-05 02:59:59,BATCH_202506_RAW_SKU_SUPPLIER_POLICY_SCD
SUP-005,SKU-0112,WH-BLR-04,10,139,146,61,41.15,EUR,2025-01-01 00:00:00,2025-08-11 00:00:00,False,ERP_MDM,2025-01-01 02:24:00,2026-08-05 02:59:59,BATCH_202501_RAW_SKU_SUPPLIER_POLICY_SCD
SUP-005,SKU-0112,WH-BLR-04,11,131,283,113,45.59,EUR,2025-08-12 00:00:00,,True,ERP_MDM,2025-08-14 01:40:00,2026-08-05 02:59:59,BATCH_202508_RAW_SKU_SUPPLIER_POLICY_SCD
SUP-001,SKU-0113,WH-LKO-01,10,84,197,69,71.37,SGD,2025-01-01 00:00:00,2025-06-11 00:00:00,False,ERP_MDM,2025-01-01 00:24:00,2026-08-05 02:59:59,BATCH_202501_RAW_SKU_SUPPLIER_POLICY_SCD
SUP-001,SKU-0113,WH-LKO-01,14,197,220,114,74.91,SGD,2025-06-12 00:00:00,,True,ERP_MDM,2025-06-12 02:24:00,2026-08-05 02:59:59,BATCH_202506_RAW_SKU_SUPPLIER_POLICY_SCD
SUP-001,SKU-0113,WH-DEL-02,10,132,130,55,71.37,SGD,2025-01-01 00:00:00,2025-08-02 00:00:00,False,ERP_MDM,2025-01-01 01:20:00,2026-08-05 02:59:59,BATCH_202501_RAW_SKU_SUPPLIER_POLICY_SCD
SUP-001,SKU-0113,WH-DEL-02,18,192,173,62,80.35,SGD,2025-08-03 00:00:00,,True,ERP_MDM,2025-08-03 01:40:00,2026-08-05 02:59:59,BATCH_202508_RAW_SKU_SUPPLIER_POLICY_SCD
SUP-001,SKU-0113,WH-MUM-03,12,111,157,42,71.37,SGD,2025-01-01 00:00:00,2025-06-14 00:00:00,False,ERP_MDM,2025-01-01 01:55:00,2026-08-05 02:59:59,BATCH_202501_RAW_SKU_SUPPLIER_POLICY_SCD
SUP-001,SKU-0113,WH-MUM-03,9,200,294,79,79.56,SGD,2025-06-15 00:00:00,,True,ERP_MDM,2025-06-15 00:56:00,2026-08-05 02:59:59,BATCH_202506_RAW_SKU_SUPPLIER_POLICY_SCD
SUP-001,SKU-0113,WH-BLR-04,14,83,205,90,71.37,SGD,2025-01-01 00:00:00,2025-06-24 00:00:00,False,ERP_MDM,2025-01-01 02:04:00,2026-08-05 02:59:59,BATCH_202501_RAW_SKU_SUPPLIER_POLICY_SCD
SUP-001,SKU-0113,WH-BLR-04,12,197,187,113,79.7,SGD,2025-06-25 00:00:00,,True,ERP_MDM,2025-06-25 00:58:00,2026-08-05 02:59:59,BATCH_202506_RAW_SKU_SUPPLIER_POLICY_SCD
SUP-003,SKU-0114,WH-LKO-01,12,140,212,49,126.09,USD,2025-01-01 00:00:00,2025-06-11 00:00:00,False,ERP_MDM,2025-01-01 00:25:00,2026-08-05 02:59:59,BATCH_202501_RAW_SKU_SUPPLIER_POLICY_SCD
SUP-003,SKU-0114,WH-LKO-01,18,220,242,108,137.89,USD,2025-06-12 00:00:00,,True,ERP_MDM,2025-06-14 00:34:00,2026-08-05 02:59:59,BATCH_202506_RAW_SKU_SUPPLIER_POLICY_SCD
SUP-003,SKU-0114,WH-DEL-02,12,88,167,48,126.09,USD,2025-01-01 00:00:00,2025-08-18 00:00:00,False,ERP_MDM,2025-01-01 00:03:00,2026-08-05 02:59:59,BATCH_202501_RAW_SKU_SUPPLIER_POLICY_SCD
SUP-003,SKU-0114,WH-DEL-02,18,155,244,102,135.11,USD,2025-08-19 00:00:00,,True,ERP_MDM,2025-08-19 02:11:00,2026-08-05 02:59:59,BATCH_202508_RAW_SKU_SUPPLIER_POLICY_SCD
SUP-008,SKU-0114,WH-MUM-03,11,132,219,51,126.09,USD,2025-01-01 00:00:00,2025-08-17 00:00:00,False,ERP_MDM,2025-01-01 02:24:00,2026-08-05 02:59:59,BATCH_202501_RAW_SKU_SUPPLIER_POLICY_SCD
SUP-008,SKU-0114,WH-MUM-03,12,220,265,82,144.92,USD,2025-08-18 00:00:00,,True,ERP_MDM,2025-08-18 01:57:00,2026-08-05 02:59:59,BATCH_202508_RAW_SKU_SUPPLIER_POLICY_SCD
SUP-003,SKU-0114,WH-BLR-04,7,133,195,70,126.09,USD,2025-01-01 00:00:00,2025-08-06 00:00:00,False,ERP_MDM,2025-01-01 01:51:00,2026-08-05 02:59:59,BATCH_202501_RAW_SKU_SUPPLIER_POLICY_SCD
SUP-003,SKU-0114,WH-BLR-04,17,217,276,74,138.73,USD,2025-08-07 00:00:00,,True,ERP_MDM,2025-08-07 02:25:00,2026-08-05 02:59:59,BATCH_202508_RAW_SKU_SUPPLIER_POLICY_SCD
SUP-005,SKU-0115,WH-LKO-01,7,118,219,54,16.5,EUR,2025-01-01 00:00:00,2025-06-17 00:00:00,False,ERP_MDM,2025-01-01 01:41:00,2026-08-05 02:59:59,BATCH_202501_RAW_SKU_SUPPLIER_POLICY_SCD
SUP-005,SKU-0115,WH-LKO-01,18,125,190,91,17.34,EUR,2025-06-18 00:00:00,,True,ERP_MDM,2025-06-18 02:12:00,2026-08-05 02:59:59,BATCH_202506_RAW_SKU_SUPPLIER_POLICY_SCD
SUP-005,SKU-0115,WH-MUM-03,10,138,200,70,16.5,EUR,2025-01-01 00:00:00,2025-08-14 00:00:00,False,ERP_MDM,2025-01-01 01:38:00,2026-08-05 02:59:59,BATCH_202501_RAW_SKU_SUPPLIER_POLICY_SCD
SUP-005,SKU-0115,WH-MUM-03,9,208,179,103,18.76,EUR,2025-08-15 00:00:00,,True,ERP_MDM,2025-08-15 01:37:00,2026-08-05 02:59:59,BATCH_202508_RAW_SKU_SUPPLIER_POLICY_SCD
SUP-005,SKU-0115,WH-BLR-04,14,103,193,45,16.5,EUR,2025-01-01 00:00:00,2025-07-25 00:00:00,False,ERP_MDM,2025-01-01 00:48:00,2026-08-05 02:59:59,BATCH_202501_RAW_SKU_SUPPLIER_POLICY_SCD
SUP-005,SKU-0115,WH-BLR-04,12,203,241,92,17.48,EUR,2025-07-26 00:00:00,,True,ERP_MDM,2025-07-26 02:46:00,2026-08-05 02:59:59,BATCH_202507_RAW_SKU_SUPPLIER_POLICY_SCD
SUP-002,SKU-0116,WH-DEL-02,8,137,189,53,148.43,SGD,2025-01-01 00:00:00,2025-07-31 00:00:00,False,ERP_MDM,2025-01-01 00:14:00,2026-08-05 02:59:59,BATCH_202501_RAW_SKU_SUPPLIER_POLICY_SCD
SUP-002,SKU-0116,WH-DEL-02,9,170,239,96,163.11,SGD,2025-08-01 00:00:00,,True,ERP_MDM,2025-08-01 00:08:00,2026-08-05 02:59:59,BATCH_202508_RAW_SKU_SUPPLIER_POLICY_SCD
SUP-007,SKU-0116,WH-MUM-03,13,92,133,61,148.43,SGD,2025-01-01 00:00:00,2025-08-20 00:00:00,False,ERP_MDM,2025-01-01 00:55:00,2026-08-05 02:59:59,BATCH_202501_RAW_SKU_SUPPLIER_POLICY_SCD
SUP-007,SKU-0116,WH-MUM-03,14,202,180,85,167.19,SGD,2025-08-21 00:00:00,,True,ERP_MDM,2025-08-21 01:55:00,2026-08-05 02:59:59,BATCH_202508_RAW_SKU_SUPPLIER_POLICY_SCD
SUP-002,SKU-0116,WH-BLR-04,7,93,179,52,148.43,SGD,2025-01-01 00:00:00,2025-06-27 00:00:00,False,ERP_MDM,2025-01-01 02:27:00,2026-08-05 02:59:59,BATCH_202501_RAW_SKU_SUPPLIER_POLICY_SCD
SUP-002,SKU-0116,WH-BLR-04,12,162,241,66,160.31,SGD,2025-06-28 00:00:00,,True,ERP_MDM,2025-06-28 02:20:00,2026-08-05 02:59:59,BATCH_202506_RAW_SKU_SUPPLIER_POLICY_SCD
SUP-006,SKU-0117,WH-LKO-01,13,121,195,43,95.89,EUR,2025-01-01 00:00:00,2025-08-02 00:00:00,False,ERP_MDM,2025-01-01 01:41:00,2026-08-05 02:59:59,BATCH_202501_RAW_SKU_SUPPLIER_POLICY_SCD
SUP-006,SKU-0117,WH-LKO-01,14,160,195,75,100.83,EUR,2025-08-03 00:00:00,,True,ERP_MDM,2025-08-03 01:04:00,2026-08-05 02:59:59,BATCH_202508_RAW_SKU_SUPPLIER_POLICY_SCD
SUP-003,SKU-0117,WH-DEL-02,9,108,192,60,95.89,EUR,2025-01-01 00:00:00,2025-06-28 00:00:00,False,ERP_MDM,2025-01-01 02:42:00,2026-08-05 02:59:59,BATCH_202501_RAW_SKU_SUPPLIER_POLICY_SCD
SUP-003,SKU-0117,WH-DEL-02,10,134,171,93,107.75,EUR,06-29-2025,,True,ERP_MDM,2025-06-29 01:33:00,2026-08-05 02:59:59,BATCH_202506_RAW_SKU_SUPPLIER_POLICY_SCD
SUP-006,SKU-0117,WH-MUM-03,13,87,165,75,95.89,EUR,2025-01-01 00:00:00,2025-08-10 00:00:00,False,ERP_MDM,2025-01-01 00:58:00,2026-08-05 02:59:59,BATCH_202501_RAW_SKU_SUPPLIER_POLICY_SCD
SUP-006,SKU-0117,WH-MUM-03,12,173,174,85,101.2,EUR,2025-08-11 00:00:00,,True,ERP_MDM,2025-08-11 02:32:00,2026-08-05 02:59:59,BATCH_202508_RAW_SKU_SUPPLIER_POLICY_SCD
SUP-006,SKU-0117,WH-BLR-04,10,136,164,53,95.89,EUR,2025-01-01 00:00:00,2025-06-24 00:00:00,False,ERP_MDM,2025-01-01 00:35:00,2026-08-05 02:59:59,BATCH_202501_RAW_SKU_SUPPLIER_POLICY_SCD
SUP-006,SKU-0117,WH-BLR-04,13,209,264,117,105.66,EUR,2025-06-25 00:00:00,,True,ERP_MDM,2025-06-25 01:23:00,2026-08-05 02:59:59,BATCH_202506_RAW_SKU_SUPPLIER_POLICY_SCD
SUP-003,SKU-0118,WH-LKO-01,13,124,215,60,51.78,EUR,2025-01-01 00:00:00,2025-06-16 00:00:00,False,ERP_MDM,2025-01-01 00:08:00,2026-08-05 02:59:59,BATCH_202501_RAW_SKU_SUPPLIER_POLICY_SCD
SUP-003,SKU-0118,WH-LKO-01,9,120,257,91,55.27,EUR,2025-06-17 00:00:00,,True,ERP_MDM,2025-06-17 01:43:00,2026-08-05 02:59:59,BATCH_202506_RAW_SKU_SUPPLIER_POLICY_SCD
SUP-008,SKU-0118,WH-MUM-03,9,102,191,72,51.78,EUR,2025-01-01 00:00:00,2025-06-22T00:00:00Z,False,ERP_MDM,2025-01-01 02:33:00,2026-08-05 02:59:59,BATCH_202501_RAW_SKU_SUPPLIER_POLICY_SCD
SUP-008,SKU-0118,WH-MUM-03,16,153,252,115,56.31,EUR,2025-06-23 00:00:00,,True,ERP_MDM,2025-06-23 02:16:00,2026-08-05 02:59:59,BATCH_202506_RAW_SKU_SUPPLIER_POLICY_SCD
SUP-002,SKU-0118,WH-BLR-04,13,97,150,67,51.78,EUR,2025-01-01 00:00:00,2025-07-11 00:00:00,False,ERP_MDM,2025-01-01 01:43:00,2026-08-05 02:59:59,BATCH_202501_RAW_SKU_SUPPLIER_POLICY_SCD
SUP-002,SKU-0118,WH-BLR-04,16,213,215,118,54.33,EUR,07-12-2025,,True,ERP_MDM,2025-07-12 01:06:00,2026-08-05 02:59:59,BATCH_202507_RAW_SKU_SUPPLIER_POLICY_SCD
SUP-001,SKU-0119,WH-LKO-01,12,108,212,54,80.31,EUR,2025-01-01 00:00:00,2025-07-21 00:00:00,False,ERP_MDM,2025-01-01 02:45:00,2026-08-05 02:59:59,BATCH_202501_RAW_SKU_SUPPLIER_POLICY_SCD
SUP-001,SKU-0119,WH-LKO-01,18,129,220,110,88.97,EUR,2025-07-22 00:00:00,,True,ERP_MDM,2025-07-22 01:54:00,2026-08-05 02:59:59,BATCH_202507_RAW_SKU_SUPPLIER_POLICY_SCD
SUP-001,SKU-0119,WH-DEL-02,10,93,182,69,80.31,EUR,2025-01-01 00:00:00,2025-06-20T00:00:00+05:30,False,ERP_MDM,2025-01-01 02:29:00,2026-08-05 02:59:59,BATCH_202501_RAW_SKU_SUPPLIER_POLICY_SCD
SUP-001,sku-0119,WH-DEL-02,9,196,225,96,90.76,EUR,2025-06-21 00:00:00,,True,ERP_MDM,2025-06-21 01:16:00,2026-08-05 02:59:59,BATCH_202506_RAW_SKU_SUPPLIER_POLICY_SCD
SUP-001,SKU-0119,WH-MUM-03,14,109,211,51,80.31,EUR,2025-01-01 00:00:00,2025-07-25 00:00:00,False,ERP_MDM,2025-01-01 01:16:00,2026-08-05 02:59:59,BATCH_202501_RAW_SKU_SUPPLIER_POLICY_SCD
SUP-001,SKU-0119,WH-MUM-03,10,164,300,107,90.37,EUR,2025-07-26 00:00:00,,True,ERP_MDM,2025-07-26 00:41:00,2026-08-05 02:59:59,BATCH_202507_RAW_SKU_SUPPLIER_POLICY_SCD
SUP-008,SKU-0119,WH-BLR-04,8,123,217,70,80.31,EUR,2025-01-01 00:00:00,2025-06-14 00:00:00,False,ERP_MDM,2025-01-01 00:14:00,2026-08-05 02:59:59,BATCH_202501_RAW_SKU_SUPPLIER_POLICY_SCD
SUP-008,SKU-0119,WH-BLR-04,14,124,169,79,87.37,EUR,45823,,True,ERP_MDM,2025-06-15 02:44:00,2026-08-05 02:59:59,BATCH_202506_RAW_SKU_SUPPLIER_POLICY_SCD
SUP-006,SKU-0120,WH-LKO-01,10,109,203,89,19.86,USD,2025-01-01 00:00:00,2025-07-15 00:00:00,False,ERP_MDM,2025-01-01 02:49:00,2026-08-05 02:59:59,BATCH_202501_RAW_SKU_SUPPLIER_POLICY_SCD
SUP-006,SKU-0120,WH-LKO-01,11,189,217,70,22.15,USD,45854,,True,ERP_MDM,2025-07-16 01:08:00,2026-08-05 02:59:59,BATCH_202507_RAW_SKU_SUPPLIER_POLICY_SCD
SUP-006,SKU-0120,WH-DEL-02,8,91,136,88,19.86,USD,2025-01-01 00:00:00,2025-08-05 00:00:00,False,ERP_MDM,2025-01-01 00:17:00,2026-08-05 02:59:59,BATCH_202501_RAW_SKU_SUPPLIER_POLICY_SCD
SUP-006,SKU-0120,WH-DEL-02,9,141,232,110,21.83,USD,2025-08-06 00:00:00,,True,ERP_MDM,2025-08-06 00:24:00,2026-08-05 02:59:59,BATCH_202508_RAW_SKU_SUPPLIER_POLICY_SCD
SUP-006,SKU-0120,WH-MUM-03,14,95,191,58,19.86,USD,2025-01-01 00:00:00,2025-07-24 00:00:00,False,ERP_MDM,2025-01-01 01:58:00,2026-08-05 02:59:59,BATCH_202501_RAW_SKU_SUPPLIER_POLICY_SCD
SUP-006,SKU-0120,WH-MUM-03,13,147,161,79,22.11,USD,2025-07-25 00:00:00,,True,ERP_MDM,2025-07-25 02:51:00,2026-08-05 02:59:59,BATCH_202507_RAW_SKU_SUPPLIER_POLICY_SCD
SUP-006,SKU-0120,WH-BLR-04,13,101,216,88,19.86,USD,2025-01-01 00:00:00,2025-07-02T00:00:00Z,False,ERP_MDM,2025-01-01 00:03:00,2026-08-05 02:59:59,BATCH_202501_RAW_SKU_SUPPLIER_POLICY_SCD
SUP-006,SKU-0120,WH-BLR-04,14,130,266,84,21.23,USD,2025-07-03 00:00:00,,True,ERP_MDM,2025-07-03 01:43:00,2026-08-05 02:59:59,BATCH_202507_RAW_SKU_SUPPLIER_POLICY_SCD
SUP-001,SKU-0121,WH-LKO-01,7,83,158,88,41.3,SGD,2025-01-01 00:00:00,2025-08-09 00:00:00,False,ERP_MDM,2025-01-01 01:21:00,2026-08-05 02:59:59,BATCH_202501_RAW_SKU_SUPPLIER_POLICY_SCD
SUP-001,SKU-0121,WH-LKO-01,18,194,289,120,43.72,SGD,2025-08-10 00:00:00,,True,ERP_MDM,2025-08-10 01:35:00,2026-08-05 02:59:59,BATCH_202508_RAW_SKU_SUPPLIER_POLICY_SCD
SUP-001,SKU-0121,WH-DEL-02,7,89,180,87,41.3,SGD,2025-01-01 00:00:00,2025-06-28 00:00:00,False,ERP_MDM,2025-01-01 00:29:00,2026-08-05 02:59:59,BATCH_202501_RAW_SKU_SUPPLIER_POLICY_SCD
SUP-001,SKU-0121,WH-DEL-02,12,169,233,74,44.31,SGD,2025-06-29 00:00:00,,True,ERP_MDM,2025-06-29 01:13:00,2026-08-05 02:59:59,BATCH_202506_RAW_SKU_SUPPLIER_POLICY_SCD
SUP-001,SKU-0121,WH-MUM-03,7,130,219,58,41.3,SGD,2025-01-01 00:00:00,2025-06-20 00:00:00,False,ERP_MDM,2025-01-01 01:29:00,2026-08-05 02:59:59,BATCH_202501_RAW_SKU_SUPPLIER_POLICY_SCD
SUP-001,SKU-0121,WH-MUM-03,17,138,186,109,44.21,SGD,2025-06-21 00:00:00,,True,ERP_MDM,2025-06-21 01:25:00,2026-08-05 02:59:59,BATCH_202506_RAW_SKU_SUPPLIER_POLICY_SCD
SUP-001,SKU-0121,WH-BLR-04,12,103,155,56,41.3,SGD,2025-01-01 00:00:00,2025-08-19 00:00:00,False,ERP_MDM,2025-01-01 01:26:00,2026-08-05 02:59:59,BATCH_202501_RAW_SKU_SUPPLIER_POLICY_SCD
SUP-001,SKU-0121,WH-BLR-04,15,159,178,98,46.01,SGD,2025-08-20 00:00:00,,True,ERP_MDM,2025-08-20 01:51:00,2026-08-05 02:59:59,BATCH_202508_RAW_SKU_SUPPLIER_POLICY_SCD
SUP-004,SKU-0122,WH-LKO-01,7,83,206,41,57.59,EUR,2025-01-01 00:00:00,2025-06-14 00:00:00,False,ERP_MDM,2025-01-01 02:37:00,2026-08-05 02:59:59,BATCH_202501_RAW_SKU_SUPPLIER_POLICY_SCD
SUP-004,SKU-0122,WH-LKO-01,9,169,229,74,65.08,EUR,2025-06-15 00:00:00,,True,ERP_MDM,2025-06-15 01:33:00,2026-08-05 02:59:59,BATCH_202506_RAW_SKU_SUPPLIER_POLICY_SCD
SUP-004,SKU-0122,WH-DEL-02,10,121,123,54,57.59,EUR,2025-01-01 00:00:00,2025-07-21 00:00:00,False,ERP_MDM,2025-01-04 01:30:00,2026-08-05 02:59:59,BATCH_202501_RAW_SKU_SUPPLIER_POLICY_SCD
SUP-004,SKU-0122,WH-DEL-02,16,141,278,60,61.81,EUR,2025-07-22 00:00:00,,True,ERP_MDM,2025-07-22 01:17:00,2026-08-05 02:59:59,BATCH_202507_RAW_SKU_SUPPLIER_POLICY_SCD
SUP-004,SKU-0122,WH-BLR-04,8,132,153,49,57.59,EUR,2025-01-01 00:00:00,2025-07-02 00:00:00,False,ERP_MDM,2025-01-01 01:20:00,2026-08-05 02:59:59,BATCH_202501_RAW_SKU_SUPPLIER_POLICY_SCD
SUP-004,SKU-0122,WH-BLR-04,11,152,290,64,59.98,EUR,2025-07-03 00:00:00,,True,ERP_MDM,2025-07-03 00:58:00,2026-08-05 02:59:59,BATCH_202507_RAW_SKU_SUPPLIER_POLICY_SCD
SUP-003,SKU-0123,WH-DEL-02,13,86,127,53,121.41,SGD,2025-01-01 00:00:00,2025-07-27 00:00:00,False,ERP_MDM,2025-01-01 02:56:00,2026-08-05 02:59:59,BATCH_202501_RAW_SKU_SUPPLIER_POLICY_SCD
SUP-003,SKU-0123,WH-DEL-02,18,197,217,84,135.01,SGD,2025-07-28 00:00:00,,True,ERP_MDM,2025-07-28 00:42:00,2026-08-05 02:59:59,BATCH_202507_RAW_SKU_SUPPLIER_POLICY_SCD
SUP-003,SKU-0123,WH-MUM-03,11,122,186,52,121.41,SGD,2025-01-01 00:00:00,2025-08-12 00:00:00,False,ERP_MDM,2025-01-01 01:07:00,2026-08-05 02:59:59,BATCH_202501_RAW_SKU_SUPPLIER_POLICY_SCD
SUP-003,SKU-0123,WH-MUM-03,12,217,221,64,135.51,SGD,2025-08-13 00:00:00,,True,ERP_MDM,2025-08-13 02:04:00,2026-08-05 02:59:59,BATCH_202508_RAW_SKU_SUPPLIER_POLICY_SCD
SUP-003,SKU-0123,WH-BLR-04,7,81,151,57,121.41,SGD,2025-01-01 00:00:00,2025-07-22 00:00:00,False,ERP_MDM,2025-01-01 00:10:00,2026-08-05 02:59:59,BATCH_202501_RAW_SKU_SUPPLIER_POLICY_SCD
SUP-003,SKU-0123,WH-BLR-04,9,160,205,76,133.7,SGD,2025-07-23 00:00:00,,True,ERP_MDM,2025-07-23 00:34:00,2026-08-05 02:59:59,BATCH_202507_RAW_SKU_SUPPLIER_POLICY_SCD
SUP-002,SKU-0124,WH-LKO-01,10,83,156,81,16.7,USD,2025-01-01 00:00:00,2025-07-30 00:00:00,False,ERP_MDM,2025-01-01 02:12:00,2026-08-05 02:59:59,BATCH_202501_RAW_SKU_SUPPLIER_POLICY_SCD
SUP-002,SKU-0124,WH-LKO-01,15,153,233,63,18.05,USD,2025-07-31 00:00:00,,True,ERP_MDM,2025-07-31 00:42:00,2026-08-05 02:59:59,BATCH_202507_RAW_SKU_SUPPLIER_POLICY_SCD
SUP-002,SKU-0124,WH-DEL-02,13,93,136,40,16.7,USD,2025-01-01 00:00:00,2025-06-20 00:00:00,False,ERP_MDM,2025-01-01 02:53:00,2026-08-05 02:59:59,BATCH_202501_RAW_SKU_SUPPLIER_POLICY_SCD
SUP-002,SKU-0124,WH-DEL-02,18,161,235,82,18.13,USD,2025-06-21 00:00:00,,True,ERP_MDM,2025-06-21 01:02:00,2026-08-05 02:59:59,BATCH_202506_RAW_SKU_SUPPLIER_POLICY_SCD
SUP-002,SKU-0124,WH-MUM-03,10,93,187,67,16.7,USD,01/01/2025,2025-06-16 00:00:00,False,ERP_MDM,2025-01-01 02:15:00,2026-08-05 02:59:59,BATCH_202501_RAW_SKU_SUPPLIER_POLICY_SCD
SUP-002,SKU-0124,WH-MUM-03,11,159,162,104,18.53,USD,2025-06-17 00:00:00,,True,ERP_MDM,2025-06-19 01:59:00,2026-08-05 02:59:59,BATCH_202506_RAW_SKU_SUPPLIER_POLICY_SCD
SUP-002,SKU-0124,WH-BLR-04,11,97,194,49,16.7,USD,2025-01-01 00:00:00,2025-07-28 00:00:00,False,ERP_MDM,2025-01-01 00:51:00,2026-08-05 02:59:59,BATCH_202501_RAW_SKU_SUPPLIER_POLICY_SCD
SUP-002,SKU-0124,WH-BLR-04,18,126,193,91,17.5,USD,2025-07-29 00:00:00,,True,ERP_MDM,2025-07-29 00:38:00,2026-08-05 02:59:59,BATCH_202507_RAW_SKU_SUPPLIER_POLICY_SCD
SUP-007,SKU-0125,WH-DEL-02,13,84,121,59,60.63,EUR,2025-01-01 00:00:00,2025-08-16 00:00:00,False,ERP_MDM,2025-01-01 02:02:00,2026-08-05 02:59:59,BATCH_202501_RAW_SKU_SUPPLIER_POLICY_SCD
SUP-007,SKU-0125,WH-DEL-02,11,163,261,110,63.61,EUR,2025-08-17 00:00:00,,True,ERP_MDM,2025-08-17 02:52:00,2026-08-05 02:59:59,BATCH_202508_RAW_SKU_SUPPLIER_POLICY_SCD
SUP-007,SKU-0125,WH-MUM-03,10,140,199,61,60.63,EUR,2025-01-01 00:00:00,2025-06-17 00:00:00,False,ERP_MDM,2025-01-01 00:14:00,2026-08-05 02:59:59,BATCH_202501_RAW_SKU_SUPPLIER_POLICY_SCD
SUP-007,SKU-0125,WH-MUM-03,10,185,161,92,65.45,EUR,2025-06-18 00:00:00,,True,ERP_MDM,2025-06-18 00:08:00,2026-08-05 02:59:59,BATCH_202506_RAW_SKU_SUPPLIER_POLICY_SCD
SUP-007,SKU-0125,WH-BLR-04,7,136,168,89,60.63,EUR,2025-01-01 00:00:00,2025-07-17 00:00:00,False,ERP_MDM,2025-01-01 00:11:00,2026-08-05 02:59:59,BATCH_202501_RAW_SKU_SUPPLIER_POLICY_SCD
SUP-007,SKU-0125,WH-BLR-04,12,214,213,95,66.26,EUR,2025-07-18 00:00:00,,True,ERP_MDM,2025-07-18 02:52:00,2026-08-05 02:59:59,BATCH_202507_RAW_SKU_SUPPLIER_POLICY_SCD
SUP-006,SKU-0126,WH-LKO-01,13,127,192,64,106.17,USD,2025-01-01 00:00:00,2025-08-11 00:00:00,False,ERP_MDM,2025-01-01 01:55:00,2026-08-05 02:59:59,BATCH_202501_RAW_SKU_SUPPLIER_POLICY_SCD
SUP-006,SKU-0126,WH-LKO-01,16,154,278,81,120.45,USD,2025-08-12 00:00:00,,True,ERP_MDM,2025-08-12 01:27:00,2026-08-05 02:59:59,BATCH_202508_RAW_SKU_SUPPLIER_POLICY_SCD
SUP-006,SKU-0126,WH-DEL-02,8,89,151,62,106.17,USD,2025-01-01 00:00:00,2025-08-20 00:00:00,False,ERP_MDM,2025-01-01 00:47:00,2026-08-05 02:59:59,BATCH_202501_RAW_SKU_SUPPLIER_POLICY_SCD
SUP-006,SKU-0126,WH-DEL-02,17,127,199,78,119.26,USD,2025-08-21 00:00:00,,True,ERP_MDM,2025-08-21 02:10:00,2026-08-05 02:59:59,BATCH_202508_RAW_SKU_SUPPLIER_POLICY_SCD
SUP-006,SKU-0126,WH-MUM-03,8,93,156,90,106.17,USD,2025-01-01 00:00:00,2025-08-01 00:00:00,False,ERP_MDM,2025-01-01 02:47:00,2026-08-05 02:59:59,BATCH_202501_RAW_SKU_SUPPLIER_POLICY_SCD
SUP-006,SKU-0126,WH-MUM-03,10,132,182,120,111.1,USD,2025-08-02 00:00:00,,True,ERP_MDM,2025-08-02 00:56:00,2026-08-05 02:59:59,BATCH_202508_RAW_SKU_SUPPLIER_POLICY_SCD
SUP-006,SKU-0126,WH-BLR-04,12,97,189,54,106.17,USD,2025-01-01 00:00:00,2025-07-14 00:00:00,False,ERP_MDM,2025-01-01 02:49:00,2026-08-05 02:59:59,BATCH_202501_RAW_SKU_SUPPLIER_POLICY_SCD
SUP-006,SKU-0126,WH-BLR-04,18,161,290,108,111.99,USD,2025-07-15 00:00:00,,True,ERP_MDM,2025-07-15 01:34:00,2026-08-05 02:59:59,BATCH_202507_RAW_SKU_SUPPLIER_POLICY_SCD
SUP-008,SKU-0127,WH-LKO-01,9,139,153,76,121.95,AED,2025-01-01 00:00:00,2025-08-11 00:00:00,False,ERP_MDM,2025-01-02 01:22:00,2026-08-05 02:59:59,BATCH_202501_RAW_SKU_SUPPLIER_POLICY_SCD
SUP-008,SKU-0127,WH-LKO-01,15,169,215,104,139.61,AED,2025-08-12 00:00:00,,True,ERP_MDM,2025-08-12 01:05:00,2026-08-05 02:59:59,BATCH_202508_RAW_SKU_SUPPLIER_POLICY_SCD
SUP-008,SKU-0127,WH-DEL-02,11,114,157,55,121.95,AED,2025-01-01 00:00:00,2025-06-20 00:00:00,False,ERP_MDM,2025-01-01 01:32:00,2026-08-05 02:59:59,BATCH_202501_RAW_SKU_SUPPLIER_POLICY_SCD
SUP-008,SKU-0127,WH-DEL-02,11,183,268,61,129.16,AED,2025-06-21 00:00:00,,True,ERP_MDM,2025-06-21 02:46:00,2026-08-05 02:59:59,BATCH_202506_RAW_SKU_SUPPLIER_POLICY_SCD
SUP-008,sku-0127,WH-MUM-03,12,133,212,70,121.95,AED,2025-01-01 00:00:00,2025-07-24 00:00:00,False,ERP_MDM,2025-01-01 01:21:00,2026-08-05 02:59:59,BATCH_202501_RAW_SKU_SUPPLIER_POLICY_SCD
SUP-008,SKU-0127,WH-MUM-03,17,142,295,86,132.58,AED,2025-07-25 00:00:00,,True,ERP_MDM,2025-07-25 02:02:00,2026-08-05 02:59:59,BATCH_202507_RAW_SKU_SUPPLIER_POLICY_SCD
SUP-003,SKU-0128,WH-LKO-01,13,123,219,76,23.78,EUR,45658,2025-07-04 00:00:00,False,ERP_MDM,2025-01-01 00:25:00,2026-08-05 02:59:59,BATCH_202501_RAW_SKU_SUPPLIER_POLICY_SCD
SUP-003,SKU-0128,WH-LKO-01,9,158,232,107,26.72,EUR,2025-07-05 00:00:00,,True,ERP_MDM,2025-07-05 01:10:00,2026-08-05 02:59:59,BATCH_202507_RAW_SKU_SUPPLIER_POLICY_SCD
SUP-003,SKU-0128,WH-DEL-02,14,93,182,53,23.78,EUR,2025-01-01 00:00:00,2025-08-07T00:00:00+05:30,False,ERP_MDM,2025-01-01 02:30:00,2026-08-05 02:59:59,BATCH_202501_RAW_SKU_SUPPLIER_POLICY_SCD
SUP-003,SKU-0128,WH-DEL-02,15,155,178,102,25.83,EUR,2025-08-08T00:00:00+05:30,,True,ERP_MDM,2025-08-08 02:42:00,2026-08-05 02:59:59,BATCH_202508_RAW_SKU_SUPPLIER_POLICY_SCD
SUP-003,SKU-0128,WH-BLR-04,14,113,133,48,23.78,EUR,2025-01-01 00:00:00,2025-07-22 00:00:00,False,ERP_MDM,2025-01-01 02:28:00,2026-08-05 02:59:59,BATCH_202501_RAW_SKU_SUPPLIER_POLICY_SCD
SUP-003,SKU-0128,WH-BLR-04,12,152,233,79,25.07,EUR,2025-07-23 00:00:00,,True,ERP_MDM,2025-07-23 00:44:00,2026-08-05 02:59:59,BATCH_202507_RAW_SKU_SUPPLIER_POLICY_SCD
SUP-007,SKU-0129,WH-LKO-01,8,105,159,68,24.68,AED,2025-01-01 00:00:00,2025-06-25 00:00:00,False,ERP_MDM,2025-01-01 00:47:00,2026-08-05 02:59:59,BATCH_202501_RAW_SKU_SUPPLIER_POLICY_SCD
SUP-007,SKU-0129,WH-LKO-01,14,215,262,73,27.4,AED,2025-06-26 00:00:00,,True,ERP_MDM,2025-06-26 02:35:00,2026-08-05 02:59:59,BATCH_202506_RAW_SKU_SUPPLIER_POLICY_SCD
SUP-002,SKU-0129,WH-DEL-02,10,107,122,71,24.68,AED,2025-01-01 00:00:00,2025-06-20 00:00:00,False,ERP_MDM,2025-01-01 00:40:00,2026-08-05 02:59:59,BATCH_202501_RAW_SKU_SUPPLIER_POLICY_SCD
SUP-002,SKU-0129,WH-DEL-02,12,168,296,120,27.68,AED,2025-06-21 00:00:00,,True,ERP_MDM,2025-06-21 01:25:00,2026-08-05 02:59:59,BATCH_202506_RAW_SKU_SUPPLIER_POLICY_SCD
SUP-002,SKU-0129,WH-MUM-03,11,94,207,57,24.68,AED,2025-01-01 00:00:00,2025-07-01 00:00:00,False,ERP_MDM,2025-01-01 00:22:00,2026-08-05 02:59:59,BATCH_202501_RAW_SKU_SUPPLIER_POLICY_SCD
SUP-002,SKU-0129,WH-MUM-03,15,170,280,93,25.67,AED,2025-07-02 00:00:00,,True,ERP_MDM,2025-07-02 02:39:00,2026-08-05 02:59:59,BATCH_202507_RAW_SKU_SUPPLIER_POLICY_SCD
SUP-002,SKU-0129,WH-BLR-04,7,111,196,64,24.68,AED,01-01-2025,2025-06-19 00:00:00,False,ERP_MDM,2025-01-01 02:45:00,2026-08-05 02:59:59,BATCH_202501_RAW_SKU_SUPPLIER_POLICY_SCD
SUP-002,SKU-0129,WH-BLR-04,11,123,283,75,26.55,AED,2025-06-20 00:00:00,,True,ERP_MDM,2025-06-20 01:39:00,2026-08-05 02:59:59,BATCH_202506_RAW_SKU_SUPPLIER_POLICY_SCD
SUP-002,SKU-0130,WH-DEL-02,7,119,153,49,16.41,USD,2025-01-01 00:00:00,2025-06-30T00:00:00+05:30,False,ERP_MDM,2025-01-01 02:00:00,2026-08-05 02:59:59,BATCH_202501_RAW_SKU_SUPPLIER_POLICY_SCD
SUP-002,SKU-0130,WH-DEL-02,12,125,225,64,17.09,USD,2025-07-01 00:00:00,,True,ERP_MDM,2025-07-01 00:43:00,2026-08-05 02:59:59,BATCH_202507_RAW_SKU_SUPPLIER_POLICY_SCD
SUP-002,SKU-0130,WH-MUM-03,11,96,187,75,16.41,USD,2025-01-01 00:00:00,2025-08-13 00:00:00,False,ERP_MDM,2025-01-01 01:15:00,2026-08-05 02:59:59,BATCH_202501_RAW_SKU_SUPPLIER_POLICY_SCD
SUP-002,SKU-0130,WH-MUM-03,14,149,179,113,17.52,USD,2025-08-14 00:00:00,,True,ERP_MDM,2025-08-14 01:15:00,2026-08-05 02:59:59,BATCH_202508_RAW_SKU_SUPPLIER_POLICY_SCD
SUP-002,SKU-0130,WH-BLR-04,14,106,215,72,16.41,USD,2025-01-01 00:00:00,2025-08-13 00:00:00,False,ERP_MDM,2025-01-01 00:44:00,2026-08-05 02:59:59,BATCH_202501_RAW_SKU_SUPPLIER_POLICY_SCD
SUP-002,SKU-0130,WH-BLR-04,17,167,228,76,18.19,USD,2025-08-14 00:00:00,,True,ERP_MDM,2025-08-14 00:56:00,2026-08-05 02:59:59,BATCH_202508_RAW_SKU_SUPPLIER_POLICY_SCD
SUP-002,SKU-0131,WH-DEL-02,12,97,133,54,146.51,USD,2025-01-01 00:00:00,2025-06-17 00:00:00,False,ERP_MDM,2025-01-01 01:16:00,2026-08-05 02:59:59,BATCH_202501_RAW_SKU_SUPPLIER_POLICY_SCD
SUP-002,SKU-0131,WH-DEL-02,12,131,268,105,152.44,USD,2025-06-18 00:00:00,,True,ERP_MDM,2025-06-18 00:21:00,2026-08-05 02:59:59,BATCH_202506_RAW_SKU_SUPPLIER_POLICY_SCD
SUP-002,SKU-0131,WH-BLR-04,9,111,186,70,146.51,USD,2025-01-01 00:00:00,2025-07-20 00:00:00,False,ERP_MDM,2025-01-01 01:56:00,2026-08-05 02:59:59,BATCH_202501_RAW_SKU_SUPPLIER_POLICY_SCD
SUP-002,SKU-0131,WH-BLR-04,12,169,200,83,155.39,USD,2025-07-21 00:00:00,,True,ERP_MDM,2025-07-21 00:21:00,2026-08-05 02:59:59,BATCH_202507_RAW_SKU_SUPPLIER_POLICY_SCD
SUP-004,SKU-0132,WH-LKO-01,8,103,187,65,87.06,SGD,2025-01-01 00:00:00,2025-06-28 00:00:00,False,ERP_MDM,2025-01-04 01:19:00,2026-08-05 02:59:59,BATCH_202501_RAW_SKU_SUPPLIER_POLICY_SCD
SUP-004,SKU-0132,WH-LKO-01,11,120,283,98,94.18,SGD,2025-06-29 00:00:00,,True,ERP_MDM,2025-06-29 00:36:00,2026-08-05 02:59:59,BATCH_202506_RAW_SKU_SUPPLIER_POLICY_SCD
SUP-004,SKU-0132,WH-DEL-02,11,107,201,48,87.06,SGD,2025-01-01 00:00:00,2025-08-28 00:00:00,False,ERP_MDM,2025-01-01 00:34:00,2026-08-05 02:59:59,BATCH_202501_RAW_SKU_SUPPLIER_POLICY_SCD
SUP-004,SKU-0132,WH-DEL-02,17,136,233,120,96.68,SGD,2025-08-29 00:00:00,,True,ERP_MDM,2025-08-29 01:58:00,2026-08-05 02:59:59,BATCH_202508_RAW_SKU_SUPPLIER_POLICY_SCD
SUP-004,SKU-0132,WH-MUM-03,13,115,180,46,87.06,SGD,2025-01-01 00:00:00,2025-08-22 00:00:00,False,ERP_MDM,2025-01-01 02:15:00,2026-08-05 02:59:59,BATCH_202501_RAW_SKU_SUPPLIER_POLICY_SCD
SUP-004,SKU-0132,WH-MUM-03,18,164,189,104,100.09,SGD,2025-08-23 00:00:00,,True,ERP_MDM,2025-08-23 02:43:00,2026-08-05 02:59:59,BATCH_202508_RAW_SKU_SUPPLIER_POLICY_SCD
SUP-004,SKU-0132,WH-BLR-04,10,119,143,41,87.06,SGD,2025-01-01 00:00:00,2025-08-25 00:00:00,False,ERP_MDM,2025-01-16 00:49:00,2026-08-05 02:59:59,BATCH_202501_RAW_SKU_SUPPLIER_POLICY_SCD
SUP-004,SKU-0132,WH-BLR-04,15,202,251,118,97.52,SGD,2025-08-26 00:00:00,,True,ERP_MDM,2025-08-26 01:07:00,2026-08-05 02:59:59,BATCH_202508_RAW_SKU_SUPPLIER_POLICY_SCD
SUP-004,SKU-0133,WH-LKO-01,12,105,156,53,15.06,USD,2025-01-01 00:00:00,2025-07-04 00:00:00,False,ERP_MDM,2025-01-01 00:30:00,2026-08-05 02:59:59,BATCH_202501_RAW_SKU_SUPPLIER_POLICY_SCD
SUP-004,SKU-0133,WH-LKO-01,11,129,240,67,17.27,USD,2025-07-05 00:00:00,,True,ERP_MDM,2025-07-05 02:41:00,2026-08-05 02:59:59,BATCH_202507_RAW_SKU_SUPPLIER_POLICY_SCD
SUP-004,SKU-0133,WH-DEL-02,12,135,219,79,15.06,USD,2025-01-01 00:00:00,2025-07-05 00:00:00,False,ERP_MDM,2025-01-01 01:30:00,2026-08-05 02:59:59,BATCH_202501_RAW_SKU_SUPPLIER_POLICY_SCD
SUP-004,SKU-0133,WH-DEL-02,12,205,268,106,16.79,USD,2025-07-06 00:00:00,,True,ERP_MDM,2025-07-06 00:49:00,2026-08-05 02:59:59,BATCH_202507_RAW_SKU_SUPPLIER_POLICY_SCD
SUP-004,SKU-0133,WH-MUM-03,14,121,140,88,15.06,USD,2025-01-01 00:00:00,2025-06-18 00:00:00,False,ERP_MDM,2025-01-01 02:37:00,2026-08-05 02:59:59,BATCH_202501_RAW_SKU_SUPPLIER_POLICY_SCD
SUP-004,SKU-0133,WH-MUM-03,17,124,208,76,16.08,USD,2025-06-19 00:00:00,,True,ERP_MDM,2025-06-19 00:00:00,2026-08-05 02:59:59,BATCH_202506_RAW_SKU_SUPPLIER_POLICY_SCD
SUP-004,SKU-0133,WH-BLR-04,12,119,132,46,15.06,USD,2025-01-01 00:00:00,2025-07-15 00:00:00,False,ERP_MDM,2025-01-01 02:43:00,2026-08-05 02:59:59,BATCH_202501_RAW_SKU_SUPPLIER_POLICY_SCD
SUP-004,SKU-0133,WH-BLR-04,10,205,197,86,15.69,USD,2025-07-16 00:00:00,,True,ERP_MDM,2025-07-16 02:58:00,2026-08-05 02:59:59,BATCH_202507_RAW_SKU_SUPPLIER_POLICY_SCD
SUP-007,SKU-0134,WH-LKO-01,9,134,134,83,59.56,USD,2025-01-01 00:00:00,2025-06-15 00:00:00,False,ERP_MDM,2025-01-01 00:42:00,2026-08-05 02:59:59,BATCH_202501_RAW_SKU_SUPPLIER_POLICY_SCD
SUP-007,SKU-0134,WH-LKO-01,13,135,225,94,62.7,USD,2025-06-16 00:00:00,,True,ERP_MDM,2025-06-16 02:00:00,2026-08-05 02:59:59,BATCH_202506_RAW_SKU_SUPPLIER_POLICY_SCD
SUP-007,SKU-0134,WH-MUM-03,11,107,142,88,59.56,USD,2025-01-01 00:00:00,2025-08-19 00:00:00,False,ERP_MDM,2025-01-13 01:23:00,2026-08-05 02:59:59,BATCH_202501_RAW_SKU_SUPPLIER_POLICY_SCD
SUP-007,SKU-0134,WH-MUM-03,12,204,261,105,63.12,USD,2025-08-20 00:00:00,,True,ERP_MDM,2025-08-20 01:29:00,2026-08-05 02:59:59,BATCH_202508_RAW_SKU_SUPPLIER_POLICY_SCD
SUP-001,SKU-0134,WH-BLR-04,8,111,142,61,59.56,USD,2025-01-01 00:00:00,2025-07-17 00:00:00,False,ERP_MDM,2025-01-01 00:24:00,2026-08-05 02:59:59,BATCH_202501_RAW_SKU_SUPPLIER_POLICY_SCD
SUP-001,SKU-0134,WH-BLR-04,12,204,220,60,66.33,USD,2025-07-18 00:00:00,,True,ERP_MDM,2025-07-18 02:18:00,2026-08-05 02:59:59,BATCH_202507_RAW_SKU_SUPPLIER_POLICY_SCD
SUP-001,SKU-0135,WH-LKO-01,10,135,197,66,59.47,EUR,2025-01-01 00:00:00,2025-07-16 00:00:00,False,ERP_MDM,2025-01-01 02:57:00,2026-08-05 02:59:59,BATCH_202501_RAW_SKU_SUPPLIER_POLICY_SCD
SUP-001,SKU-0135,WH-LKO-01,16,190,244,110,65.7,EUR,2025-07-17T00:00:00Z,,True,ERP_MDM,2025-07-17 01:08:00,2026-08-05 02:59:59,BATCH_202507_RAW_SKU_SUPPLIER_POLICY_SCD
SUP-005,SKU-0135,WH-MUM-03,14,129,156,41,59.47,EUR,2025-01-01 00:00:00,2025-06-29 00:00:00,False,ERP_MDM,2025-01-01 00:26:00,2026-08-05 02:59:59,BATCH_202501_RAW_SKU_SUPPLIER_POLICY_SCD
SUP-005,SKU-0135,WH-MUM-03,12,180,281,85,65.06,EUR,2025-06-30 00:00:00,,True,ERP_MDM,2025-07-05 00:24:00,2026-08-05 02:59:59,BATCH_202506_RAW_SKU_SUPPLIER_POLICY_SCD
SUP-002,SKU-0136,WH-LKO-01,14,99,150,51,102.42,USD,2025-01-01 00:00:00,2025-06-24 00:00:00,False,ERP_MDM,2025-01-01 01:11:00,2026-08-05 02:59:59,BATCH_202501_RAW_SKU_SUPPLIER_POLICY_SCD
SUP-002,SKU-0136,WH-LKO-01,9,193,281,72,106.76,USD,2025-06-25 00:00:00,,True,ERP_MDM,2025-06-25 00:20:00,2026-08-05 02:59:59,BATCH_202506_RAW_SKU_SUPPLIER_POLICY_SCD
SUP-002,SKU-0136,WH-DEL-02,14,106,162,56,102.42,USD,2025-01-01 00:00:00,2025-08-13 00:00:00,False,ERP_MDM,2025-01-01 00:01:00,2026-08-05 02:59:59,BATCH_202501_RAW_SKU_SUPPLIER_POLICY_SCD
SUP-002,SKU-0136,WH-DEL-02,10,214,197,88,110.5,USD,2025-08-14 00:00:00,,True,ERP_MDM,2025-08-14 00:52:00,2026-08-05 02:59:59,BATCH_202508_RAW_SKU_SUPPLIER_POLICY_SCD
SUP-002,SKU-0136,WH-MUM-03,12,116,174,40,102.42,USD,2025-01-01 00:00:00,2025-08-10 00:00:00,False,ERP_MDM,2025-01-01 02:24:00,2026-08-05 02:59:59,BATCH_202501_RAW_SKU_SUPPLIER_POLICY_SCD
SUP-002,SKU-0136,WH-MUM-03,18,124,167,104,109.61,USD,2025-08-11 00:00:00,,True,ERP_MDM,2025-08-11 01:19:00,2026-08-05 02:59:59,BATCH_202508_RAW_SKU_SUPPLIER_POLICY_SCD
SUP-002,SKU-0136,WH-BLR-04,11,85,146,67,102.42,USD,2025-01-01 00:00:00,2025-08-19 00:00:00,False,ERP_MDM,2025-01-01 00:41:00,2026-08-05 02:59:59,BATCH_202501_RAW_SKU_SUPPLIER_POLICY_SCD
SUP-002,SKU-0136,WH-BLR-04,10,202,206,64,107.6,USD,2025-08-20 00:00:00,,True,ERP_MDM,2025-08-20 01:42:00,2026-08-05 02:59:59,BATCH_202508_RAW_SKU_SUPPLIER_POLICY_SCD
SUP-005,SKU-0137,WH-LKO-01,13,128,147,47,140.47,AED,2025-01-01 00:00:00,2025-06-23 00:00:00,False,ERP_MDM,2025-01-01 01:32:00,2026-08-05 02:59:59,BATCH_202501_RAW_SKU_SUPPLIER_POLICY_SCD
SUP-005,SKU-0137,WH-LKO-01,15,149,189,114,160.17,AED,2025-06-24 00:00:00,,True,ERP_MDM,2025-06-24 02:31:00,2026-08-05 02:59:59,BATCH_202506_RAW_SKU_SUPPLIER_POLICY_SCD
SUP-005,SKU-0137,WH-MUM-03,14,115,139,89,140.47,AED,2025-01-01 00:00:00,2025-08-06 00:00:00,False,ERP_MDM,2025-01-01 02:09:00,2026-08-05 02:59:59,BATCH_202501_RAW_SKU_SUPPLIER_POLICY_SCD
SUP-005,SKU-0137,WH-MUM-03,9,129,288,118,146.49,AED,2025-08-07 00:00:00,,True,ERP_MDM,2025-08-07 02:18:00,2026-08-05 02:59:59,BATCH_202508_RAW_SKU_SUPPLIER_POLICY_SCD
SUP-005,SKU-0137,WH-BLR-04,13,84,162,52,140.47,AED,2025-01-01 00:00:00,2025-08-22 00:00:00,False,ERP_MDM,2025-01-01 02:00:00,2026-08-05 02:59:59,BATCH_202501_RAW_SKU_SUPPLIER_POLICY_SCD
SUP-005,SKU-0137,WH-BLR-04,17,177,292,69,147.69,AED,2025-08-23 00:00:00,,True,ERP_MDM,2025-08-23 01:35:00,2026-08-05 02:59:59,BATCH_202508_RAW_SKU_SUPPLIER_POLICY_SCD
SUP-001,SKU-0138,WH-LKO-01,8,117,171,45,81.29,AED,2025-01-01 00:00:00,2025-07-27 00:00:00,False,ERP_MDM,2025-01-01 00:21:00,2026-08-05 02:59:59,BATCH_202501_RAW_SKU_SUPPLIER_POLICY_SCD
SUP-001, SKU-0138 ,WH-LKO-01,12,170,193,107,90.73,AED,2025-07-28 00:00:00,,True,ERP_MDM,2025-07-28 00:44:00,2026-08-05 02:59:59,BATCH_202507_RAW_SKU_SUPPLIER_POLICY_SCD
SUP-007,SKU-0138,WH-DEL-02,8,102,182,54,81.29,AED,2025-01-01 00:00:00,2025-08-15 00:00:00,False,ERP_MDM,2025-01-01 00:37:00,2026-08-05 02:59:59,BATCH_202501_RAW_SKU_SUPPLIER_POLICY_SCD
SUP-007,SKU-0138,WH-DEL-02,9,126,262,67,89.51,AED,2025-08-16 00:00:00,,True,ERP_MDM,2025-08-16 02:32:00,2026-08-05 02:59:59,BATCH_202508_RAW_SKU_SUPPLIER_POLICY_SCD
SUP-007,SKU-0138,WH-MUM-03,12,86,157,41,81.29,AED,2025-01-01 00:00:00,2025-08-27 00:00:00,False,ERP_MDM,2025-01-05 02:44:00,2026-08-05 02:59:59,BATCH_202501_RAW_SKU_SUPPLIER_POLICY_SCD
SUP-007,SKU-0138,WH-MUM-03,15,178,281,102,93.01,AED,2025-08-28 00:00:00,,True,ERP_MDM,2025-08-28 01:55:00,2026-08-05 02:59:59,BATCH_202508_RAW_SKU_SUPPLIER_POLICY_SCD
SUP-005,SKU-0139,WH-DEL-02,14,119,144,60,30.09,EUR,2025-01-01 00:00:00,45898,False,ERP_MDM,2025-01-01 02:08:00,2026-08-05 02:59:59,BATCH_202501_RAW_SKU_SUPPLIER_POLICY_SCD
SUP-005,SKU-0139,WH-DEL-02,15,123,280,70,32.0,EUR,08-30-2025,,True,ERP_MDM,2025-08-30 01:50:00,2026-08-05 02:59:59,BATCH_202508_RAW_SKU_SUPPLIER_POLICY_SCD
SUP-005,SKU-0139,WH-MUM-03,13,127,211,72,30.09,EUR,2025-01-01 00:00:00,2025-08-28 00:00:00,False,ERP_MDM,2025-01-01 02:11:00,2026-08-05 02:59:59,BATCH_202501_RAW_SKU_SUPPLIER_POLICY_SCD
SUP-005,SKU-0139,WH-MUM-03,13,156,214,93,33.97,EUR,2025-08-29 00:00:00,,True,ERP_MDM,2025-08-29 00:47:00,2026-08-05 02:59:59,BATCH_202508_RAW_SKU_SUPPLIER_POLICY_SCD
SUP-005,SKU-0139,WH-BLR-04,8,113,135,66,30.09,EUR,2025-01-01 00:00:00,2025-07-27 00:00:00,False,ERP_MDM,2025-01-01 01:34:00,2026-08-05 02:59:59,BATCH_202501_RAW_SKU_SUPPLIER_POLICY_SCD
SUP-005,SKU-0139,WH-BLR-04,16,201,298,102,32.64,EUR,2025-07-28 00:00:00,,True,ERP_MDM,2025-07-28 02:26:00,2026-08-05 02:59:59,BATCH_202507_RAW_SKU_SUPPLIER_POLICY_SCD
SUP-006,SKU-0140,WH-DEL-02,8,133,157,89,41.59,EUR,2025-01-01 00:00:00,2025-06-12 00:00:00,False,ERP_MDM,2025-01-01 00:43:00,2026-08-05 02:59:59,BATCH_202501_RAW_SKU_SUPPLIER_POLICY_SCD
SUP-006,SKU-0140,WH-DEL-02,15,121,200,93,43.35,EUR,2025-06-13 00:00:00,,True,ERP_MDM,2025-06-13 00:07:00,2026-08-05 02:59:59,BATCH_202506_RAW_SKU_SUPPLIER_POLICY_SCD
SUP-004,SKU-0141,WH-LKO-01,13,102,175,83,130.17,USD,2025-01-01 00:00:00,2025-08-19 00:00:00,False,ERP_MDM,2025-01-01 02:25:00,2026-08-05 02:59:59,BATCH_202501_RAW_SKU_SUPPLIER_POLICY_SCD
SUP-004,SKU-0141,WH-LKO-01,12,214,278,118,136.57,USD,2025-08-20 00:00:00,,True,ERP_MDM,2025-08-20 02:32:00,2026-08-05 02:59:59,BATCH_202508_RAW_SKU_SUPPLIER_POLICY_SCD
SUP-005,SKU-0141,WH-DEL-02,7,98,176,47,130.17,USD,2025-01-01 00:00:00,2025-06-20 00:00:00,False,ERP_MDM,2025-01-01 02:36:00,2026-08-05 02:59:59,BATCH_202501_RAW_SKU_SUPPLIER_POLICY_SCD
SUP-005,SKU-0141,WH-DEL-02,10,202,176,92,144.7,USD,2025-06-21 00:00:00,,True,ERP_MDM,2025-06-21 01:05:00,2026-08-05 02:59:59,BATCH_202506_RAW_SKU_SUPPLIER_POLICY_SCD
SUP-004,SKU-0141,WH-MUM-03,9,80,164,78,130.17,USD,2025-01-01 00:00:00,2025-06-25 00:00:00,False,ERP_MDM,2025-01-01 02:15:00,2026-08-05 02:59:59,BATCH_202501_RAW_SKU_SUPPLIER_POLICY_SCD
SUP-004,SKU-0141,WH-MUM-03,14,204,256,83,139.97,USD,2025-06-26 00:00:00,,True,ERP_MDM,2025-06-26 02:21:00,2026-08-05 02:59:59,BATCH_202506_RAW_SKU_SUPPLIER_POLICY_SCD
SUP-004,SKU-0141,WH-BLR-04,10,117,127,79,130.17,USD,2025-01-01 00:00:00,2025-07-21 00:00:00,False,ERP_MDM,2025-01-05 01:54:00,2026-08-05 02:59:59,BATCH_202501_RAW_SKU_SUPPLIER_POLICY_SCD
SUP-004,SKU-0141,WH-BLR-04,15,169,230,93,143.57,USD,2025-07-22 00:00:00,,True,ERP_MDM,2025-07-22 01:35:00,2026-08-05 02:59:59,BATCH_202507_RAW_SKU_SUPPLIER_POLICY_SCD
SUP-002, SKU-0142 ,WH-LKO-01,12,116,219,52,12.58,SGD,2025-01-01 00:00:00,2025-07-15 00:00:00,False,ERP_MDM,2025-01-01 01:10:00,2026-08-05 02:59:59,BATCH_202501_RAW_SKU_SUPPLIER_POLICY_SCD
SUP-002,SKU-0142,WH-LKO-01,14,130,174,94,13.58,SGD,2025-07-16 00:00:00,,True,ERP_MDM,2025-07-16 02:27:00,2026-08-05 02:59:59,BATCH_202507_RAW_SKU_SUPPLIER_POLICY_SCD
SUP-002,SKU-0142,WH-DEL-02,11,107,215,58,12.58,SGD,2025-01-01 00:00:00,2025-06-12 00:00:00,False,ERP_MDM,2025-01-01 01:49:00,2026-08-05 02:59:59,BATCH_202501_RAW_SKU_SUPPLIER_POLICY_SCD
SUP-002,SKU-0142,WH-DEL-02,12,136,251,64,14.32,SGD,2025-06-13 00:00:00,,True,ERP_MDM,2025-06-13 02:57:00,2026-08-05 02:59:59,BATCH_202506_RAW_SKU_SUPPLIER_POLICY_SCD
SUP-002,SKU-0142,WH-BLR-04,8,88,147,87,12.58,SGD,2025-01-01 00:00:00,2025-07-04 00:00:00,False,ERP_MDM,2025-01-01 02:01:00,2026-08-05 02:59:59,BATCH_202501_RAW_SKU_SUPPLIER_POLICY_SCD
SUP-002,SKU-0142,WH-BLR-04,12,129,214,110,13.31,SGD,2025-07-05 00:00:00,,True,ERP_MDM,2025-07-20 01:43:00,2026-08-05 02:59:59,BATCH_202507_RAW_SKU_SUPPLIER_POLICY_SCD
SUP-001,SKU-0143,WH-LKO-01,12,85,159,52,85.92,SGD,2025-01-01 00:00:00,2025-08-06 00:00:00,False,ERP_MDM,2025-01-01 00:20:00,2026-08-05 02:59:59,BATCH_202501_RAW_SKU_SUPPLIER_POLICY_SCD
SUP-001,SKU-0143,WH-LKO-01,17,163,160,103,91.12,SGD,2025-08-07 00:00:00,,True,ERP_MDM,2025-08-07 01:12:00,2026-08-05 02:59:59,BATCH_202508_RAW_SKU_SUPPLIER_POLICY_SCD
SUP-001,SKU-0143,WH-DEL-02,8,137,214,67,85.92,SGD,2025-01-01 00:00:00,2025-08-25 00:00:00,False,ERP_MDM,2025-01-01 02:20:00,2026-08-05 02:59:59,BATCH_202501_RAW_SKU_SUPPLIER_POLICY_SCD
SUP-001,SKU-0143,WH-DEL-02,13,201,211,112,92.57,SGD,1756146600,,True,ERP_MDM,2025-08-26 01:34:00,2026-08-05 02:59:59,BATCH_202508_RAW_SKU_SUPPLIER_POLICY_SCD
SUP-001,SKU-0143,WH-BLR-04,7,104,188,58,85.92,SGD,2025-01-01 00:00:00,2025-06-19 00:00:00,False,ERP_MDM,2025-01-01 00:28:00,2026-08-05 02:59:59,BATCH_202501_RAW_SKU_SUPPLIER_POLICY_SCD
SUP-001,SKU-0143,WH-BLR-04,13,132,271,83,98.37,SGD,2025-06-20 00:00:00,,True,ERP_MDM,2025-06-20 01:38:00,2026-08-05 02:59:59,BATCH_202506_RAW_SKU_SUPPLIER_POLICY_SCD
SUP-006,SKU-0144,WH-DEL-02,8,98,157,41,25.56,USD,2025-01-01 00:00:00,2025-07-26 00:00:00,False,ERP_MDM,2025-01-01 01:01:00,2026-08-05 02:59:59,BATCH_202501_RAW_SKU_SUPPLIER_POLICY_SCD
SUP-006,SKU-0144,WH-DEL-02,11,151,272,64,29.03,USD,2025-07-27 00:00:00,,True,ERP_MDM,2025-07-27 01:06:00,2026-08-05 02:59:59,BATCH_202507_RAW_SKU_SUPPLIER_POLICY_SCD
sup-006,SKU-0144,WH-MUM-03,11,83,198,88,25.56,USD,2025-01-01 00:00:00,2025-07-24 00:00:00,False,ERP_MDM,2025-01-01 02:38:00,2026-08-05 02:59:59,BATCH_202501_RAW_SKU_SUPPLIER_POLICY_SCD
SUP-006,SKU-0144,WH-MUM-03,15,128,270,110,29.0,USD,2025-07-25 00:00:00,,True,ERP_MDM,2025-07-25 00:12:00,2026-08-05 02:59:59,BATCH_202507_RAW_SKU_SUPPLIER_POLICY_SCD
SUP-006,SKU-0144,WH-BLR-04,14,122,162,73,25.56,USD,2025-01-01 00:00:00,2025-08-05 00:00:00,False,ERP_MDM,2025-01-01 00:43:00,2026-08-05 02:59:59,BATCH_202501_RAW_SKU_SUPPLIER_POLICY_SCD
SUP-006,SKU-0144,WH-BLR-04,15,124,183,69,28.9,USD,2025-08-06 00:00:00,,True,ERP_MDM,2025-08-06 01:02:00,2026-08-05 02:59:59,BATCH_202508_RAW_SKU_SUPPLIER_POLICY_SCD
SUP-002,SKU-0145,WH-LKO-01,13,124,174,67,61.86,USD,2025-01-01 00:00:00,2025-06-12 00:00:00,False,ERP_MDM,2025-01-06 01:47:00,2026-08-05 02:59:59,BATCH_202501_RAW_SKU_SUPPLIER_POLICY_SCD
SUP-002,SKU-0145,WH-LKO-01,16,150,260,67,70.8,USD,2025-06-13 00:00:00,,True,ERP_MDM,2025-06-13 01:51:00,2026-08-05 02:59:59,BATCH_202506_RAW_SKU_SUPPLIER_POLICY_SCD
 SUP-004 ,SKU-0145,WH-DEL-02,8,92,182,79,61.86,USD,2025-01-01 00:00:00,2025-08-08 00:00:00,False,ERP_MDM,2025-01-05 01:38:00,2026-08-05 02:59:59,BATCH_202501_RAW_SKU_SUPPLIER_POLICY_SCD
SUP-004,SKU-0145,WH-DEL-02,16,175,257,97,64.61,USD,2025-08-09 00:00:00,,True,ERP_MDM,2025-08-12 02:27:00,2026-08-05 02:59:59,BATCH_202508_RAW_SKU_SUPPLIER_POLICY_SCD
SUP-002,SKU-0145,WH-MUM-03,8,140,214,52,61.86,USD,2025-01-01 00:00:00,2025-08-10 00:00:00,False,ERP_MDM,2025-01-01 01:35:00,2026-08-05 02:59:59,BATCH_202501_RAW_SKU_SUPPLIER_POLICY_SCD
SUP-002,SKU-0145,WH-MUM-03,9,172,250,77,69.97,USD,2025-08-11 00:00:00,,True,ERP_MDM,2025-08-11 00:58:00,2026-08-05 02:59:59,BATCH_202508_RAW_SKU_SUPPLIER_POLICY_SCD
SUP-002,SKU-0145,WH-BLR-04,13,87,162,79,61.86,USD,2025-01-01 00:00:00,2025-07-14 00:00:00,False,ERP_MDM,2025-01-01 02:53:00,2026-08-05 02:59:59,BATCH_202501_RAW_SKU_SUPPLIER_POLICY_SCD
SUP-002,SKU-0145,WH-BLR-04,18,202,284,102,64.38,USD,15/07/2025,,True,ERP_MDM,2025-07-15 02:45:00,2026-08-05 02:59:59,BATCH_202507_RAW_SKU_SUPPLIER_POLICY_SCD
SUP-001,SKU-0146, WH-LKO-01 ,13,88,147,75,64.86,EUR,2025-01-01 00:00:00,2025-06-28 00:00:00,False,ERP_MDM,2025-01-01 02:17:00,2026-08-05 02:59:59,BATCH_202501_RAW_SKU_SUPPLIER_POLICY_SCD
SUP-001,SKU-0146,WH-LKO-01,15,195,171,86,71.29,EUR,2025-06-29 00:00:00,,True,ERP_MDM,2025-06-29 02:45:00,2026-08-05 02:59:59,BATCH_202506_RAW_SKU_SUPPLIER_POLICY_SCD
SUP-001,SKU-0146,WH-DEL-02,13,115,180,51,64.86,EUR,2025-01-01 00:00:00,2025-07-10 00:00:00,False,ERP_MDM,2025-01-01 01:01:00,2026-08-05 02:59:59,BATCH_202501_RAW_SKU_SUPPLIER_POLICY_SCD
SUP-001,SKU-0146,WH-DEL-02,12,201,259,68,68.74,EUR,2025-07-11 00:00:00,,True,ERP_MDM,2025-07-11 00:20:00,2026-08-05 02:59:59,BATCH_202507_RAW_SKU_SUPPLIER_POLICY_SCD
SUP-001,SKU-0146,WH-MUM-03,8,83,204,66,64.86,EUR,2025-01-01 00:00:00,2025-06-30 00:00:00,False,ERP_MDM,2025-01-01 00:01:00,2026-08-05 02:59:59,BATCH_202501_RAW_SKU_SUPPLIER_POLICY_SCD
SUP-001,SKU-0146,WH-MUM-03,11,201,189,92,70.28,EUR,01/07/2025,,True,ERP_MDM,2025-07-01 00:38:00,2026-08-05 02:59:59,BATCH_202507_RAW_SKU_SUPPLIER_POLICY_SCD
SUP-001,SKU-0146,WH-BLR-04,13,135,185,84,64.86,EUR,2025-01-01 00:00:00,2025-07-02 00:00:00,False,ERP_MDM,2025-01-01 01:57:00,2026-08-05 02:59:59,BATCH_202501_RAW_SKU_SUPPLIER_POLICY_SCD
SUP-001,SKU-0146,WH-BLR-04,17,206,213,85,71.29,EUR,2025-07-03 00:00:00,,True,ERP_MDM,2025-07-03 00:37:00,2026-08-05 02:59:59,BATCH_202507_RAW_SKU_SUPPLIER_POLICY_SCD
SUP-005,SKU-0147,WH-LKO-01,9,138,196,69,43.65,EUR,2025-01-01 00:00:00,2025-06-17 00:00:00,False,ERP_MDM,2025-01-01 02:23:00,2026-08-05 02:59:59,BATCH_202501_RAW_SKU_SUPPLIER_POLICY_SCD
SUP-005,SKU-0147,WH-LKO-01,16,204,164,60,47.05,EUR,2025-06-18 00:00:00,,True,ERP_MDM,2025-06-18 01:18:00,2026-08-05 02:59:59,BATCH_202506_RAW_SKU_SUPPLIER_POLICY_SCD
SUP-005,SKU-0147,WH-DEL-02,7,87,188,60,43.65,EUR,2025-01-01 00:00:00,2025-08-01 00:00:00,False,ERP_MDM,2025-01-01 00:00:00,2026-08-05 02:59:59,BATCH_202501_RAW_SKU_SUPPLIER_POLICY_SCD
SUP-005,SKU-0147,WH-DEL-02,12,147,181,71,46.61,EUR,2025-08-02 00:00:00,,True,ERP_MDM,2025-08-02 01:01:00,2026-08-05 02:59:59,BATCH_202508_RAW_SKU_SUPPLIER_POLICY_SCD
SUP-005,SKU-0147,WH-MUM-03,12,135,140,70,43.65,EUR,2025-01-01 00:00:00,2025-06-30 00:00:00,False,ERP_MDM,2025-01-01 00:11:00,2026-08-05 02:59:59,BATCH_202501_RAW_SKU_SUPPLIER_POLICY_SCD
SUP-005,SKU-0147,WH-MUM-03,16,168,186,96,49.65,EUR,2025-07-01 00:00:00,,True,ERP_MDM,2025-07-01 02:59:00,2026-08-05 02:59:59,BATCH_202507_RAW_SKU_SUPPLIER_POLICY_SCD
SUP-005,SKU-0147,WH-BLR-04,12,86,134,86,43.65,EUR,2025-01-01 00:00:00,2025-08-29 00:00:00,False,ERP_MDM,2025-01-01 00:24:00,2026-08-05 02:59:59,BATCH_202501_RAW_SKU_SUPPLIER_POLICY_SCD
SUP-005,SKU-0147,WH-BLR-04,11,146,214,75,45.41,EUR,2025-08-30 00:00:00,,True,ERP_MDM,2025-08-30 00:02:00,2026-08-05 02:59:59,BATCH_202508_RAW_SKU_SUPPLIER_POLICY_SCD
SUP-006,SKU-0148,WH-LKO-01,12,96,181,76,135.46,USD,2025-01-01 00:00:00,2025-08-01 00:00:00,False,ERP_MDM,2025-01-01 02:28:00,2026-08-05 02:59:59,BATCH_202501_RAW_SKU_SUPPLIER_POLICY_SCD
SUP-006,SKU-0148,WH-LKO-01,10,123,271,60,155.13,USD,2025-08-02 00:00:00,,True,ERP_MDM,2025-08-03 01:11:00,2026-08-05 02:59:59,BATCH_202508_RAW_SKU_SUPPLIER_POLICY_SCD
SUP-006,SKU-0148,WH-DEL-02,11,130,175,86,135.46,USD,2025-01-01 00:00:00,2025-07-09 00:00:00,False,ERP_MDM,2025-01-01 01:50:00,2026-08-05 02:59:59,BATCH_202501_RAW_SKU_SUPPLIER_POLICY_SCD
SUP-006,SKU-0148,WH-DEL-02,12,201,244,118,151.51,USD,2025-07-10 00:00:00,,True,ERP_MDM,2025-07-10 00:48:00,2026-08-05 02:59:59,BATCH_202507_RAW_SKU_SUPPLIER_POLICY_SCD
SUP-006,SKU-0148,WH-MUM-03,14,111,206,53,135.46,USD,2025-01-01 00:00:00,2025-07-11 00:00:00,False,ERP_MDM,2025-01-01 00:42:00,2026-08-05 02:59:59,BATCH_202501_RAW_SKU_SUPPLIER_POLICY_SCD
SUP-006,SKU-0148,WH-MUM-03,13,147,189,74,149.49,USD,2025-07-12 00:00:00,,True,ERP_MDM,2025-07-12 01:28:00,2026-08-05 02:59:59,BATCH_202507_RAW_SKU_SUPPLIER_POLICY_SCD
SUP-006,SKU-0148,WH-BLR-04,9,92,175,71,135.46,USD,2025-01-01 00:00:00,2025-07-29 00:00:00,False,ERP_MDM,2025-01-01 02:41:00,2026-08-05 02:59:59,BATCH_202501_RAW_SKU_SUPPLIER_POLICY_SCD
SUP-006,SKU-0148,WH-BLR-04,9,188,223,109,155.63,USD,2025-07-30 00:00:00,,True,ERP_MDM,2025-07-30 02:26:00,2026-08-05 02:59:59,BATCH_202507_RAW_SKU_SUPPLIER_POLICY_SCD
SUP-005,SKU-0149,WH-LKO-01,13,120,186,58,132.07,EUR,2025-01-01 00:00:00,2025-06-18 00:00:00,False,ERP_MDM,2025-01-01 01:07:00,2026-08-05 02:59:59,BATCH_202501_RAW_SKU_SUPPLIER_POLICY_SCD
SUP-005,SKU-0149,WH-LKO-01,17,138,170,75,145.85,EUR,2025-06-19 00:00:00,,True,ERP_MDM,2025-06-19 00:33:00,2026-08-05 02:59:59,BATCH_202506_RAW_SKU_SUPPLIER_POLICY_SCD
SUP-005,SKU-0149,WH-DEL-02,13,140,213,83,132.07,EUR,2025-01-01 00:00:00,2025-07-28 00:00:00,False,ERP_MDM,2025-01-01 01:46:00,2026-08-05 02:59:59,BATCH_202501_RAW_SKU_SUPPLIER_POLICY_SCD
SUP-005,SKU-0149,WH-DEL-02,12,206,165,110,139.4,EUR,29/07/2025,,True,ERP_MDM,2025-07-29 00:22:00,2026-08-05 02:59:59,BATCH_202507_RAW_SKU_SUPPLIER_POLICY_SCD
SUP-005,SKU-0149,WH-MUM-03,12,137,218,40,132.07,EUR,2025-01-01 00:00:00,2025-07-18 00:00:00,False,ERP_MDM,2025-01-01 01:36:00,2026-08-05 02:59:59,BATCH_202501_RAW_SKU_SUPPLIER_POLICY_SCD
SUP-005,SKU-0149,WH-MUM-03,10,201,204,113,137.68,EUR,2025-07-19 00:00:00,,True,ERP_MDM,2025-07-19 01:41:00,2026-08-05 02:59:59,BATCH_202507_RAW_SKU_SUPPLIER_POLICY_SCD
SUP-001,SKU-0150,WH-LKO-01,8,118,162,80,144.79,AED,2025-01-01 00:00:00,2025-08-24 00:00:00,False,ERP_MDM,2025-01-01 02:22:00,2026-08-05 02:59:59,BATCH_202501_RAW_SKU_SUPPLIER_POLICY_SCD
SUP-001,SKU-0150,WH-LKO-01,10,127,292,60,163.56,AED,2025-08-25 00:00:00,,True,ERP_MDM,2025-08-25 00:54:00,2026-08-05 02:59:59,BATCH_202508_RAW_SKU_SUPPLIER_POLICY_SCD
SUP-001,SKU-0150,WH-DEL-02,9,116,182,52,144.79,AED,2025-01-01 00:00:00,2025-08-04 00:00:00,False,ERP_MDM,2025-01-01 02:31:00,2026-08-05 02:59:59,BATCH_202501_RAW_SKU_SUPPLIER_POLICY_SCD
SUP-001,SKU-0150,WH-DEL-02,18,201,178,87,166.45,AED,2025-08-05 00:00:00,,True,ERP_MDM,2025-08-05 00:43:00,2026-08-05 02:59:59,BATCH_202508_RAW_SKU_SUPPLIER_POLICY_SCD
SUP-001,SKU-0150,WH-MUM-03,11,116,193,42,144.79,AED,2025-01-01 00:00:00,2025-08-22 00:00:00,False,ERP_MDM,2025-01-01 00:07:00,2026-08-05 02:59:59,BATCH_202501_RAW_SKU_SUPPLIER_POLICY_SCD
SUP-001,SKU-0150,WH-MUM-03,16,213,224,108,166.22,AED,2025-08-23 00:00:00,,True,ERP_MDM,2025-08-23 01:03:00,2026-08-05 02:59:59,BATCH_202508_RAW_SKU_SUPPLIER_POLICY_SCD
SUP-001,SKU-0150,WH-BLR-04,9,108,176,89,144.79,AED,2025-01-01 00:00:00,2025-08-27 00:00:00,False,ERP_MDM,2025-01-01 00:26:00,2026-08-05 02:59:59,BATCH_202501_RAW_SKU_SUPPLIER_POLICY_SCD
SUP-001,SKU-0150,WH-BLR-04,18,134,197,81,153.69,AED,2025-08-28 00:00:00,,True,ERP_MDM,2025-08-28 00:18:00,2026-08-05 02:59:59,BATCH_202508_RAW_SKU_SUPPLIER_POLICY_SCD
SUP-008,SKU-0011,WH-DEL-02,12,169,235,71,125.3026,AED,2025-03-26 00:00:00,,True,ERP_MDM,2025-03-26 01:40:00,2026-08-05 02:59:59,BATCH_202503_RAW_SKU_SUPPLIER_POLICY_SCD
SUP-002,SKU-0062,WH-BLR-04,13,183,223,112,95.88759999999999,EUR,2025-04-03 00:00:00,,True,ERP_MDM,2025-04-03 01:39:00,2026-08-05 02:59:59,BATCH_202504_RAW_SKU_SUPPLIER_POLICY_SCD
SUP-001,SKU-0121,WH-BLR-04,15,159,178,98,48.7706,SGD,2025-06-16 00:00:00,,True,ERP_MDM,2025-06-16 02:40:00,2026-08-05 02:59:59,BATCH_202506_RAW_SKU_SUPPLIER_POLICY_SCD
SUP-001,SKU-0032,WH-MUM-03,11,176,160,63,83.29480000000001,USD,2025-07-02 00:00:00,,True,ERP_MDM,2025-07-02 01:04:00,2026-08-05 02:59:59,BATCH_202507_RAW_SKU_SUPPLIER_POLICY_SCD
SUP-002,SKU-0026,WH-MUM-03,17,198,183,119,31.874200000000002,USD,2025-05-17 00:00:00,,True,ERP_MDM,2025-05-17 00:19:00,2026-08-05 02:59:59,BATCH_202505_RAW_SKU_SUPPLIER_POLICY_SCD
