tracking_id_raw,shipment_id_raw,carrier_payload_raw,source_system,record_updated_at,ingestion_timestamp,batch_id
TRK-78624534,SHP-00000001,"{""status"": ""DELIVERED"", ""events"": [{""epoch_time"": 1735731000, ""event"": ""PO_CONFIRMED"", ""location"": ""Supplier ERP"", ""exception_code"": ""NONE""}, {""epoch_time"": 1736677800, ""event"": ""SUPPLIER_HANDOVER"", ""location"": ""SUP-002"", ""exception_code"": ""NONE""}, {""epoch_time"": 1736757000, ""event"": ""DESTINATION_ARRIVAL"", ""location"": ""WH-LKO-01"", ""exception_code"": ""NONE""}, {""epoch_time"": 1736764200, ""event"": ""DOCK_RECEIVED"", ""location"": ""WH-LKO-01"", ""exception_code"": ""NONE""}]}",PROJECT44_API,2025-01-01 02:06:00,2026-08-05 02:59:59,BATCH_202501_RAW_CARRIER_TELEMETRY
TRK-37786129,SHP-00000002,"{""status"": ""DELIVERED"", ""events"": [{""epoch_time"": 1735723800, ""event"": ""PO_CONFIRMED"", ""location"": ""Supplier ERP"", ""exception_code"": ""NONE""}, {""epoch_time"": 1736411400, ""event"": ""SUPPLIER_HANDOVER"", ""location"": ""SUP-005"", ""exception_code"": ""NONE""}, {""epoch_time"": 1736490600, ""event"": ""DESTINATION_ARRIVAL"", ""location"": ""WH-MUM-03"", ""exception_code"": ""NONE""}, {""epoch_time"": 1736497800, ""event"": ""DOCK_RECEIVED"", ""location"": ""WH-MUM-03"", ""exception_code"": ""NONE""}]}",PROJECT44_API,2025-01-01 00:22:00,2026-08-05 02:59:59,BATCH_202501_RAW_CARRIER_TELEMETRY
TRK-32019658,SHP-00000003,"{""status"": ""DELIVERED"", ""events"": [{""epoch_time"": 1735731000, ""event"": ""PO_CONFIRMED"", ""location"": ""Supplier ERP"", ""exception_code"": ""NONE""}, {""epoch_time"": 1736332200, ""event"": ""SUPPLIER_HANDOVER"", ""location"": ""SUP-001"", ""exception_code"": ""NONE""}, {""epoch_time"": 1736584200, ""event"": ""DESTINATION_ARRIVAL"", ""location"": ""WH-BLR-04"", ""exception_code"": ""NONE""}, {""epoch_time"": 1736591400, ""event"": ""DOCK_RECEIVED"", ""location"": ""WH-BLR-04"", ""exception_code"": ""NONE""}]}",PROJECT44_API,2025-01-01 01:15:00,2026-08-05 02:59:59,BATCH_202501_RAW_CARRIER_TELEMETRY
TRK-52748817,SHP-00000004,"{""status"": ""DELIVERED"", ""events"": [{""epoch_time"": 1735727400, ""event"": ""PO_CONFIRMED"", ""location"": ""Supplier ERP"", ""exception_code"": ""NONE""}, {""epoch_time"": 1736674200, ""event"": ""SUPPLIER_HANDOVER"", ""location"": ""SUP-001"", ""exception_code"": ""NONE""}, {""epoch_time"": 1737703800, ""event"": ""DESTINATION_ARRIVAL"", ""location"": ""WH-DEL-02"", ""exception_code"": ""NONE""}, {""epoch_time"": 1737711000, ""event"": ""DOCK_RECEIVED"", ""location"": ""WH-DEL-02"", ""exception_code"": ""NONE""}]}",PROJECT44_API,2025-01-01 01:52:00,2026-08-05 02:59:59,BATCH_202501_RAW_CARRIER_TELEMETRY
 TRK-91161366 ,SHP-00000005,"{""status"": ""DELIVERED"", ""events"": [{""epoch_time"": 1735723800, ""event"": ""PO_CONFIRMED"", ""location"": ""Supplier ERP"", ""exception_code"": ""NONE""}, {""epoch_time"": 1736843400, ""event"": ""SUPPLIER_HANDOVER"", ""location"": ""SUP-002"", ""exception_code"": ""NONE""}, {""epoch_time"": 1737009000, ""event"": ""DESTINATION_ARRIVAL"", ""location"": ""WH-DEL-02"", ""exception_code"": ""NONE""}, {""epoch_time"": 1737016200, ""event"": ""DOCK_RECEIVED"", ""location"": ""WH-DEL-02"", ""exception_code"": ""NONE""}]}",PROJECT44_API,2025-01-01 00:04:00,2026-08-05 02:59:59,BATCH_202501_RAW_CARRIER_TELEMETRY
TRK-68226387,SHP-00000006,"{""status"": ""DELIVERED"", ""events"": [{""epoch_time"": 1735702200, ""event"": ""PO_CONFIRMED"", ""location"": ""Supplier ERP"", ""exception_code"": ""NONE""}, {""epoch_time"": 1736821800, ""event"": ""SUPPLIER_HANDOVER"", ""location"": ""SUP-005"", ""exception_code"": ""NONE""}, {""epoch_time"": 1737073800, ""event"": ""DESTINATION_ARRIVAL"", ""location"": ""WH-DEL-02"", ""exception_code"": ""NONE""}, {""epoch_time"": 1737081000, ""event"": ""DOCK_RECEIVED"", ""location"": ""WH-DEL-02"", ""exception_code"": ""NONE""}]}",PROJECT44_API,2025-01-01 01:50:00,2026-08-05 02:59:59,BATCH_202501_RAW_CARRIER_TELEMETRY
TRK-95527723,SHP-00000007,"{""status"": ""DELIVERED"", ""events"": [{""epoch_time"": 1735731000, ""event"": ""PO_CONFIRMED"", ""location"": ""Supplier ERP"", ""exception_code"": ""NONE""}, {""epoch_time"": 1736591400, ""event"": ""SUPPLIER_HANDOVER"", ""location"": ""SUP-005"", ""exception_code"": ""NONE""}, {""epoch_time"": 1736757000, ""event"": ""DESTINATION_ARRIVAL"", ""location"": ""WH-MUM-03"", ""exception_code"": ""NONE""}, {""epoch_time"": 1736764200, ""event"": ""DOCK_RECEIVED"", ""location"": ""WH-MUM-03"", ""exception_code"": ""NONE""}]}",PROJECT44_API,2025-01-01 01:38:00,2026-08-05 02:59:59,BATCH_202501_RAW_CARRIER_TELEMETRY
TRK-87717531,SHP-00000008,"{""status"": ""DELIVERED"", ""events"": [{""epoch_time"": 1735716600, ""event"": ""PO_CONFIRMED"", ""location"": ""Supplier ERP"", ""exception_code"": ""NONE""}, {""epoch_time"": 1736317800, ""event"": ""SUPPLIER_HANDOVER"", ""location"": ""SUP-001"", ""exception_code"": ""NONE""}, {""epoch_time"": 1736915400, ""event"": ""DESTINATION_ARRIVAL"", ""location"": ""WH-MUM-03"", ""exception_code"": ""NONE""}, {""epoch_time"": 1736922600, ""event"": ""DOCK_RECEIVED"", ""location"": ""WH-MUM-03"", ""exception_code"": ""NONE""}]}",PROJECT44_API,2025-01-01 02:51:00,2026-08-05 02:59:59,BATCH_202501_RAW_CARRIER_TELEMETRY
TRK-84991658,SHP-00000009,"{""status"": ""DELIVERED"", ""events"": [{""epoch_time"": 1735702200, ""event"": ""PO_CONFIRMED"", ""location"": ""Supplier ERP"", ""exception_code"": ""NONE""}, {""epoch_time"": 1736562600, ""event"": ""SUPPLIER_HANDOVER"", ""location"": ""SUP-001"", ""exception_code"": ""NONE""}, {""epoch_time"": 1736901000, ""event"": ""DESTINATION_ARRIVAL"", ""location"": ""WH-LKO-01"", ""exception_code"": ""NONE""}, {""epoch_time"": 1736908200, ""event"": ""DOCK_RECEIVED"", ""location"": ""WH-LKO-01"", ""exception_code"": ""NONE""}]}",PROJECT44_API,2025-01-01 02:23:00,2026-08-05 02:59:59,BATCH_202501_RAW_CARRIER_TELEMETRY
TRK-22028618,SHP-00000010,"{""status"": ""DELIVERED"", ""events"": [{""epoch_time"": 1735731000, ""event"": ""PO_CONFIRMED"", ""location"": ""Supplier ERP"", ""exception_code"": ""NONE""}, {""epoch_time"": 1737109800, ""event"": ""SUPPLIER_HANDOVER"", ""location"": ""SUP-006"", ""exception_code"": ""NONE""}, {""epoch_time"": 1737189000, ""event"": ""DESTINATION_ARRIVAL"", ""location"": ""WH-MUM-03"", ""exception_code"": ""NONE""}, {""epoch_time"": 1737196200, ""event"": ""DOCK_RECEIVED"", ""location"": ""WH-MUM-03"", ""exception_code"": ""NONE""}]}",PROJECT44_API,2025-01-01 01:12:00,2026-08-05 02:59:59,BATCH_202501_RAW_CARRIER_TELEMETRY
TRK-88928269,SHP-00000011,"{""status"": ""DELIVERED"", ""events"": [{""epoch_time"": 1736227800, ""event"": ""PO_CONFIRMED"", ""location"": ""Supplier ERP"", ""exception_code"": ""NONE""}, {""epoch_time"": 1737088200, ""event"": ""SUPPLIER_HANDOVER"", ""location"": ""SUP-008"", ""exception_code"": ""NONE""}, {""epoch_time"": 1737340200, ""event"": ""DESTINATION_ARRIVAL"", ""location"": ""WH-MUM-03"", ""exception_code"": ""NONE""}, {""epoch_time"": 1737347400, ""event"": ""DOCK_RECEIVED"", ""location"": ""WH-MUM-03"", ""exception_code"": ""NONE""}]}",PROJECT44_API,2025-01-01 01:07:00,2026-08-05 02:59:59,BATCH_202501_RAW_CARRIER_TELEMETRY
TRK-94479766, SHP-00000012 ,"{""status"": ""DELIVERED"", ""events"": [{""epoch_time"": 1736569800, ""event"": ""PO_CONFIRMED"", ""location"": ""Supplier ERP"", ""exception_code"": ""NONE""}, {""epoch_time"": 1737343800, ""event"": ""SUPPLIER_HANDOVER"", ""location"": ""SUP-005"", ""exception_code"": ""NONE""}, {""epoch_time"": 1737509400, ""event"": ""DESTINATION_ARRIVAL"", ""location"": ""WH-MUM-03"", ""exception_code"": ""NONE""}, {""epoch_time"": 1737516600, ""event"": ""DOCK_RECEIVED"", ""location"": ""WH-MUM-03"", ""exception_code"": ""NONE""}]}",PROJECT44_API,2025-01-01 01:38:00,2026-08-05 02:59:59,BATCH_202501_RAW_CARRIER_TELEMETRY
TRK-11832362,SHP-00000013,"{""status"": ""DELIVERED"", ""events"": [{""epoch_time"": 1736652600, ""event"": ""PO_CONFIRMED"", ""location"": ""Supplier ERP"", ""exception_code"": ""NONE""}, {""epoch_time"": 1737772200, ""event"": ""SUPPLIER_HANDOVER"", ""location"": ""SUP-007"", ""exception_code"": ""NONE""}, {""epoch_time"": 1737937800, ""event"": ""DESTINATION_ARRIVAL"", ""location"": ""WH-BLR-04"", ""exception_code"": ""NONE""}, {""epoch_time"": 1737945000, ""event"": ""DOCK_RECEIVED"", ""location"": ""WH-BLR-04"", ""exception_code"": ""NONE""}]}",PROJECT44_API,2025-01-01 02:27:00,2026-08-05 02:59:59,BATCH_202501_RAW_CARRIER_TELEMETRY
TRK-33505418,SHP-00000014,"{""status"": ""DELIVERED"", ""events"": [{""epoch_time"": 1737023400, ""event"": ""PO_CONFIRMED"", ""location"": ""Supplier ERP"", ""exception_code"": ""NONE""}, {""epoch_time"": 1737624600, ""event"": ""SUPPLIER_HANDOVER"", ""location"": ""SUP-001"", ""exception_code"": ""NONE""}, {""epoch_time"": 1737963000, ""event"": ""DESTINATION_ARRIVAL"", ""location"": ""WH-MUM-03"", ""exception_code"": ""NONE""}, {""epoch_time"": 1737970200, ""event"": ""DOCK_RECEIVED"", ""location"": ""WH-MUM-03"", ""exception_code"": ""NONE""}]}",PROJECT44_API,2025-01-01 02:05:00,2026-08-05 02:59:59,BATCH_202501_RAW_CARRIER_TELEMETRY
TRK-16399444,SHP-00000015,"{""status"": ""DELIVERED"", ""events"": [{""epoch_time"": 1737005400, ""event"": ""PO_CONFIRMED"", ""location"": ""Supplier ERP"", ""exception_code"": ""NONE""}, {""epoch_time"": 1737865800, ""event"": ""SUPPLIER_HANDOVER"", ""location"": ""SUP-001"", ""exception_code"": ""NONE""}, {""epoch_time"": 1738031400, ""event"": ""DESTINATION_ARRIVAL"", ""location"": ""WH-LKO-01"", ""exception_code"": ""NONE""}, {""epoch_time"": 1738038600, ""event"": ""DOCK_RECEIVED"", ""location"": ""WH-LKO-01"", ""exception_code"": ""NONE""}]}",PROJECT44_API,2025-01-01 00:48:00,2026-08-05 02:59:59,BATCH_202501_RAW_CARRIER_TELEMETRY
TRK-22545204,SHP-00000016,"{""status"": ""DELIVERED"", ""events"": [{""epoch_time"": 1737084600, ""event"": ""PO_CONFIRMED"", ""location"": ""Supplier ERP"", ""exception_code"": ""NONE""}, {""epoch_time"": 1738377000, ""event"": ""SUPPLIER_HANDOVER"", ""location"": ""SUP-002"", ""exception_code"": ""NONE""}, {""epoch_time"": 1738456200, ""event"": ""DESTINATION_ARRIVAL"", ""location"": ""WH-DEL-02"", ""exception_code"": ""NONE""}, {""epoch_time"": 1738463400, ""event"": ""DOCK_RECEIVED"", ""location"": ""WH-DEL-02"", ""exception_code"": ""NONE""}]}",PROJECT44_API,2025-01-01 02:46:00,2026-08-05 02:59:59,BATCH_202501_RAW_CARRIER_TELEMETRY
TRK-40435159,SHP-00000017,"{""status"": ""DELIVERED"", ""events"": [{""epoch_time"": 1737091800, ""event"": ""PO_CONFIRMED"", ""location"": ""Supplier ERP"", ""exception_code"": ""NONE""}, {""epoch_time"": 1738125000, ""event"": ""SUPPLIER_HANDOVER"", ""location"": ""SUP-001"", ""exception_code"": ""NONE""}, {""epoch_time"": 1738463400, ""event"": ""DESTINATION_ARRIVAL"", ""location"": ""WH-BLR-04"", ""exception_code"": ""NONE""}, {""epoch_time"": 1738470600, ""event"": ""DOCK_RECEIVED"", ""location"": ""WH-BLR-04"", ""exception_code"": ""NONE""}]}",PROJECT44_API,2025-01-01 01:15:00,2026-08-05 02:59:59,BATCH_202501_RAW_CARRIER_TELEMETRY
TRK-32333720,SHP-00000018,"{""status"": ""DELIVERED"", ""events"": [{""epoch_time"": 1737178200, ""event"": ""PO_CONFIRMED"", ""location"": ""Supplier ERP"", ""exception_code"": ""NONE""}, {""epoch_time"": 1738470600, ""event"": ""SUPPLIER_HANDOVER"", ""location"": ""SUP-005"", ""exception_code"": ""NONE""}, {""epoch_time"": 1738636200, ""event"": ""DESTINATION_ARRIVAL"", ""location"": ""WH-DEL-02"", ""exception_code"": ""NONE""}, {""epoch_time"": 1738643400, ""event"": ""DOCK_RECEIVED"", ""location"": ""WH-DEL-02"", ""exception_code"": ""NONE""}]}",PROJECT44_API,2025-01-03 02:32:00,2026-08-05 02:59:59,BATCH_202501_RAW_CARRIER_TELEMETRY
TRK-38256891,SHP-00000019,"{""status"": ""DELIVERED"", ""events"": [{""epoch_time"": 1737261000, ""event"": ""PO_CONFIRMED"", ""location"": ""Supplier ERP"", ""exception_code"": ""NONE""}, {""epoch_time"": 1738380600, ""event"": ""SUPPLIER_HANDOVER"", ""location"": ""SUP-001"", ""exception_code"": ""NONE""}, {""epoch_time"": 1738459800, ""event"": ""DESTINATION_ARRIVAL"", ""location"": ""WH-MUM-03"", ""exception_code"": ""NONE""}, {""epoch_time"": 1738467000, ""event"": ""DOCK_RECEIVED"", ""location"": ""WH-MUM-03"", ""exception_code"": ""NONE""}]}",PROJECT44_API,2025-01-01 02:57:00,2026-08-05 02:59:59,BATCH_202501_RAW_CARRIER_TELEMETRY
TRK-29806334,SHP-00000020,"{""status"": ""DELIVERED"", ""events"": [{""epoch_time"": 1737271800, ""event"": ""PO_CONFIRMED"", ""location"": ""Supplier ERP"", ""exception_code"": ""NONE""}, {""epoch_time"": 1738737000, ""event"": ""SUPPLIER_HANDOVER"", ""location"": ""SUP-006"", ""exception_code"": ""NONE""}, {""epoch_time"": 1740025800, ""event"": ""DESTINATION_ARRIVAL"", ""location"": ""WH-MUM-03"", ""exception_code"": ""NONE""}, {""epoch_time"": 1740033000, ""event"": ""DOCK_RECEIVED"", ""location"": ""WH-MUM-03"", ""exception_code"": ""NONE""}]}",PROJECT44_API,2025-01-01 02:59:00,2026-08-05 02:59:59,BATCH_202501_RAW_CARRIER_TELEMETRY
TRK-40985024,SHP-00000021,"{""status"": ""DELIVERED"", ""events"": [{""epoch_time"": 1737354600, ""event"": ""PO_CONFIRMED"", ""location"": ""Supplier ERP"", ""exception_code"": ""NONE""}, {""epoch_time"": 1738387800, ""event"": ""SUPPLIER_HANDOVER"", ""location"": ""SUP-003"", ""exception_code"": ""NONE""}, {""epoch_time"": 1738553400, ""event"": ""DESTINATION_ARRIVAL"", ""location"": ""WH-DEL-02"", ""exception_code"": ""NONE""}, {""epoch_time"": 1738560600, ""event"": ""DOCK_RECEIVED"", ""location"": ""WH-DEL-02"", ""exception_code"": ""NONE""}]}",PROJECT44_API,2025-01-01 01:38:00,2026-08-05 02:59:59,BATCH_202501_RAW_CARRIER_TELEMETRY
TRK-12852600,SHP-00000022,"{""status"": ""DELIVERED"", ""events"": [{""epoch_time"": 1737343800, ""event"": ""PO_CONFIRMED"", ""location"": ""Supplier ERP"", ""exception_code"": ""NONE""}, {""epoch_time"": 1738549800, ""event"": ""SUPPLIER_HANDOVER"", ""location"": ""SUP-002"", ""exception_code"": ""NONE""}, {""epoch_time"": 1738715400, ""event"": ""DESTINATION_ARRIVAL"", ""location"": ""WH-BLR-04"", ""exception_code"": ""NONE""}, {""epoch_time"": 1738722600, ""event"": ""DOCK_RECEIVED"", ""location"": ""WH-BLR-04"", ""exception_code"": ""NONE""}]}",PROJECT44_API,2025-01-01 01:02:00,2026-08-05 02:59:59,BATCH_202501_RAW_CARRIER_TELEMETRY
TRK-28243290,SHP-00000023,"{""status"": ""DELIVERED"", ""events"": [{""epoch_time"": 1737955800, ""event"": ""PO_CONFIRMED"", ""location"": ""Supplier ERP"", ""exception_code"": ""NONE""}, {""epoch_time"": 1739248200, ""event"": ""SUPPLIER_HANDOVER"", ""location"": ""SUP-002"", ""exception_code"": ""NONE""}, {""epoch_time"": 1739327400, ""event"": ""DESTINATION_ARRIVAL"", ""location"": ""WH-MUM-03"", ""exception_code"": ""NONE""}, {""epoch_time"": 1739334600, ""event"": ""DOCK_RECEIVED"", ""location"": ""WH-MUM-03"", ""exception_code"": ""NONE""}]}",PROJECT44_API,2025-01-01 00:06:00,2026-08-05 02:59:59,BATCH_202501_RAW_CARRIER_TELEMETRY
TRK-46845624,SHP-00000024,"{""status"": ""DELIVERED"", ""events"": [{""epoch_time"": 1738132200, ""event"": ""PO_CONFIRMED"", ""location"": ""Supplier ERP"", ""exception_code"": ""NONE""}, {""epoch_time"": 1739165400, ""event"": ""SUPPLIER_HANDOVER"", ""location"": ""SUP-008"", ""exception_code"": ""NONE""}, {""epoch_time"": 1739763000, ""event"": ""DESTINATION_ARRIVAL"", ""location"": ""WH-LKO-01"", ""exception_code"": ""NONE""}, {""epoch_time"": 1739770200, ""event"": ""DOCK_RECEIVED"", ""location"": ""WH-LKO-01"", ""exception_code"": ""NONE""}]}",PROJECT44_API,2025-01-04 01:12:00,2026-08-05 02:59:59,BATCH_202501_RAW_CARRIER_TELEMETRY
TRK-54342889,SHP-00000025,"{""status"": ""DELIVERED"", ""events"": [{""epoch_time"": 1738150200, ""event"": ""PO_CONFIRMED"", ""location"": ""Supplier ERP"", ""exception_code"": ""NONE""}, {""epoch_time"": 1739356200, ""event"": ""SUPPLIER_HANDOVER"", ""location"": ""SUP-001"", ""exception_code"": ""NONE""}, {""epoch_time"": 1739615400, ""event"": ""CUSTOMS_HOLD"", ""location"": ""Transshipment Hub"", ""exception_code"": ""CUSTOMS_HOLD""}, {""epoch_time"": 1739874600, ""event"": ""CUSTOMS_CLEARED"", ""location"": ""Transshipment Hub"", ""exception_code"": ""NONE""}, {""epoch_time"": 1740472200, ""event"": ""DESTINATION_ARRIVAL"", ""location"": ""WH-DEL-02"", ""exception_code"": ""NONE""}, {""epoch_time"": 1740479400, ""event"": ""DOCK_RECEIVED"", ""location"": ""WH-DEL-02"", ""exception_code"": ""NONE""}]}",PROJECT44_API,2025-01-01 02:40:00,2026-08-05 02:59:59,BATCH_202501_RAW_CARRIER_TELEMETRY
TRK-50012137,SHP-00000026,"{""status"": ""DELIVERED"", ""events"": [{""epoch_time"": 1738125000, ""event"": ""PO_CONFIRMED"", ""location"": ""Supplier ERP"", ""exception_code"": ""NONE""}, {""epoch_time"": 1739590200, ""event"": ""SUPPLIER_HANDOVER"", ""location"": ""SUP-007"", ""exception_code"": ""NONE""}, {""epoch_time"": 1740101400, ""event"": ""DESTINATION_ARRIVAL"", ""location"": ""WH-BLR-04"", ""exception_code"": ""NONE""}, {""epoch_time"": 1740108600, ""event"": ""DOCK_RECEIVED"", ""location"": ""WH-BLR-04"", ""exception_code"": ""NONE""}]}",PROJECT44_API,2025-01-01 02:13:00,2026-08-05 02:59:59,BATCH_202501_RAW_CARRIER_TELEMETRY
TRK-25860539,SHP-00000027,"{""status"": ""DELIVERED"", ""events"": [{""epoch_time"": 1738128600, ""event"": ""PO_CONFIRMED"", ""location"": ""Supplier ERP"", ""exception_code"": ""NONE""}, {""epoch_time"": 1738989000, ""event"": ""SUPPLIER_HANDOVER"", ""location"": ""SUP-001"", ""exception_code"": ""NONE""}, {""epoch_time"": 1739154600, ""event"": ""DESTINATION_ARRIVAL"", ""location"": ""WH-DEL-02"", ""exception_code"": ""NONE""}, {""epoch_time"": 1739161800, ""event"": ""DOCK_RECEIVED"", ""location"": ""WH-DEL-02"", ""exception_code"": ""NONE""}]}",PROJECT44_API,2025-01-01 00:21:00,2026-08-05 02:59:59,BATCH_202501_RAW_CARRIER_TELEMETRY
TRK-13341922,SHP-00000028,"{""status"": ""DELIVERED"", ""events"": [{""epoch_time"": 1738121400, ""event"": ""PO_CONFIRMED"", ""location"": ""Supplier ERP"", ""exception_code"": ""NONE""}, {""epoch_time"": 1739500200, ""event"": ""SUPPLIER_HANDOVER"", ""location"": ""SUP-001"", ""exception_code"": ""NONE""}, {""epoch_time"": 1739673000, ""event"": ""CUSTOMS_HOLD"", ""location"": ""Transshipment Hub"", ""exception_code"": ""CUSTOMS_HOLD""}, {""epoch_time"": 1739932200, ""event"": ""CUSTOMS_CLEARED"", ""location"": ""Transshipment Hub"", ""exception_code"": ""NONE""}, {""epoch_time"": 1740184200, ""event"": ""DESTINATION_ARRIVAL"", ""location"": ""WH-MUM-03"", ""exception_code"": ""NONE""}, {""epoch_time"": 1740191400, ""event"": ""DOCK_RECEIVED"", ""location"": ""WH-MUM-03"", ""exception_code"": ""NONE""}]}",PROJECT44_API,2025-01-01 01:12:00,2026-08-05 02:59:59,BATCH_202501_RAW_CARRIER_TELEMETRY
TRK-23508923,SHP-00000029,"{""status"": ""DELIVERED"", ""events"": [{""epoch_time"": 1738567800, ""event"": ""PO_CONFIRMED"", ""location"": ""Supplier ERP"", ""exception_code"": ""NONE""}, {""epoch_time"": 1739687400, ""event"": ""SUPPLIER_HANDOVER"", ""location"": ""SUP-001"", ""exception_code"": ""NONE""}, {""epoch_time"": 1739853000, ""event"": ""DESTINATION_ARRIVAL"", ""location"": ""WH-MUM-03"", ""exception_code"": ""NONE""}, {""epoch_time"": 1739860200, ""event"": ""DOCK_RECEIVED"", ""location"": ""WH-MUM-03"", ""exception_code"": ""NONE""}]}",PROJECT44_API,2025-01-01 02:17:00,2026-08-05 02:59:59,BATCH_202501_RAW_CARRIER_TELEMETRY
TRK-56833564,SHP-00000030,"{""status"": ""DELIVERED"", ""events"": [{""epoch_time"": 1738575000, ""event"": ""PO_CONFIRMED"", ""location"": ""Supplier ERP"", ""exception_code"": ""NONE""}, {""epoch_time"": 1740040200, ""event"": ""SUPPLIER_HANDOVER"", ""location"": ""SUP-007"", ""exception_code"": ""NONE""}, {""epoch_time"": 1740119400, ""event"": ""DESTINATION_ARRIVAL"", ""location"": ""WH-MUM-03"", ""exception_code"": ""NONE""}, {""epoch_time"": 1740126600, ""event"": ""DOCK_RECEIVED"", ""location"": ""WH-MUM-03"", ""exception_code"": ""NONE""}]}",PROJECT44_API,2025-01-01 01:01:00,2026-08-05 02:59:59,BATCH_202501_RAW_CARRIER_TELEMETRY
TRK-14876759,SHP-00000031,"{""status"": ""DELIVERED"", ""events"": [{""epoch_time"": 1738665000, ""event"": ""PO_CONFIRMED"", ""location"": ""Supplier ERP"", ""exception_code"": ""NONE""}, {""epoch_time"": 1740043800, ""event"": ""SUPPLIER_HANDOVER"", ""location"": ""SUP-008"", ""exception_code"": ""NONE""}, {""epoch_time"": 1740209400, ""event"": ""DESTINATION_ARRIVAL"", ""location"": ""WH-LKO-01"", ""exception_code"": ""NONE""}, {""epoch_time"": 1740216600, ""event"": ""DOCK_RECEIVED"", ""location"": ""WH-LKO-01"", ""exception_code"": ""NONE""}]}",PROJECT44_API,2025-01-01 00:50:00,2026-08-05 02:59:59,BATCH_202501_RAW_CARRIER_TELEMETRY
TRK-46707600,SHP-00000032,"{""status"": ""DELIVERED"", ""events"": [{""epoch_time"": 1738812600, ""event"": ""PO_CONFIRMED"", ""location"": ""Supplier ERP"", ""exception_code"": ""NONE""}, {""epoch_time"": 1739413800, ""event"": ""SUPPLIER_HANDOVER"", ""location"": ""SUP-003"", ""exception_code"": ""NONE""}, {""epoch_time"": 1740184200, ""event"": ""DESTINATION_ARRIVAL"", ""location"": ""WH-DEL-02"", ""exception_code"": ""NONE""}, {""epoch_time"": 1740191400, ""event"": ""DOCK_RECEIVED"", ""location"": ""WH-DEL-02"", ""exception_code"": ""NONE""}]}",PROJECT44_API,2025-01-01 02:31:00,2026-08-05 02:59:59,BATCH_202501_RAW_CARRIER_TELEMETRY
TRK-62227583,SHP-00000033,"{""status"": ""DELIVERED"", ""events"": [{""epoch_time"": 1739187000, ""event"": ""PO_CONFIRMED"", ""location"": ""Supplier ERP"", ""exception_code"": ""NONE""}, {""epoch_time"": 1740220200, ""event"": ""SUPPLIER_HANDOVER"", ""location"": ""SUP-001"", ""exception_code"": ""NONE""}, {""epoch_time"": 1740472200, ""event"": ""DESTINATION_ARRIVAL"", ""location"": ""WH-MUM-03"", ""exception_code"": ""NONE""}, {""epoch_time"": 1740479400, ""event"": ""DOCK_RECEIVED"", ""location"": ""WH-MUM-03"", ""exception_code"": ""NONE""}]}",PROJECT44_API,2025-01-01 00:55:00,2026-08-05 02:59:59,BATCH_202501_RAW_CARRIER_TELEMETRY
TRK-23041092,SHP-00000034,"{""status"": ""DELIVERED"", ""events"": [{""epoch_time"": 1739172600, ""event"": ""PO_CONFIRMED"", ""location"": ""Supplier ERP"", ""exception_code"": ""NONE""}, {""epoch_time"": 1739773800, ""event"": ""SUPPLIER_HANDOVER"", ""location"": ""SUP-001"", ""exception_code"": ""NONE""}, {""epoch_time"": 1740803400, ""event"": ""DESTINATION_ARRIVAL"", ""location"": ""WH-BLR-04"", ""exception_code"": ""NONE""}, {""epoch_time"": 1740810600, ""event"": ""DOCK_RECEIVED"", ""location"": ""WH-BLR-04"", ""exception_code"": ""NONE""}]}",PROJECT44_API,2025-01-01 01:05:00,2026-08-05 02:59:59,BATCH_202501_RAW_CARRIER_TELEMETRY
TRK-95368916,SHP-00000035,"{""status"": ""DELIVERED"", ""events"": [{""epoch_time"": 1739259000, ""event"": ""PO_CONFIRMED"", ""location"": ""Supplier ERP"", ""exception_code"": ""NONE""}, {""epoch_time"": 1740119400, ""event"": ""SUPPLIER_HANDOVER"", ""location"": ""SUP-001"", ""exception_code"": ""NONE""}, {""epoch_time"": 1740630600, ""event"": ""DESTINATION_ARRIVAL"", ""location"": ""WH-DEL-02"", ""exception_code"": ""NONE""}, {""epoch_time"": 1740637800, ""event"": ""DOCK_RECEIVED"", ""location"": ""WH-DEL-02"", ""exception_code"": ""NONE""}]}",PROJECT44_API,2025-01-01 00:59:00,2026-08-05 02:59:59,BATCH_202501_RAW_CARRIER_TELEMETRY
TRK-65291735,SHP-00000036,"{""status"": ""DELIVERED"", ""events"": [{""epoch_time"": 1739352600, ""event"": ""PO_CONFIRMED"", ""location"": ""Supplier ERP"", ""exception_code"": ""NONE""}, {""epoch_time"": 1740817800, ""event"": ""SUPPLIER_HANDOVER"", ""location"": ""SUP-004"", ""exception_code"": ""NONE""}, {""epoch_time"": 1740983400, ""event"": ""DESTINATION_ARRIVAL"", ""location"": ""WH-LKO-01"", ""exception_code"": ""NONE""}, {""epoch_time"": 1740990600, ""event"": ""DOCK_RECEIVED"", ""location"": ""WH-LKO-01"", ""exception_code"": ""NONE""}]}",PROJECT44_API,2025-01-01 01:38:00,2026-08-05 02:59:59,BATCH_202501_RAW_CARRIER_TELEMETRY
TRK-76348147,SHP-00000037,"{""status"": ""DELIVERED"", ""events"": [{""epoch_time"": 1739532600, ""event"": ""PO_CONFIRMED"", ""location"": ""Supplier ERP"", ""exception_code"": ""NONE""}, {""epoch_time"": 1740306600, ""event"": ""SUPPLIER_HANDOVER"", ""location"": ""SUP-001"", ""exception_code"": ""NONE""}, {""epoch_time"": 1740558600, ""event"": ""DESTINATION_ARRIVAL"", ""location"": ""WH-LKO-01"", ""exception_code"": ""NONE""}, {""epoch_time"": 1740565800, ""event"": ""DOCK_RECEIVED"", ""location"": ""WH-LKO-01"", ""exception_code"": ""NONE""}]}",PROJECT44_API,2025-01-01 01:14:00,2026-08-05 02:59:59,BATCH_202501_RAW_CARRIER_TELEMETRY
TRK-66550659,SHP-00000038,"{""status"": ""DELIVERED"", ""events"": [{""epoch_time"": 1739611800, ""event"": ""PO_CONFIRMED"", ""location"": ""Supplier ERP"", ""exception_code"": ""NONE""}, {""epoch_time"": 1740558600, ""event"": ""SUPPLIER_HANDOVER"", ""location"": ""SUP-001"", ""exception_code"": ""NONE""}, {""epoch_time"": 1741069800, ""event"": ""DESTINATION_ARRIVAL"", ""location"": ""WH-BLR-04"", ""exception_code"": ""NONE""}, {""epoch_time"": 1741077000, ""event"": ""DOCK_RECEIVED"", ""location"": ""WH-BLR-04"", ""exception_code"": ""NONE""}]}",PROJECT44_API,2025-01-01 01:12:00,2026-08-05 02:59:59,BATCH_202501_RAW_CARRIER_TELEMETRY
TRK-48045845,SHP-00000039,"{""status"": ""DELIVERED"", ""events"": [{""epoch_time"": 1739773800, ""event"": ""PO_CONFIRMED"", ""location"": ""Supplier ERP"", ""exception_code"": ""NONE""}, {""epoch_time"": 1740807000, ""event"": ""SUPPLIER_HANDOVER"", ""location"": ""SUP-005"", ""exception_code"": ""NONE""}, {""epoch_time"": 1740972600, ""event"": ""DESTINATION_ARRIVAL"", ""location"": ""WH-MUM-03"", ""exception_code"": ""NONE""}, {""epoch_time"": 1740979800, ""event"": ""DOCK_RECEIVED"", ""location"": ""WH-MUM-03"", ""exception_code"": ""NONE""}]}",PROJECT44_API,2025-01-02 01:04:00,2026-08-05 02:59:59,BATCH_202501_RAW_CARRIER_TELEMETRY
TRK-41791993,SHP-00000040,"{""status"": ""DELIVERED"", ""events"": [{""epoch_time"": 1739849400, ""event"": ""PO_CONFIRMED"", ""location"": ""Supplier ERP"", ""exception_code"": ""NONE""}, {""epoch_time"": 1740969000, ""event"": ""SUPPLIER_HANDOVER"", ""location"": ""SUP-008"", ""exception_code"": ""NONE""}, {""epoch_time"": 1741048200, ""event"": ""DESTINATION_ARRIVAL"", ""location"": ""WH-LKO-01"", ""exception_code"": ""NONE""}, {""epoch_time"": 1741055400, ""event"": ""DOCK_RECEIVED"", ""location"": ""WH-LKO-01"", ""exception_code"": ""NONE""}]}",PROJECT44_API,2025-01-01 02:33:00,2026-08-05 02:59:59,BATCH_202501_RAW_CARRIER_TELEMETRY
TRK-55347247,SHP-00000041,"{""status"": ""DELIVERED"", ""events"": [{""epoch_time"": 1739957400, ""event"": ""PO_CONFIRMED"", ""location"": ""Supplier ERP"", ""exception_code"": ""NONE""}, {""epoch_time"": 1740904200, ""event"": ""SUPPLIER_HANDOVER"", ""location"": ""SUP-003"", ""exception_code"": ""NONE""}, {""epoch_time"": 1741156200, ""event"": ""DESTINATION_ARRIVAL"", ""location"": ""WH-LKO-01"", ""exception_code"": ""NONE""}, {""epoch_time"": 1741163400, ""event"": ""DOCK_RECEIVED"", ""location"": ""WH-LKO-01"", ""exception_code"": ""NONE""}]}",PROJECT44_API,2025-01-01 00:22:00,2026-08-05 02:59:59,BATCH_202501_RAW_CARRIER_TELEMETRY
TRK-20605688,SHP-00000042,"{""status"": ""DELIVERED"", ""events"": [{""epoch_time"": 1740299400, ""event"": ""PO_CONFIRMED"", ""location"": ""Supplier ERP"", ""exception_code"": ""NONE""}, {""epoch_time"": 1740987000, ""event"": ""SUPPLIER_HANDOVER"", ""location"": ""SUP-003"", ""exception_code"": ""NONE""}, {""epoch_time"": 1741930200, ""event"": ""DESTINATION_ARRIVAL"", ""location"": ""WH-DEL-02"", ""exception_code"": ""NONE""}, {""epoch_time"": 1741937400, ""event"": ""DOCK_RECEIVED"", ""location"": ""WH-DEL-02"", ""exception_code"": ""NONE""}]}",PROJECT44_API,2025-01-01 02:27:00,2026-08-05 02:59:59,BATCH_202501_RAW_CARRIER_TELEMETRY
TRK-65260769,SHP-00000043,"{""status"": ""DELIVERED"", ""events"": [{""epoch_time"": 1740299400, ""event"": ""PO_CONFIRMED"", ""location"": ""Supplier ERP"", ""exception_code"": ""NONE""}, {""epoch_time"": 1741246200, ""event"": ""SUPPLIER_HANDOVER"", ""location"": ""SUP-008"", ""exception_code"": ""NONE""}, {""epoch_time"": 1741325400, ""event"": ""DESTINATION_ARRIVAL"", ""location"": ""WH-DEL-02"", ""exception_code"": ""NONE""}, {""epoch_time"": 1741332600, ""event"": ""DOCK_RECEIVED"", ""location"": ""WH-DEL-02"", ""exception_code"": ""NONE""}]}",PROJECT44_API,2025-01-01 02:10:00,2026-08-05 02:59:59,BATCH_202501_RAW_CARRIER_TELEMETRY
TRK-92280642,SHP-00000044,"{""status"": ""DELIVERED"", ""events"": [{""epoch_time"": 1740310200, ""event"": ""PO_CONFIRMED"", ""location"": ""Supplier ERP"", ""exception_code"": ""NONE""}, {""epoch_time"": 1741602600, ""event"": ""SUPPLIER_HANDOVER"", ""location"": ""SUP-008"", ""exception_code"": ""NONE""}, {""epoch_time"": 1742891400, ""event"": ""DESTINATION_ARRIVAL"", ""location"": ""WH-LKO-01"", ""exception_code"": ""NONE""}, {""epoch_time"": 1742898600, ""event"": ""DOCK_RECEIVED"", ""location"": ""WH-LKO-01"", ""exception_code"": ""NONE""}]}",PROJECT44_API,2025-01-01 00:51:00,2026-08-05 02:59:59,BATCH_202501_RAW_CARRIER_TELEMETRY
TRK-90587696,SHP-00000045,"{""status"": ""DELIVERED"", ""events"": [{""epoch_time"": 1740637800, ""event"": ""PO_CONFIRMED"", ""location"": ""Supplier ERP"", ""exception_code"": ""NONE""}, {""epoch_time"": 1741325400, ""event"": ""SUPPLIER_HANDOVER"", ""location"": ""SUP-001"", ""exception_code"": ""NONE""}, {""epoch_time"": 1741491000, ""event"": ""DESTINATION_ARRIVAL"", ""location"": ""WH-LKO-01"", ""exception_code"": ""NONE""}, {""epoch_time"": 1741498200, ""event"": ""DOCK_RECEIVED"", ""location"": ""WH-LKO-01"", ""exception_code"": ""NONE""}]}",PROJECT44_API,2025-01-01 02:23:00,2026-08-05 02:59:59,BATCH_202501_RAW_CARRIER_TELEMETRY
TRK-55062043,SHP-00000046,"{""status"": ""DELIVERED"", ""events"": [{""epoch_time"": 1740900600, ""event"": ""PO_CONFIRMED"", ""location"": ""Supplier ERP"", ""exception_code"": ""NONE""}, {""epoch_time"": 1741501800, ""event"": ""SUPPLIER_HANDOVER"", ""location"": ""SUP-001"", ""exception_code"": ""NONE""}, {""epoch_time"": 1741667400, ""event"": ""DESTINATION_ARRIVAL"", ""location"": ""WH-BLR-04"", ""exception_code"": ""NONE""}, {""epoch_time"": 1741674600, ""event"": ""DOCK_RECEIVED"", ""location"": ""WH-BLR-04"", ""exception_code"": ""NONE""}]}",PROJECT44_API,2025-01-01 02:54:00,2026-08-05 02:59:59,BATCH_202501_RAW_CARRIER_TELEMETRY
TRK-89135362,SHP-00000047,"{""status"": ""DELIVERED"", ""events"": [{""epoch_time"": 1740900600, ""event"": ""PO_CONFIRMED"", ""location"": ""Supplier ERP"", ""exception_code"": ""NONE""}, {""epoch_time"": 1742279400, ""event"": ""SUPPLIER_HANDOVER"", ""location"": ""SUP-004"", ""exception_code"": ""NONE""}, {""epoch_time"": 1742790600, ""event"": ""DESTINATION_ARRIVAL"", ""location"": ""WH-LKO-01"", ""exception_code"": ""NONE""}, {""epoch_time"": 1742797800, ""event"": ""DOCK_RECEIVED"", ""location"": ""WH-LKO-01"", ""exception_code"": ""NONE""}]}",PROJECT44_API,2025-01-01 02:25:00,2026-08-05 02:59:59,BATCH_202501_RAW_CARRIER_TELEMETRY
TRK-74339275,SHP-00000048,"{""status"": ""DELIVERED"", ""events"": [{""epoch_time"": 1741059000, ""event"": ""PO_CONFIRMED"", ""location"": ""Supplier ERP"", ""exception_code"": ""NONE""}, {""epoch_time"": 1742697000, ""event"": ""SUPPLIER_HANDOVER"", ""location"": ""SUP-004"", ""exception_code"": ""NONE""}, {""epoch_time"": 1743035400, ""event"": ""DESTINATION_ARRIVAL"", ""location"": ""WH-LKO-01"", ""exception_code"": ""NONE""}, {""epoch_time"": 1743042600, ""event"": ""DOCK_RECEIVED"", ""location"": ""WH-LKO-01"", ""exception_code"": ""NONE""}]}",PROJECT44_API,2025-01-01 01:58:00,2026-08-05 02:59:59,BATCH_202501_RAW_CARRIER_TELEMETRY
TRK-93176622,SHP-00000049,"{""status"": ""DELIVERED"", ""events"": [{""epoch_time"": 1741242600, ""event"": ""PO_CONFIRMED"", ""location"": ""Supplier ERP"", ""exception_code"": ""NONE""}, {""epoch_time"": 1742275800, ""event"": ""SUPPLIER_HANDOVER"", ""location"": ""SUP-007"", ""exception_code"": ""NONE""}, {""epoch_time"": 1742527800, ""event"": ""DESTINATION_ARRIVAL"", ""location"": ""WH-BLR-04"", ""exception_code"": ""NONE""}, {""epoch_time"": 1742535000, ""event"": ""DOCK_RECEIVED"", ""location"": ""WH-BLR-04"", ""exception_code"": ""NONE""}]}",PROJECT44_API,2025-01-01 02:51:00,2026-08-05 02:59:59,BATCH_202501_RAW_CARRIER_TELEMETRY
TRK-69146961,SHP-00000050,"{""status"": ""DELIVERED"", ""events"": [{""epoch_time"": 1741347000, ""event"": ""PO_CONFIRMED"", ""location"": ""Supplier ERP"", ""exception_code"": ""NONE""}, {""epoch_time"": 1742034600, ""event"": ""SUPPLIER_HANDOVER"", ""location"": ""SUP-007"", ""exception_code"": ""NONE""}, {""epoch_time"": 1742286600, ""event"": ""DESTINATION_ARRIVAL"", ""location"": ""WH-DEL-02"", ""exception_code"": ""NONE""}, {""epoch_time"": 1742293800, ""event"": ""DOCK_RECEIVED"", ""location"": ""WH-DEL-02"", ""exception_code"": ""NONE""}]}",PROJECT44_API,2025-01-01 02:44:00,2026-08-05 02:59:59,BATCH_202501_RAW_CARRIER_TELEMETRY
TRK-31796368,SHP-00000051,"{""status"": ""DELIVERED"", ""events"": [{""epoch_time"": 1741415400, ""event"": ""PO_CONFIRMED"", ""location"": ""Supplier ERP"", ""exception_code"": ""NONE""}, {""epoch_time"": 1742448600, ""event"": ""SUPPLIER_HANDOVER"", ""location"": ""SUP-008"", ""exception_code"": ""NONE""}, {""epoch_time"": 1742527800, ""event"": ""DESTINATION_ARRIVAL"", ""location"": ""WH-DEL-02"", ""exception_code"": ""NONE""}, {""epoch_time"": 1742535000, ""event"": ""DOCK_RECEIVED"", ""location"": ""WH-DEL-02"", ""exception_code"": ""NONE""}]}",PROJECT44_API,2025-01-01 02:22:00,2026-08-05 02:59:59,BATCH_202501_RAW_CARRIER_TELEMETRY
TRK-64013259,SHP-00000052,"{""status"": ""DELIVERED"", ""events"": [{""epoch_time"": 1741581000, ""event"": ""PO_CONFIRMED"", ""location"": ""Supplier ERP"", ""exception_code"": ""NONE""}, {""epoch_time"": 1742355000, ""event"": ""SUPPLIER_HANDOVER"", ""location"": ""SUP-001"", ""exception_code"": ""NONE""}, {""epoch_time"": 1743643800, ""event"": ""DESTINATION_ARRIVAL"", ""location"": ""WH-LKO-01"", ""exception_code"": ""NONE""}, {""epoch_time"": 1743651000, ""event"": ""DOCK_RECEIVED"", ""location"": ""WH-LKO-01"", ""exception_code"": ""NONE""}]}",PROJECT44_API,2025-01-01 00:57:00,2026-08-05 02:59:59,BATCH_202501_RAW_CARRIER_TELEMETRY
TRK-60590422,SHP-00000053,"{""status"": ""DELIVERED"", ""events"": [{""epoch_time"": 1741775400, ""event"": ""PO_CONFIRMED"", ""location"": ""Supplier ERP"", ""exception_code"": ""NONE""}, {""epoch_time"": 1743067800, ""event"": ""SUPPLIER_HANDOVER"", ""location"": ""SUP-008"", ""exception_code"": ""NONE""}, {""epoch_time"": 1743147000, ""event"": ""DESTINATION_ARRIVAL"", ""location"": ""WH-DEL-02"", ""exception_code"": ""NONE""}, {""epoch_time"": 1743154200, ""event"": ""DOCK_RECEIVED"", ""location"": ""WH-DEL-02"", ""exception_code"": ""NONE""}]}",PROJECT44_API,2025-01-24 02:46:00,2026-08-05 02:59:59,BATCH_202501_RAW_CARRIER_TELEMETRY
TRK-88171050,SHP-00000054,"{""status"": ""DELIVERED"", ""events"": [{""epoch_time"": 1742009400, ""event"": ""PO_CONFIRMED"", ""location"": ""Supplier ERP"", ""exception_code"": ""NONE""}, {""epoch_time"": 1743129000, ""event"": ""SUPPLIER_HANDOVER"", ""location"": ""SUP-001"", ""exception_code"": ""NONE""}, {""epoch_time"": 1743467400, ""event"": ""DESTINATION_ARRIVAL"", ""location"": ""WH-MUM-03"", ""exception_code"": ""NONE""}, {""epoch_time"": 1743474600, ""event"": ""DOCK_RECEIVED"", ""location"": ""WH-MUM-03"", ""exception_code"": ""NONE""}]}",PROJECT44_API,2025-01-01 01:17:00,2026-08-05 02:59:59,BATCH_202501_RAW_CARRIER_TELEMETRY
TRK-52961707,SHP-00000055,"{""status"": ""DELIVERED"", ""events"": [{""epoch_time"": 1742207400, ""event"": ""PO_CONFIRMED"", ""location"": ""Supplier ERP"", ""exception_code"": ""NONE""}, {""epoch_time"": 1743154200, ""event"": ""SUPPLIER_HANDOVER"", ""location"": ""SUP-003"", ""exception_code"": ""NONE""}, {""epoch_time"": 1743579000, ""event"": ""DESTINATION_ARRIVAL"", ""location"": ""WH-LKO-01"", ""exception_code"": ""NONE""}, {""epoch_time"": 1743586200, ""event"": ""DOCK_RECEIVED"", ""location"": ""WH-LKO-01"", ""exception_code"": ""NONE""}]}",PROJECT44_API,2025-01-01 02:44:00,2026-08-05 02:59:59,BATCH_202501_RAW_CARRIER_TELEMETRY
TRK-81489020,SHP-00000056,"{""status"": ""DELIVERED"", ""events"": [{""epoch_time"": 1742373000, ""event"": ""PO_CONFIRMED"", ""location"": ""Supplier ERP"", ""exception_code"": ""NONE""}, {""epoch_time"": 1743319800, ""event"": ""SUPPLIER_HANDOVER"", ""location"": ""SUP-003"", ""exception_code"": ""NONE""}, {""epoch_time"": 1743399000, ""event"": ""DESTINATION_ARRIVAL"", ""location"": ""WH-MUM-03"", ""exception_code"": ""NONE""}, {""epoch_time"": 1743406200, ""event"": ""DOCK_RECEIVED"", ""location"": ""WH-MUM-03"", ""exception_code"": ""NONE""}]}",PROJECT44_API,2025-01-01 01:20:00,2026-08-05 02:59:59,BATCH_202501_RAW_CARRIER_TELEMETRY
TRK-92582799,SHP-00000057,"{""status"": ""DELIVERED"", ""events"": [{""epoch_time"": 1742470200, ""event"": ""PO_CONFIRMED"", ""location"": ""Supplier ERP"", ""exception_code"": ""NONE""}, {""epoch_time"": 1744194600, ""event"": ""SUPPLIER_HANDOVER"", ""location"": ""SUP-008"", ""exception_code"": ""NONE""}, {""epoch_time"": 1744281000, ""event"": ""CUSTOMS_HOLD"", ""location"": ""Transshipment Hub"", ""exception_code"": ""CUSTOMS_HOLD""}, {""epoch_time"": 1744626600, ""event"": ""CUSTOMS_CLEARED"", ""location"": ""Transshipment Hub"", ""exception_code"": ""NONE""}, {""epoch_time"": 1744705800, ""event"": ""DESTINATION_ARRIVAL"", ""location"": ""WH-BLR-04"", ""exception_code"": ""NONE""}, {""epoch_time"": 1744713000, ""event"": ""DOCK_RECEIVED"", ""location"": ""WH-BLR-04"", ""exception_code"": ""NONE""}]}",PROJECT44_API,2025-01-01 02:08:00,2026-08-05 02:59:59,BATCH_202501_RAW_CARRIER_TELEMETRY
TRK-56050260,SHP-00000058,"{""status"": ""DELIVERED"", ""events"": [{""epoch_time"": 1742445000, ""event"": ""PO_CONFIRMED"", ""location"": ""Supplier ERP"", ""exception_code"": ""NONE""}, {""epoch_time"": 1743219000, ""event"": ""SUPPLIER_HANDOVER"", ""location"": ""SUP-004"", ""exception_code"": ""NONE""}, {""epoch_time"": 1743384600, ""event"": ""DESTINATION_ARRIVAL"", ""location"": ""WH-DEL-02"", ""exception_code"": ""NONE""}, {""epoch_time"": 1743391800, ""event"": ""DOCK_RECEIVED"", ""location"": ""WH-DEL-02"", ""exception_code"": ""NONE""}]}",PROJECT44_API,2025-01-01 01:46:00,2026-08-05 02:59:59,BATCH_202501_RAW_CARRIER_TELEMETRY
TRK-89445758,SHP-00000059,"{""status"": ""DELIVERED"", ""events"": [{""epoch_time"": 1742441400, ""event"": ""PO_CONFIRMED"", ""location"": ""Supplier ERP"", ""exception_code"": ""NONE""}, {""epoch_time"": 1743647400, ""event"": ""SUPPLIER_HANDOVER"", ""location"": ""SUP-002"", ""exception_code"": ""NONE""}, {""epoch_time"": 1743733800, ""event"": ""CUSTOMS_HOLD"", ""location"": ""Transshipment Hub"", ""exception_code"": ""CUSTOMS_HOLD""}, {""epoch_time"": 1743820200, ""event"": ""CUSTOMS_CLEARED"", ""location"": ""Transshipment Hub"", ""exception_code"": ""NONE""}, {""epoch_time"": 1743726600, ""event"": ""DESTINATION_ARRIVAL"", ""location"": ""WH-BLR-04"", ""exception_code"": ""NONE""}, {""epoch_time"": 1743733800, ""event"": ""DOCK_RECEIVED"", ""location"": ""WH-BLR-04"", ""exception_code"": ""NONE""}]}",PROJECT44_API,2025-01-01 02:57:00,2026-08-05 02:59:59,BATCH_202501_RAW_CARRIER_TELEMETRY
TRK-96029861,SHP-00000060,"{""status"": ""DELIVERED"", ""events"": [{""epoch_time"": 1742535000, ""event"": ""PO_CONFIRMED"", ""location"": ""Supplier ERP"", ""exception_code"": ""NONE""}, {""epoch_time"": 1744000200, ""event"": ""SUPPLIER_HANDOVER"", ""location"": ""SUP-008"", ""exception_code"": ""NONE""}, {""epoch_time"": 1744597800, ""event"": ""DESTINATION_ARRIVAL"", ""location"": ""WH-BLR-04"", ""exception_code"": ""NONE""}, {""epoch_time"": 1744605000, ""event"": ""DOCK_RECEIVED"", ""location"": ""WH-BLR-04"", ""exception_code"": ""NONE""}]}",PROJECT44_API,2025-01-01 00:22:00,2026-08-05 02:59:59,BATCH_202501_RAW_CARRIER_TELEMETRY
TRK-62514763,SHP-00000061,"{""status"": ""DELIVERED"", ""events"": [{""epoch_time"": 1742625000, ""event"": ""PO_CONFIRMED"", ""location"": ""Supplier ERP"", ""exception_code"": ""NONE""}, {""epoch_time"": 1743831000, ""event"": ""SUPPLIER_HANDOVER"", ""location"": ""SUP-007"", ""exception_code"": ""NONE""}, {""epoch_time"": 1744169400, ""event"": ""DESTINATION_ARRIVAL"", ""location"": ""WH-BLR-04"", ""exception_code"": ""NONE""}, {""epoch_time"": 1744176600, ""event"": ""DOCK_RECEIVED"", ""location"": ""WH-BLR-04"", ""exception_code"": ""NONE""}]}",PROJECT44_API,2025-01-01 01:08:00,2026-08-05 02:59:59,BATCH_202501_RAW_CARRIER_TELEMETRY
TRK-13027289,SHP-00000062,"{""status"": ""DELIVERED"", ""events"": [{""epoch_time"": 1742711400, ""event"": ""PO_CONFIRMED"", ""location"": ""Supplier ERP"", ""exception_code"": ""NONE""}, {""epoch_time"": 1743571800, ""event"": ""SUPPLIER_HANDOVER"", ""location"": ""SUP-002"", ""exception_code"": ""NONE""}, {""epoch_time"": 1743737400, ""event"": ""DESTINATION_ARRIVAL"", ""location"": ""WH-MUM-03"", ""exception_code"": ""NONE""}, {""epoch_time"": 1743744600, ""event"": ""DOCK_RECEIVED"", ""location"": ""WH-MUM-03"", ""exception_code"": ""NONE""}]}",PROJECT44_API,2025-01-01 00:27:00,2026-08-05 02:59:59,BATCH_202501_RAW_CARRIER_TELEMETRY
TRK-38595671,SHP-00000063,"{""status"": ""DELIVERED"", ""events"": [{""epoch_time"": 1742812200, ""event"": ""PO_CONFIRMED"", ""location"": ""Supplier ERP"", ""exception_code"": ""NONE""}, {""epoch_time"": 1743845400, ""event"": ""SUPPLIER_HANDOVER"", ""location"": ""SUP-001"", ""exception_code"": ""NONE""}, {""epoch_time"": 1744356600, ""event"": ""DESTINATION_ARRIVAL"", ""location"": ""WH-BLR-04"", ""exception_code"": ""NONE""}, {""epoch_time"": 1744363800, ""event"": ""DOCK_RECEIVED"", ""location"": ""WH-BLR-04"", ""exception_code"": ""NONE""}]}",PROJECT44_API,2025-01-01 01:18:00,2026-08-05 02:59:59,BATCH_202501_RAW_CARRIER_TELEMETRY
TRK-39810621,SHP-00000064,"{""status"": ""DELIVERED"", ""events"": [{""epoch_time"": 1742801400, ""event"": ""PO_CONFIRMED"", ""location"": ""Supplier ERP"", ""exception_code"": ""NONE""}, {""epoch_time"": 1743575400, ""event"": ""SUPPLIER_HANDOVER"", ""location"": ""SUP-002"", ""exception_code"": ""NONE""}, {""epoch_time"": 1744000200, ""event"": ""DESTINATION_ARRIVAL"", ""location"": ""WH-MUM-03"", ""exception_code"": ""NONE""}, {""epoch_time"": 1744007400, ""event"": ""DOCK_RECEIVED"", ""location"": ""WH-MUM-03"", ""exception_code"": ""NONE""}]}",PROJECT44_API,2025-01-01 00:11:00,2026-08-05 02:59:59,BATCH_202501_RAW_CARRIER_TELEMETRY
TRK-54618797,SHP-00000065,"{""status"": ""DELIVERED"", ""events"": [{""epoch_time"": 1742902200, ""event"": ""PO_CONFIRMED"", ""location"": ""Supplier ERP"", ""exception_code"": ""NONE""}, {""epoch_time"": 1744021800, ""event"": ""SUPPLIER_HANDOVER"", ""location"": ""SUP-004"", ""exception_code"": ""NONE""}, {""epoch_time"": 1744187400, ""event"": ""DESTINATION_ARRIVAL"", ""location"": ""WH-LKO-01"", ""exception_code"": ""NONE""}, {""epoch_time"": 1744194600, ""event"": ""DOCK_RECEIVED"", ""location"": ""WH-LKO-01"", ""exception_code"": ""NONE""}]}",PROJECT44_API,2025-01-01 02:00:00,2026-08-05 02:59:59,BATCH_202501_RAW_CARRIER_TELEMETRY
TRK-26209551,SHP-00000066,"{""status"": ""DELIVERED"", ""events"": [{""epoch_time"": 1742873400, ""event"": ""PO_CONFIRMED"", ""location"": ""Supplier ERP"", ""exception_code"": ""NONE""}, {""epoch_time"": 1744338600, ""event"": ""SUPPLIER_HANDOVER"", ""location"": ""SUP-002"", ""exception_code"": ""NONE""}, {""epoch_time"": 1744677000, ""event"": ""DESTINATION_ARRIVAL"", ""location"": ""WH-LKO-01"", ""exception_code"": ""NONE""}, {""epoch_time"": 1744684200, ""event"": ""DOCK_RECEIVED"", ""location"": ""WH-LKO-01"", ""exception_code"": ""NONE""}]}",PROJECT44_API,2025-01-01 02:53:00,2026-08-05 02:59:59,BATCH_202501_RAW_CARRIER_TELEMETRY
TRK-96148277,SHP-00000067,"{""status"": ""DELIVERED"", ""events"": [{""epoch_time"": 1742967000, ""event"": ""PO_CONFIRMED"", ""location"": ""Supplier ERP"", ""exception_code"": ""NONE""}, {""epoch_time"": 1744173000, ""event"": ""SUPPLIER_HANDOVER"", ""location"": ""SUP-002"", ""exception_code"": ""NONE""}, {""epoch_time"": 1744252200, ""event"": ""DESTINATION_ARRIVAL"", ""location"": ""WH-MUM-03"", ""exception_code"": ""NONE""}, {""epoch_time"": 1744259400, ""event"": ""DOCK_RECEIVED"", ""location"": ""WH-MUM-03"", ""exception_code"": ""NONE""}]}",PROJECT44_API,2025-01-01 00:21:00,2026-08-05 02:59:59,BATCH_202501_RAW_CARRIER_TELEMETRY
TRK-12601782,SHP-00000068,"{""status"": ""DELIVERED"", ""events"": [{""epoch_time"": 1742988600, ""event"": ""PO_CONFIRMED"", ""location"": ""Supplier ERP"", ""exception_code"": ""NONE""}, {""epoch_time"": 1743935400, ""event"": ""SUPPLIER_HANDOVER"", ""location"": ""SUP-002"", ""exception_code"": ""NONE""}, {""epoch_time"": 1744533000, ""event"": ""DESTINATION_ARRIVAL"", ""location"": ""WH-MUM-03"", ""exception_code"": ""NONE""}, {""epoch_time"": 1744540200, ""event"": ""DOCK_RECEIVED"", ""location"": ""WH-MUM-03"", ""exception_code"": ""NONE""}]}",PROJECT44_API,2025-01-01 01:23:00,2026-08-05 02:59:59,BATCH_202501_RAW_CARRIER_TELEMETRY
TRK-83283845,SHP-00000069,"{""status"": ""DELIVERED"", ""events"": [{""epoch_time"": 1743219000, ""event"": ""PO_CONFIRMED"", ""location"": ""Supplier ERP"", ""exception_code"": ""NONE""}, {""epoch_time"": 1744338600, ""event"": ""SUPPLIER_HANDOVER"", ""location"": ""SUP-008"", ""exception_code"": ""NONE""}, {""epoch_time"": 1744417800, ""event"": ""DESTINATION_ARRIVAL"", ""location"": ""WH-DEL-02"", ""exception_code"": ""NONE""}, {""epoch_time"": 1744425000, ""event"": ""DOCK_RECEIVED"", ""location"": ""WH-DEL-02"", ""exception_code"": ""NONE""}]}",PROJECT44_API,2025-01-01 00:45:00,2026-08-05 02:59:59,BATCH_202501_RAW_CARRIER_TELEMETRY
TRK-55391677,SHP-00000070,"{""status"": ""DELIVERED"", ""events"": [{""epoch_time"": 1743229800, ""event"": ""PO_CONFIRMED"", ""location"": ""Supplier ERP"", ""exception_code"": ""NONE""}, {""epoch_time"": 1743917400, ""event"": ""SUPPLIER_HANDOVER"", ""location"": ""SUP-004"", ""exception_code"": ""NONE""}, {""epoch_time"": 1744083000, ""event"": ""DESTINATION_ARRIVAL"", ""location"": ""WH-DEL-02"", ""exception_code"": ""NONE""}, {""epoch_time"": 1744090200, ""event"": ""DOCK_RECEIVED"", ""location"": ""WH-DEL-02"", ""exception_code"": ""NONE""}]}",PROJECT44_API,2025-01-01 02:16:00,2026-08-05 02:59:59,BATCH_202501_RAW_CARRIER_TELEMETRY
TRK-38232516,SHP-00000071,"{""status"": ""DELIVERED"", ""events"": [{""epoch_time"": 1743413400, ""event"": ""PO_CONFIRMED"", ""location"": ""Supplier ERP"", ""exception_code"": ""NONE""}, {""epoch_time"": 1744101000, ""event"": ""SUPPLIER_HANDOVER"", ""location"": ""SUP-002"", ""exception_code"": ""NONE""}, {""epoch_time"": 1745389800, ""event"": ""DESTINATION_ARRIVAL"", ""location"": ""WH-LKO-01"", ""exception_code"": ""NONE""}, {""epoch_time"": 1745397000, ""event"": ""DOCK_RECEIVED"", ""location"": ""WH-LKO-01"", ""exception_code"": ""NONE""}]}",PROJECT44_API,2025-01-01 01:30:00,2026-08-05 02:59:59,BATCH_202501_RAW_CARRIER_TELEMETRY
TRK-29976959,SHP-00000072,"{""status"": ""DELIVERED"", ""events"": [{""epoch_time"": 1743395400, ""event"": ""PO_CONFIRMED"", ""location"": ""Supplier ERP"", ""exception_code"": ""NONE""}, {""epoch_time"": 1744860600, ""event"": ""SUPPLIER_HANDOVER"", ""location"": ""SUP-004"", ""exception_code"": ""NONE""}, {""epoch_time"": 1745026200, ""event"": ""DESTINATION_ARRIVAL"", ""location"": ""WH-LKO-01"", ""exception_code"": ""NONE""}, {""epoch_time"": 1745033400, ""event"": ""DOCK_RECEIVED"", ""location"": ""WH-LKO-01"", ""exception_code"": ""NONE""}]}",PROJECT44_API,2025-01-01 02:45:00,2026-08-05 02:59:59,BATCH_202501_RAW_CARRIER_TELEMETRY
TRK-42405600,SHP-00000073,"{""status"": ""DELIVERED"", ""events"": [{""epoch_time"": 1743503400, ""event"": ""PO_CONFIRMED"", ""location"": ""Supplier ERP"", ""exception_code"": ""NONE""}, {""epoch_time"": 1744191000, ""event"": ""SUPPLIER_HANDOVER"", ""location"": ""SUP-004"", ""exception_code"": ""NONE""}, {""epoch_time"": 1744443000, ""event"": ""DESTINATION_ARRIVAL"", ""location"": ""WH-DEL-02"", ""exception_code"": ""NONE""}, {""epoch_time"": 1744450200, ""event"": ""DOCK_RECEIVED"", ""location"": ""WH-DEL-02"", ""exception_code"": ""NONE""}]}",PROJECT44_API,2025-01-01 01:30:00,2026-08-05 02:59:59,BATCH_202501_RAW_CARRIER_TELEMETRY
TRK-10037402,SHP-00000074,"{""status"": ""DELIVERED"", ""events"": [{""epoch_time"": 1743665400, ""event"": ""PO_CONFIRMED"", ""location"": ""Supplier ERP"", ""exception_code"": ""NONE""}, {""epoch_time"": 1744612200, ""event"": ""SUPPLIER_HANDOVER"", ""location"": ""SUP-003"", ""exception_code"": ""NONE""}, {""epoch_time"": 1744864200, ""event"": ""DESTINATION_ARRIVAL"", ""location"": ""WH-LKO-01"", ""exception_code"": ""NONE""}, {""epoch_time"": 1744871400, ""event"": ""DOCK_RECEIVED"", ""location"": ""WH-LKO-01"", ""exception_code"": ""NONE""}]}",PROJECT44_API,2025-01-01 02:42:00,2026-08-05 02:59:59,BATCH_202501_RAW_CARRIER_TELEMETRY
TRK-76780677,SHP-00000075,"{""status"": ""DELIVERED"", ""events"": [{""epoch_time"": 1743751800, ""event"": ""PO_CONFIRMED"", ""location"": ""Supplier ERP"", ""exception_code"": ""NONE""}, {""epoch_time"": 1744525800, ""event"": ""SUPPLIER_HANDOVER"", ""location"": ""SUP-001"", ""exception_code"": ""NONE""}, {""epoch_time"": 1744691400, ""event"": ""DESTINATION_ARRIVAL"", ""location"": ""WH-LKO-01"", ""exception_code"": ""NONE""}, {""epoch_time"": 1744698600, ""event"": ""DOCK_RECEIVED"", ""location"": ""WH-LKO-01"", ""exception_code"": ""NONE""}]}",PROJECT44_API,2025-01-02 00:54:00,2026-08-05 02:59:59,BATCH_202501_RAW_CARRIER_TELEMETRY
TRK-34237757,SHP-00000076,"{""status"": ""DELIVERED"", ""events"": [{""epoch_time"": 1743823800, ""event"": ""PO_CONFIRMED"", ""location"": ""Supplier ERP"", ""exception_code"": ""NONE""}, {""epoch_time"": 1744857000, ""event"": ""SUPPLIER_HANDOVER"", ""location"": ""SUP-002"", ""exception_code"": ""NONE""}, {""epoch_time"": 1745541000, ""event"": ""DESTINATION_ARRIVAL"", ""location"": ""WH-MUM-03"", ""exception_code"": ""NONE""}, {""epoch_time"": 1745548200, ""event"": ""DOCK_RECEIVED"", ""location"": ""WH-MUM-03"", ""exception_code"": ""NONE""}]}",PROJECT44_API,2025-01-01 02:23:00,2026-08-05 02:59:59,BATCH_202501_RAW_CARRIER_TELEMETRY
TRK-65799007,SHP-00000077,"{""status"": ""DELIVERED"", ""events"": [{""epoch_time"": 1743841800, ""event"": ""PO_CONFIRMED"", ""location"": ""Supplier ERP"", ""exception_code"": ""NONE""}, {""epoch_time"": 1744875000, ""event"": ""SUPPLIER_HANDOVER"", ""location"": ""SUP-001"", ""exception_code"": ""NONE""}, {""epoch_time"": 1745213400, ""event"": ""DESTINATION_ARRIVAL"", ""location"": ""WH-MUM-03"", ""exception_code"": ""NONE""}, {""epoch_time"": 1745220600, ""event"": ""DOCK_RECEIVED"", ""location"": ""WH-MUM-03"", ""exception_code"": ""NONE""}]}",PROJECT44_API,2025-01-01 02:35:00,2026-08-05 02:59:59,BATCH_202501_RAW_CARRIER_TELEMETRY
TRK-77607042,SHP-00000078,"{""status"": ""DELIVERED"", ""events"": [{""epoch_time"": 1743823800, ""event"": ""PO_CONFIRMED"", ""location"": ""Supplier ERP"", ""exception_code"": ""NONE""}, {""epoch_time"": 1745116200, ""event"": ""SUPPLIER_HANDOVER"", ""location"": ""SUP-002"", ""exception_code"": ""NONE""}, {""epoch_time"": 1745281800, ""event"": ""DESTINATION_ARRIVAL"", ""location"": ""WH-BLR-04"", ""exception_code"": ""NONE""}, {""epoch_time"": 1745289000, ""event"": ""DOCK_RECEIVED"", ""location"": ""WH-BLR-04"", ""exception_code"": ""NONE""}]}",PROJECT44_API,2025-01-01 02:37:00,2026-08-05 02:59:59,BATCH_202501_RAW_CARRIER_TELEMETRY
TRK-37763354,SHP-00000079,"{""status"": ""DELIVERED"", ""events"": [{""epoch_time"": 1743996600, ""event"": ""PO_CONFIRMED"", ""location"": ""Supplier ERP"", ""exception_code"": ""NONE""}, {""epoch_time"": 1745029800, ""event"": ""SUPPLIER_HANDOVER"", ""location"": ""SUP-003"", ""exception_code"": ""NONE""}, {""epoch_time"": 1745541000, ""event"": ""DESTINATION_ARRIVAL"", ""location"": ""WH-BLR-04"", ""exception_code"": ""NONE""}, {""epoch_time"": 1745548200, ""event"": ""DOCK_RECEIVED"", ""location"": ""WH-BLR-04"", ""exception_code"": ""NONE""}]}",PROJECT44_API,2025-01-01 01:03:00,2026-08-05 02:59:59,BATCH_202501_RAW_CARRIER_TELEMETRY
TRK-82292526,SHP-00000080,"{""status"": ""DELIVERED"", ""events"": [{""epoch_time"": 1744180200, ""event"": ""PO_CONFIRMED"", ""location"": ""Supplier ERP"", ""exception_code"": ""NONE""}, {""epoch_time"": 1745386200, ""event"": ""SUPPLIER_HANDOVER"", ""location"": ""SUP-004"", ""exception_code"": ""NONE""}, {""epoch_time"": 1745638200, ""event"": ""DESTINATION_ARRIVAL"", ""location"": ""WH-DEL-02"", ""exception_code"": ""NONE""}, {""epoch_time"": 1745645400, ""event"": ""DOCK_RECEIVED"", ""location"": ""WH-DEL-02"", ""exception_code"": ""NONE""}]}",PROJECT44_API,2025-01-01 01:24:00,2026-08-05 02:59:59,BATCH_202501_RAW_CARRIER_TELEMETRY
TRK-30014541,SHP-00000081,"{""status"": ""DELIVERED"", ""events"": [{""epoch_time"": 1744266600, ""event"": ""PO_CONFIRMED"", ""location"": ""Supplier ERP"", ""exception_code"": ""NONE""}, {""epoch_time"": 1745386200, ""event"": ""SUPPLIER_HANDOVER"", ""location"": ""SUP-001"", ""exception_code"": ""NONE""}, {""epoch_time"": 1746156600, ""event"": ""DESTINATION_ARRIVAL"", ""location"": ""WH-MUM-03"", ""exception_code"": ""NONE""}, {""epoch_time"": 1746163800, ""event"": ""DOCK_RECEIVED"", ""location"": ""WH-MUM-03"", ""exception_code"": ""NONE""}]}",PROJECT44_API,2025-01-01 00:43:00,2026-08-05 02:59:59,BATCH_202501_RAW_CARRIER_TELEMETRY
TRK-96379358,SHP-00000082,"{""status"": ""DELIVERED"", ""events"": [{""epoch_time"": 1744345800, ""event"": ""PO_CONFIRMED"", ""location"": ""Supplier ERP"", ""exception_code"": ""NONE""}, {""epoch_time"": 1745638200, ""event"": ""SUPPLIER_HANDOVER"", ""location"": ""SUP-002"", ""exception_code"": ""NONE""}, {""epoch_time"": 1745890200, ""event"": ""DESTINATION_ARRIVAL"", ""location"": ""WH-MUM-03"", ""exception_code"": ""NONE""}, {""epoch_time"": 1745897400, ""event"": ""DOCK_RECEIVED"", ""location"": ""WH-MUM-03"", ""exception_code"": ""NONE""}]}",PROJECT44_API,2025-01-01 00:11:00,2026-08-05 02:59:59,BATCH_202501_RAW_CARRIER_TELEMETRY
TRK-51552339,SHP-00000083,"{""status"": ""DELIVERED"", ""events"": [{""epoch_time"": 1744457400, ""event"": ""PO_CONFIRMED"", ""location"": ""Supplier ERP"", ""exception_code"": ""NONE""}, {""epoch_time"": 1745577000, ""event"": ""SUPPLIER_HANDOVER"", ""location"": ""SUP-001"", ""exception_code"": ""NONE""}, {""epoch_time"": 1746174600, ""event"": ""DESTINATION_ARRIVAL"", ""location"": ""WH-BLR-04"", ""exception_code"": ""NONE""}, {""epoch_time"": 1746181800, ""event"": ""DOCK_RECEIVED"", ""location"": ""WH-BLR-04"", ""exception_code"": ""NONE""}]}",PROJECT44_API,2025-01-01 00:03:00,2026-08-05 02:59:59,BATCH_202501_RAW_CARRIER_TELEMETRY
TRK-80640600,SHP-00000084,"{""status"": ""DELIVERED"", ""events"": [{""epoch_time"": 1744543800, ""event"": ""PO_CONFIRMED"", ""location"": ""Supplier ERP"", ""exception_code"": ""NONE""}, {""epoch_time"": 1745490600, ""event"": ""SUPPLIER_HANDOVER"", ""location"": ""SUP-006"", ""exception_code"": ""NONE""}, {""epoch_time"": 1746520200, ""event"": ""DESTINATION_ARRIVAL"", ""location"": ""WH-BLR-04"", ""exception_code"": ""NONE""}, {""epoch_time"": 1746527400, ""event"": ""DOCK_RECEIVED"", ""location"": ""WH-BLR-04"", ""exception_code"": ""NONE""}]}",PROJECT44_API,2025-01-01 02:42:00,2026-08-05 02:59:59,BATCH_202501_RAW_CARRIER_TELEMETRY
TRK-85988779,SHP-00000085,"{""status"": ""DELIVERED"", ""events"": [{""epoch_time"": 1744695000, ""event"": ""PO_CONFIRMED"", ""location"": ""Supplier ERP"", ""exception_code"": ""NONE""}, {""epoch_time"": 1745987400, ""event"": ""SUPPLIER_HANDOVER"", ""location"": ""SUP-008"", ""exception_code"": ""NONE""}, {""epoch_time"": 1746073800, ""event"": ""CUSTOMS_HOLD"", ""location"": ""Transshipment Hub"", ""exception_code"": ""CUSTOMS_HOLD""}, {""epoch_time"": 1746419400, ""event"": ""CUSTOMS_CLEARED"", ""location"": ""Transshipment Hub"", ""exception_code"": ""NONE""}, {""epoch_time"": 1746153000, ""event"": ""DESTINATION_ARRIVAL"", ""location"": ""WH-BLR-04"", ""exception_code"": ""NONE""}, {""epoch_time"": 1746160200, ""event"": ""DOCK_RECEIVED"", ""location"": ""WH-BLR-04"", ""exception_code"": ""NONE""}]}",PROJECT44_API,2025-01-01 02:11:00,2026-08-05 02:59:59,BATCH_202501_RAW_CARRIER_TELEMETRY
TRK-97396808,SHP-00000086,"{""status"": ""DELIVERED"", ""events"": [{""epoch_time"": 1744785000, ""event"": ""PO_CONFIRMED"", ""location"": ""Supplier ERP"", ""exception_code"": ""NONE""}, {""epoch_time"": 1745645400, ""event"": ""SUPPLIER_HANDOVER"", ""location"": ""SUP-006"", ""exception_code"": ""NONE""}, {""epoch_time"": 1746502200, ""event"": ""DESTINATION_ARRIVAL"", ""location"": ""WH-MUM-03"", ""exception_code"": ""NONE""}, {""epoch_time"": 1746509400, ""event"": ""DOCK_RECEIVED"", ""location"": ""WH-MUM-03"", ""exception_code"": ""NONE""}]}",PROJECT44_API,2025-01-01 00:56:00,2026-08-05 02:59:59,BATCH_202501_RAW_CARRIER_TELEMETRY
TRK-35060378,SHP-00000087,"{""status"": ""DELIVERED"", ""events"": [{""epoch_time"": 1744788600, ""event"": ""PO_CONFIRMED"", ""location"": ""Supplier ERP"", ""exception_code"": ""NONE""}, {""epoch_time"": 1745476200, ""event"": ""SUPPLIER_HANDOVER"", ""location"": ""SUP-001"", ""exception_code"": ""NONE""}, {""epoch_time"": 1746333000, ""event"": ""DESTINATION_ARRIVAL"", ""location"": ""WH-LKO-01"", ""exception_code"": ""NONE""}, {""epoch_time"": 1746340200, ""event"": ""DOCK_RECEIVED"", ""location"": ""WH-LKO-01"", ""exception_code"": ""NONE""}]}",PROJECT44_API,2025-01-01 00:56:00,2026-08-05 02:59:59,BATCH_202501_RAW_CARRIER_TELEMETRY
TRK-55884458,SHP-00000088,"{""status"": ""DELIVERED"", ""events"": [{""epoch_time"": 1744777800, ""event"": ""PO_CONFIRMED"", ""location"": ""Supplier ERP"", ""exception_code"": ""NONE""}, {""epoch_time"": 1746156600, ""event"": ""SUPPLIER_HANDOVER"", ""location"": ""SUP-008"", ""exception_code"": ""NONE""}, {""epoch_time"": 1746322200, ""event"": ""DESTINATION_ARRIVAL"", ""location"": ""WH-BLR-04"", ""exception_code"": ""NONE""}, {""epoch_time"": 1746329400, ""event"": ""DOCK_RECEIVED"", ""location"": ""WH-BLR-04"", ""exception_code"": ""NONE""}]}",PROJECT44_API,2025-01-01 02:01:00,2026-08-05 02:59:59,BATCH_202501_RAW_CARRIER_TELEMETRY
TRK-93042743,SHP-00000089,"{""status"": ""DELIVERED"", ""events"": [{""epoch_time"": 1745137800, ""event"": ""PO_CONFIRMED"", ""location"": ""Supplier ERP"", ""exception_code"": ""NONE""}, {""epoch_time"": 1746430200, ""event"": ""SUPPLIER_HANDOVER"", ""location"": ""SUP-004"", ""exception_code"": ""NONE""}, {""epoch_time"": 1746682200, ""event"": ""DESTINATION_ARRIVAL"", ""location"": ""WH-LKO-01"", ""exception_code"": ""NONE""}, {""epoch_time"": 1746689400, ""event"": ""DOCK_RECEIVED"", ""location"": ""WH-LKO-01"", ""exception_code"": ""NONE""}]}",PROJECT44_API,2025-01-01 02:27:00,2026-08-05 02:59:59,BATCH_202501_RAW_CARRIER_TELEMETRY
TRK-70204709,SHP-00000090,"{""status"": ""DELIVERED"", ""events"": [{""epoch_time"": 1745310600, ""event"": ""PO_CONFIRMED"", ""location"": ""Supplier ERP"", ""exception_code"": ""NONE""}, {""epoch_time"": 1746343800, ""event"": ""SUPPLIER_HANDOVER"", ""location"": ""SUP-001"", ""exception_code"": ""NONE""}, {""epoch_time"": 1746855000, ""event"": ""DESTINATION_ARRIVAL"", ""location"": ""WH-MUM-03"", ""exception_code"": ""NONE""}, {""epoch_time"": 1746862200, ""event"": ""DOCK_RECEIVED"", ""location"": ""WH-MUM-03"", ""exception_code"": ""NONE""}]}",PROJECT44_API,2025-01-01 02:28:00,2026-08-05 02:59:59,BATCH_202501_RAW_CARRIER_TELEMETRY
TRK-18918880,SHP-00000091,"{""status"": ""DELIVERED"", ""events"": [{""epoch_time"": 1745400600, ""event"": ""PO_CONFIRMED"", ""location"": ""Supplier ERP"", ""exception_code"": ""NONE""}, {""epoch_time"": 1746606600, ""event"": ""SUPPLIER_HANDOVER"", ""location"": ""SUP-005"", ""exception_code"": ""NONE""}, {""epoch_time"": 1746945000, ""event"": ""DESTINATION_ARRIVAL"", ""location"": ""WH-DEL-02"", ""exception_code"": ""NONE""}, {""epoch_time"": 1746952200, ""event"": ""DOCK_RECEIVED"", ""location"": ""WH-DEL-02"", ""exception_code"": ""NONE""}]}",PROJECT44_API,2025-01-01 00:16:00,2026-08-05 02:59:59,BATCH_202501_RAW_CARRIER_TELEMETRY
TRK-76049447,SHP-00000092,"{""status"": ""DELIVERED"", ""events"": [{""epoch_time"": 1745656200, ""event"": ""PO_CONFIRMED"", ""location"": ""Supplier ERP"", ""exception_code"": ""NONE""}, {""epoch_time"": 1746516600, ""event"": ""SUPPLIER_HANDOVER"", ""location"": ""SUP-003"", ""exception_code"": ""NONE""}, {""epoch_time"": 1746603000, ""event"": ""CUSTOMS_HOLD"", ""location"": ""Transshipment Hub"", ""exception_code"": ""CUSTOMS_HOLD""}, {""epoch_time"": 1746775800, ""event"": ""CUSTOMS_CLEARED"", ""location"": ""Transshipment Hub"", ""exception_code"": ""NONE""}, {""epoch_time"": 1746941400, ""event"": ""DESTINATION_ARRIVAL"", ""location"": ""WH-MUM-03"", ""exception_code"": ""NONE""}, {""epoch_time"": 1746948600, ""event"": ""DOCK_RECEIVED"", ""location"": ""WH-MUM-03"", ""exception_code"": ""NONE""}]}",PROJECT44_API,2025-01-01 01:35:00,2026-08-05 02:59:59,BATCH_202501_RAW_CARRIER_TELEMETRY
TRK-88797067,SHP-00000093,"{""status"": ""DELIVERED"", ""events"": [{""epoch_time"": 1745645400, ""event"": ""PO_CONFIRMED"", ""location"": ""Supplier ERP"", ""exception_code"": ""NONE""}, {""epoch_time"": 1746592200, ""event"": ""SUPPLIER_HANDOVER"", ""location"": ""SUP-003"", ""exception_code"": ""NONE""}, {""epoch_time"": 1747362600, ""event"": ""DESTINATION_ARRIVAL"", ""location"": ""WH-BLR-04"", ""exception_code"": ""NONE""}, {""epoch_time"": 1747369800, ""event"": ""DOCK_RECEIVED"", ""location"": ""WH-BLR-04"", ""exception_code"": ""NONE""}]}",PROJECT44_API,2025-01-01 01:14:00,2026-08-05 02:59:59,BATCH_202501_RAW_CARRIER_TELEMETRY
TRK-71039867,SHP-00000094,"{""status"": ""DELIVERED"", ""events"": [{""epoch_time"": 1745839800, ""event"": ""PO_CONFIRMED"", ""location"": ""Supplier ERP"", ""exception_code"": ""NONE""}, {""epoch_time"": 1746873000, ""event"": ""SUPPLIER_HANDOVER"", ""location"": ""SUP-005"", ""exception_code"": ""NONE""}, {""epoch_time"": 1747211400, ""event"": ""DESTINATION_ARRIVAL"", ""location"": ""WH-BLR-04"", ""exception_code"": ""NONE""}, {""epoch_time"": 1747218600, ""event"": ""DOCK_RECEIVED"", ""location"": ""WH-BLR-04"", ""exception_code"": ""NONE""}]}",PROJECT44_API,2025-01-01 02:21:00,2026-08-05 02:59:59,BATCH_202501_RAW_CARRIER_TELEMETRY
TRK-41254605,SHP-00000095,"{""status"": ""DELIVERED"", ""events"": [{""epoch_time"": 1745991000, ""event"": ""PO_CONFIRMED"", ""location"": ""Supplier ERP"", ""exception_code"": ""NONE""}, {""epoch_time"": 1747110600, ""event"": ""SUPPLIER_HANDOVER"", ""location"": ""SUP-002"", ""exception_code"": ""NONE""}, {""epoch_time"": 1747621800, ""event"": ""DESTINATION_ARRIVAL"", ""location"": ""WH-BLR-04"", ""exception_code"": ""NONE""}, {""epoch_time"": 1747629000, ""event"": ""DOCK_RECEIVED"", ""location"": ""WH-BLR-04"", ""exception_code"": ""NONE""}]}",PROJECT44_API,2025-01-01 02:39:00,2026-08-05 02:59:59,BATCH_202501_RAW_CARRIER_TELEMETRY
TRK-70616240,SHP-00000096,"{""status"": ""DELIVERED"", ""events"": [{""epoch_time"": 1746001800, ""event"": ""PO_CONFIRMED"", ""location"": ""Supplier ERP"", ""exception_code"": ""NONE""}, {""epoch_time"": 1747121400, ""event"": ""SUPPLIER_HANDOVER"", ""location"": ""SUP-004"", ""exception_code"": ""NONE""}, {""epoch_time"": 1747200600, ""event"": ""DESTINATION_ARRIVAL"", ""location"": ""WH-DEL-02"", ""exception_code"": ""NONE""}, {""epoch_time"": 1747207800, ""event"": ""DOCK_RECEIVED"", ""location"": ""WH-DEL-02"", ""exception_code"": ""NONE""}]}",PROJECT44_API,2025-01-01 00:46:00,2026-08-05 02:59:59,BATCH_202501_RAW_CARRIER_TELEMETRY
TRK-40119333,SHP-00000097,"{""status"": ""DELIVERED"", ""events"": [{""epoch_time"": 1746163800, ""event"": ""PO_CONFIRMED"", ""location"": ""Supplier ERP"", ""exception_code"": ""NONE""}, {""epoch_time"": 1747715400, ""event"": ""SUPPLIER_HANDOVER"", ""location"": ""SUP-002"", ""exception_code"": ""NONE""}, {""epoch_time"": 1747967400, ""event"": ""DESTINATION_ARRIVAL"", ""location"": ""WH-LKO-01"", ""exception_code"": ""NONE""}, {""epoch_time"": 1747974600, ""event"": ""DOCK_RECEIVED"", ""location"": ""WH-LKO-01"", ""exception_code"": ""NONE""}]}",PROJECT44_API,2025-01-01 02:37:00,2026-08-05 02:59:59,BATCH_202501_RAW_CARRIER_TELEMETRY
TRK-17525235,SHP-00000098,"{""status"": ""DELIVERED"", ""events"": [{""epoch_time"": 1746268200, ""event"": ""PO_CONFIRMED"", ""location"": ""Supplier ERP"", ""exception_code"": ""NONE""}, {""epoch_time"": 1747301400, ""event"": ""SUPPLIER_HANDOVER"", ""location"": ""SUP-001"", ""exception_code"": ""NONE""}, {""epoch_time"": 1747380600, ""event"": ""DESTINATION_ARRIVAL"", ""location"": ""WH-BLR-04"", ""exception_code"": ""NONE""}, {""epoch_time"": 1747387800, ""event"": ""DOCK_RECEIVED"", ""location"": ""WH-BLR-04"", ""exception_code"": ""NONE""}]}",PROJECT44_API,2025-01-01 02:00:00,2026-08-05 02:59:59,BATCH_202501_RAW_CARRIER_TELEMETRY
TRK-52249531,SHP-00000099,"{""status"": ""DELIVERED"", ""events"": [{""epoch_time"": 1746426600, ""event"": ""PO_CONFIRMED"", ""location"": ""Supplier ERP"", ""exception_code"": ""NONE""}, {""epoch_time"": 1747200600, ""event"": ""SUPPLIER_HANDOVER"", ""location"": ""SUP-001"", ""exception_code"": ""NONE""}, {""epoch_time"": 1747279800, ""event"": ""DESTINATION_ARRIVAL"", ""location"": ""WH-LKO-01"", ""exception_code"": ""NONE""}, {""epoch_time"": 1747287000, ""event"": ""DOCK_RECEIVED"", ""location"": ""WH-LKO-01"", ""exception_code"": ""NONE""}]}",PROJECT44_API,2025-01-01 01:42:00,2026-08-05 02:59:59,BATCH_202501_RAW_CARRIER_TELEMETRY
TRK-67484347,SHP-00000100,"{""status"": ""DELIVERED"", ""events"": [{""epoch_time"": 1747031400, ""event"": ""PO_CONFIRMED"", ""location"": ""Supplier ERP"", ""exception_code"": ""NONE""}, {""epoch_time"": 1747891800, ""event"": ""SUPPLIER_HANDOVER"", ""location"": ""SUP-003"", ""exception_code"": ""NONE""}, {""epoch_time"": 1748835000, ""event"": ""DESTINATION_ARRIVAL"", ""location"": ""WH-MUM-03"", ""exception_code"": ""NONE""}, {""epoch_time"": 1748842200, ""event"": ""DOCK_RECEIVED"", ""location"": ""WH-MUM-03"", ""exception_code"": ""NONE""}]}",PROJECT44_API,2025-01-01 02:46:00,2026-08-05 02:59:59,BATCH_202501_RAW_CARRIER_TELEMETRY
TRK-15301768,SHP-00000101,"{""status"": ""DELIVERED"", ""events"": [{""epoch_time"": 1747045800, ""event"": ""PO_CONFIRMED"", ""location"": ""Supplier ERP"", ""exception_code"": ""NONE""}, {""epoch_time"": 1748079000, ""event"": ""SUPPLIER_HANDOVER"", ""location"": ""SUP-005"", ""exception_code"": ""NONE""}, {""epoch_time"": 1748158200, ""event"": ""DESTINATION_ARRIVAL"", ""location"": ""WH-DEL-02"", ""exception_code"": ""NONE""}, {""epoch_time"": 1748165400, ""event"": ""DOCK_RECEIVED"", ""location"": ""WH-DEL-02"", ""exception_code"": ""NONE""}]}",PROJECT44_API,2025-01-01 01:52:00,2026-08-05 02:59:59,BATCH_202501_RAW_CARRIER_TELEMETRY
TRK-40436516,SHP-00000102,"{""status"": ""DELIVERED"", ""events"": [{""epoch_time"": 1747204200, ""event"": ""PO_CONFIRMED"", ""location"": ""Supplier ERP"", ""exception_code"": ""NONE""}, {""epoch_time"": 1748496600, ""event"": ""SUPPLIER_HANDOVER"", ""location"": ""SUP-006"", ""exception_code"": ""NONE""}, {""epoch_time"": 1748835000, ""event"": ""DESTINATION_ARRIVAL"", ""location"": ""WH-DEL-02"", ""exception_code"": ""NONE""}, {""epoch_time"": 1748842200, ""event"": ""DOCK_RECEIVED"", ""location"": ""WH-DEL-02"", ""exception_code"": ""NONE""}]}",PROJECT44_API,2025-01-01 02:21:00,2026-08-05 02:59:59,BATCH_202501_RAW_CARRIER_TELEMETRY
TRK-17167376,SHP-00000103,"{""status"": ""DELIVERED"", ""events"": [{""epoch_time"": 1747207800, ""event"": ""PO_CONFIRMED"", ""location"": ""Supplier ERP"", ""exception_code"": ""NONE""}, {""epoch_time"": 1748241000, ""event"": ""SUPPLIER_HANDOVER"", ""location"": ""SUP-001"", ""exception_code"": ""NONE""}, {""epoch_time"": 1748406600, ""event"": ""DESTINATION_ARRIVAL"", ""location"": ""WH-MUM-03"", ""exception_code"": ""NONE""}, {""epoch_time"": 1748413800, ""event"": ""DOCK_RECEIVED"", ""location"": ""WH-MUM-03"", ""exception_code"": ""NONE""}]}",PROJECT44_API,2025-01-01 02:02:00,2026-08-05 02:59:59,BATCH_202501_RAW_CARRIER_TELEMETRY
TRK-45561202,SHP-00000104,"{""status"": ""DELIVERED"", ""events"": [{""epoch_time"": 1747283400, ""event"": ""PO_CONFIRMED"", ""location"": ""Supplier ERP"", ""exception_code"": ""NONE""}, {""epoch_time"": 1748403000, ""event"": ""SUPPLIER_HANDOVER"", ""location"": ""SUP-005"", ""exception_code"": ""NONE""}, {""epoch_time"": 1748482200, ""event"": ""DESTINATION_ARRIVAL"", ""location"": ""WH-BLR-04"", ""exception_code"": ""NONE""}, {""epoch_time"": 1748489400, ""event"": ""DOCK_RECEIVED"", ""location"": ""WH-BLR-04"", ""exception_code"": ""NONE""}]}",PROJECT44_API,2025-01-01 01:11:00,2026-08-05 02:59:59,BATCH_202501_RAW_CARRIER_TELEMETRY
TRK-70444194,SHP-00000105,"{""status"": ""DELIVERED"", ""events"": [{""epoch_time"": 1747391400, ""event"": ""PO_CONFIRMED"", ""location"": ""Supplier ERP"", ""exception_code"": ""NONE""}, {""epoch_time"": 1748251800, ""event"": ""SUPPLIER_HANDOVER"", ""location"": ""SUP-001"", ""exception_code"": ""NONE""}, {""epoch_time"": 1748417400, ""event"": ""DESTINATION_ARRIVAL"", ""location"": ""WH-LKO-01"", ""exception_code"": ""NONE""}, {""epoch_time"": 1748424600, ""event"": ""DOCK_RECEIVED"", ""location"": ""WH-LKO-01"", ""exception_code"": ""NONE""}]}",PROJECT44_API,2025-01-01 00:31:00,2026-08-05 02:59:59,BATCH_202501_RAW_CARRIER_TELEMETRY
TRK-84754654,SHP-00000106,"{""status"": ""DELIVERED"", ""events"": [{""epoch_time"": 1747474200, ""event"": ""PO_CONFIRMED"", ""location"": ""Supplier ERP"", ""exception_code"": ""NONE""}, {""epoch_time"": 1748421000, ""event"": ""SUPPLIER_HANDOVER"", ""location"": ""SUP-001"", ""exception_code"": ""NONE""}, {""epoch_time"": 1749623400, ""event"": ""DESTINATION_ARRIVAL"", ""location"": ""WH-BLR-04"", ""exception_code"": ""NONE""}, {""epoch_time"": 1749630600, ""event"": ""DOCK_RECEIVED"", ""location"": ""WH-BLR-04"", ""exception_code"": ""NONE""}]}",PROJECT44_API,2025-01-01 00:26:00,2026-08-05 02:59:59,BATCH_202501_RAW_CARRIER_TELEMETRY
TRK-82630838,SHP-00000107,"{""status"": ""DELIVERED"", ""events"": [{""epoch_time"": 1747722600, ""event"": ""PO_CONFIRMED"", ""location"": ""Supplier ERP"", ""exception_code"": ""NONE""}, {""epoch_time"": 1749187800, ""event"": ""SUPPLIER_HANDOVER"", ""location"": ""SUP-002"", ""exception_code"": ""NONE""}, {""epoch_time"": 1749353400, ""event"": ""DESTINATION_ARRIVAL"", ""location"": ""WH-BLR-04"", ""exception_code"": ""NONE""}, {""epoch_time"": 1749360600, ""event"": ""DOCK_RECEIVED"", ""location"": ""WH-BLR-04"", ""exception_code"": ""NONE""}]}",PROJECT44_API,2025-01-01 02:36:00,2026-08-05 02:59:59,BATCH_202501_RAW_CARRIER_TELEMETRY
TRK-36965667,SHP-00000108,"{""status"": ""DELIVERED"", ""events"": [{""epoch_time"": 1747805400, ""event"": ""PO_CONFIRMED"", ""location"": ""Supplier ERP"", ""exception_code"": ""NONE""}, {""epoch_time"": 1748493000, ""event"": ""SUPPLIER_HANDOVER"", ""location"": ""SUP-006"", ""exception_code"": ""NONE""}, {""epoch_time"": 1748831400, ""event"": ""DESTINATION_ARRIVAL"", ""location"": ""WH-LKO-01"", ""exception_code"": ""NONE""}, {""epoch_time"": 1748838600, ""event"": ""DOCK_RECEIVED"", ""location"": ""WH-LKO-01"", ""exception_code"": ""NONE""}]}",PROJECT44_API,2025-01-01 01:31:00,2026-08-05 02:59:59,BATCH_202501_RAW_CARRIER_TELEMETRY
TRK-83723548,SHP-00000109,"{""status"": ""DELIVERED"", ""events"": [{""epoch_time"": 1748143800, ""event"": ""PO_CONFIRMED"", ""location"": ""Supplier ERP"", ""exception_code"": ""NONE""}, {""epoch_time"": 1748917800, ""event"": ""SUPPLIER_HANDOVER"", ""location"": ""SUP-001"", ""exception_code"": ""NONE""}, {""epoch_time"": 1749342600, ""event"": ""DESTINATION_ARRIVAL"", ""location"": ""WH-BLR-04"", ""exception_code"": ""NONE""}, {""epoch_time"": 1749349800, ""event"": ""DOCK_RECEIVED"", ""location"": ""WH-BLR-04"", ""exception_code"": ""NONE""}]}",PROJECT44_API,2025-01-01 02:36:00,2026-08-05 02:59:59,BATCH_202501_RAW_CARRIER_TELEMETRY
TRK-53419978,SHP-00000110,"{""status"": ""DELIVERED"", ""events"": [{""epoch_time"": 1748424600, ""event"": ""PO_CONFIRMED"", ""location"": ""Supplier ERP"", ""exception_code"": ""NONE""}, {""epoch_time"": 1749630600, ""event"": ""SUPPLIER_HANDOVER"", ""location"": ""SUP-008"", ""exception_code"": ""NONE""}, {""epoch_time"": 1749882600, ""event"": ""DESTINATION_ARRIVAL"", ""location"": ""WH-LKO-01"", ""exception_code"": ""NONE""}, {""epoch_time"": 1749889800, ""event"": ""DOCK_RECEIVED"", ""location"": ""WH-LKO-01"", ""exception_code"": ""NONE""}]}",PROJECT44_API,2025-01-01 01:12:00,2026-08-05 02:59:59,BATCH_202501_RAW_CARRIER_TELEMETRY
TRK-91215569,SHP-00000111,"{""status"": ""DELIVERED"", ""events"": [{""epoch_time"": 1748500200, ""event"": ""PO_CONFIRMED"", ""location"": ""Supplier ERP"", ""exception_code"": ""NONE""}, {""epoch_time"": 1749533400, ""event"": ""SUPPLIER_HANDOVER"", ""location"": ""SUP-001"", ""exception_code"": ""NONE""}, {""epoch_time"": 1749612600, ""event"": ""DESTINATION_ARRIVAL"", ""location"": ""WH-MUM-03"", ""exception_code"": ""NONE""}, {""epoch_time"": 1749619800, ""event"": ""DOCK_RECEIVED"", ""location"": ""WH-MUM-03"", ""exception_code"": ""NONE""}]}",PROJECT44_API,2025-01-01 00:33:00,2026-08-05 02:59:59,BATCH_202501_RAW_CARRIER_TELEMETRY
TRK-68648413,SHP-00000112,"{""status"": ""DELIVERED"", ""events"": [{""epoch_time"": 1748773800, ""event"": ""PO_CONFIRMED"", ""location"": ""Supplier ERP"", ""exception_code"": ""NONE""}, {""epoch_time"": 1749547800, ""event"": ""SUPPLIER_HANDOVER"", ""location"": ""SUP-001"", ""exception_code"": ""NONE""}, {""epoch_time"": 1749627000, ""event"": ""DESTINATION_ARRIVAL"", ""location"": ""WH-LKO-01"", ""exception_code"": ""NONE""}, {""epoch_time"": 1749634200, ""event"": ""DOCK_RECEIVED"", ""location"": ""WH-LKO-01"", ""exception_code"": ""NONE""}]}",PROJECT44_API,2025-01-01 02:28:00,2026-08-05 02:59:59,BATCH_202501_RAW_CARRIER_TELEMETRY
TRK-23098370,SHP-00000113,"{""status"": ""DELIVERED"", ""events"": [{""epoch_time"": 1748950200, ""event"": ""PO_CONFIRMED"", ""location"": ""Supplier ERP"", ""exception_code"": ""NONE""}, {""epoch_time"": 1749724200, ""event"": ""SUPPLIER_HANDOVER"", ""location"": ""SUP-006"", ""exception_code"": ""NONE""}, {""epoch_time"": 1749810600, ""event"": ""CUSTOMS_HOLD"", ""location"": ""Transshipment Hub"", ""exception_code"": ""CUSTOMS_HOLD""}, {""epoch_time"": 1749897000, ""event"": ""CUSTOMS_CLEARED"", ""location"": ""Transshipment Hub"", ""exception_code"": ""NONE""}, {""epoch_time"": 1749803400, ""event"": ""DESTINATION_ARRIVAL"", ""location"": ""WH-LKO-01"", ""exception_code"": ""NONE""}, {""epoch_time"": 1749810600, ""event"": ""DOCK_RECEIVED"", ""location"": ""WH-LKO-01"", ""exception_code"": ""NONE""}]}",PROJECT44_API,2025-01-01 01:04:00,2026-08-05 02:59:59,BATCH_202501_RAW_CARRIER_TELEMETRY
TRK-10398940,SHP-00000114,"{""status"": ""DELIVERED"", ""events"": [{""epoch_time"": 1749025800, ""event"": ""PO_CONFIRMED"", ""location"": ""Supplier ERP"", ""exception_code"": ""NONE""}, {""epoch_time"": 1750145400, ""event"": ""SUPPLIER_HANDOVER"", ""location"": ""SUP-003"", ""exception_code"": ""NONE""}, {""epoch_time"": 1750483800, ""event"": ""DESTINATION_ARRIVAL"", ""location"": ""WH-LKO-01"", ""exception_code"": ""NONE""}, {""epoch_time"": 1750491000, ""event"": ""DOCK_RECEIVED"", ""location"": ""WH-LKO-01"", ""exception_code"": ""NONE""}]}",PROJECT44_API,2025-01-01 00:37:00,2026-08-05 02:59:59,BATCH_202501_RAW_CARRIER_TELEMETRY
TRK-86046737,SHP-00000115,"{""status"": ""DELIVERED"", ""events"": [{""epoch_time"": 1749018600, ""event"": ""PO_CONFIRMED"", ""location"": ""Supplier ERP"", ""exception_code"": ""NONE""}, {""epoch_time"": 1750224600, ""event"": ""SUPPLIER_HANDOVER"", ""location"": ""SUP-006"", ""exception_code"": ""NONE""}, {""epoch_time"": 1750735800, ""event"": ""DESTINATION_ARRIVAL"", ""location"": ""WH-BLR-04"", ""exception_code"": ""NONE""}, {""epoch_time"": 1750743000, ""event"": ""DOCK_RECEIVED"", ""location"": ""WH-BLR-04"", ""exception_code"": ""NONE""}]}",PROJECT44_API,2025-01-01 01:45:00,2026-08-05 02:59:59,BATCH_202501_RAW_CARRIER_TELEMETRY
TRK-16864990,SHP-00000116,"{""status"": ""DELIVERED"", ""events"": [{""epoch_time"": 1749011400, ""event"": ""PO_CONFIRMED"", ""location"": ""Supplier ERP"", ""exception_code"": ""NONE""}, {""epoch_time"": 1750303800, ""event"": ""SUPPLIER_HANDOVER"", ""location"": ""SUP-007"", ""exception_code"": ""NONE""}, {""epoch_time"": 1750728600, ""event"": ""DESTINATION_ARRIVAL"", ""location"": ""WH-MUM-03"", ""exception_code"": ""NONE""}, {""epoch_time"": 1750735800, ""event"": ""DOCK_RECEIVED"", ""location"": ""WH-MUM-03"", ""exception_code"": ""NONE""}]}",PROJECT44_API,2025-01-01 02:56:00,2026-08-05 02:59:59,BATCH_202501_RAW_CARRIER_TELEMETRY
TRK-53817484,SHP-00000117,"{""status"": ""DELIVERED"", ""events"": [{""epoch_time"": 1749447000, ""event"": ""PO_CONFIRMED"", ""location"": ""Supplier ERP"", ""exception_code"": ""NONE""}, {""epoch_time"": 1750221000, ""event"": ""SUPPLIER_HANDOVER"", ""location"": ""SUP-001"", ""exception_code"": ""NONE""}, {""epoch_time"": 1750300200, ""event"": ""DESTINATION_ARRIVAL"", ""location"": ""WH-BLR-04"", ""exception_code"": ""NONE""}, {""epoch_time"": 1750307400, ""event"": ""DOCK_RECEIVED"", ""location"": ""WH-BLR-04"", ""exception_code"": ""NONE""}]}",PROJECT44_API,2025-01-01 02:45:00,2026-08-05 02:59:59,BATCH_202501_RAW_CARRIER_TELEMETRY
TRK-23413994,SHP-00000118,"{""status"": ""DELIVERED"", ""events"": [{""epoch_time"": 1749717000, ""event"": ""PO_CONFIRMED"", ""location"": ""Supplier ERP"", ""exception_code"": ""NONE""}, {""epoch_time"": 1750663800, ""event"": ""SUPPLIER_HANDOVER"", ""location"": ""SUP-001"", ""exception_code"": ""NONE""}, {""epoch_time"": 1751607000, ""event"": ""DESTINATION_ARRIVAL"", ""location"": ""WH-BLR-04"", ""exception_code"": ""NONE""}, {""epoch_time"": 1751614200, ""event"": ""DOCK_RECEIVED"", ""location"": ""WH-BLR-04"", ""exception_code"": ""NONE""}]}",PROJECT44_API,2025-01-01 01:29:00,2026-08-05 02:59:59,BATCH_202501_RAW_CARRIER_TELEMETRY
TRK-11369142,SHP-00000119,"{""status"": ""DELIVERED"", ""events"": [{""epoch_time"": 1749727800, ""event"": ""PO_CONFIRMED"", ""location"": ""Supplier ERP"", ""exception_code"": ""NONE""}, {""epoch_time"": 1751365800, ""event"": ""SUPPLIER_HANDOVER"", ""location"": ""SUP-007"", ""exception_code"": ""NONE""}, {""epoch_time"": 1751617800, ""event"": ""DESTINATION_ARRIVAL"", ""location"": ""WH-MUM-03"", ""exception_code"": ""NONE""}, {""epoch_time"": 1751625000, ""event"": ""DOCK_RECEIVED"", ""location"": ""WH-MUM-03"", ""exception_code"": ""NONE""}]}",PROJECT44_API,2025-01-01 02:44:00,2026-08-05 02:59:59,BATCH_202501_RAW_CARRIER_TELEMETRY
TRK-96391205,SHP-00000120,"{""status"": ""DELIVERED"", ""events"": [{""epoch_time"": 1749702600, ""event"": ""PO_CONFIRMED"", ""location"": ""Supplier ERP"", ""exception_code"": ""NONE""}, {""epoch_time"": 1750476600, ""event"": ""SUPPLIER_HANDOVER"", ""location"": ""SUP-001"", ""exception_code"": ""NONE""}, {""epoch_time"": 1750735800, ""event"": ""CUSTOMS_HOLD"", ""location"": ""Transshipment Hub"", ""exception_code"": ""CUSTOMS_HOLD""}, {""epoch_time"": 1751081400, ""event"": ""CUSTOMS_CLEARED"", ""location"": ""Transshipment Hub"", ""exception_code"": ""NONE""}, {""epoch_time"": 1751419800, ""event"": ""DESTINATION_ARRIVAL"", ""location"": ""WH-DEL-02"", ""exception_code"": ""NONE""}, {""epoch_time"": 1751427000, ""event"": ""DOCK_RECEIVED"", ""location"": ""WH-DEL-02"", ""exception_code"": ""NONE""}]}",PROJECT44_API,2025-01-01 01:55:00,2026-08-05 02:59:59,BATCH_202501_RAW_CARRIER_TELEMETRY
TRK-36270951,SHP-00000121,"{""status"": ""DELIVERED"", ""events"": [{""epoch_time"": 1749807000, ""event"": ""PO_CONFIRMED"", ""location"": ""Supplier ERP"", ""exception_code"": ""NONE""}, {""epoch_time"": 1751099400, ""event"": ""SUPPLIER_HANDOVER"", ""location"": ""SUP-003"", ""exception_code"": ""NONE""}, {""epoch_time"": 1751265000, ""event"": ""DESTINATION_ARRIVAL"", ""location"": ""WH-LKO-01"", ""exception_code"": ""NONE""}, {""epoch_time"": 1751272200, ""event"": ""DOCK_RECEIVED"", ""location"": ""WH-LKO-01"", ""exception_code"": ""NONE""}]}",PROJECT44_API,2025-01-01 02:42:00,2026-08-05 02:59:59,BATCH_202501_RAW_CARRIER_TELEMETRY
TRK-23124279,SHP-00000122,"{""status"": ""DELIVERED"", ""events"": [{""epoch_time"": 1749814200, ""event"": ""PO_CONFIRMED"", ""location"": ""Supplier ERP"", ""exception_code"": ""NONE""}, {""epoch_time"": 1751106600, ""event"": ""SUPPLIER_HANDOVER"", ""location"": ""SUP-007"", ""exception_code"": ""NONE""}, {""epoch_time"": 1751185800, ""event"": ""DESTINATION_ARRIVAL"", ""location"": ""WH-LKO-01"", ""exception_code"": ""NONE""}, {""epoch_time"": 1751193000, ""event"": ""DOCK_RECEIVED"", ""location"": ""WH-LKO-01"", ""exception_code"": ""NONE""}]}",PROJECT44_API,2025-01-01 01:31:00,2026-08-05 02:59:59,BATCH_202501_RAW_CARRIER_TELEMETRY
TRK-79546192,SHP-00000123,"{""status"": ""DELIVERED"", ""events"": [{""epoch_time"": 1749792600, ""event"": ""PO_CONFIRMED"", ""location"": ""Supplier ERP"", ""exception_code"": ""NONE""}, {""epoch_time"": 1751344200, ""event"": ""SUPPLIER_HANDOVER"", ""location"": ""SUP-002"", ""exception_code"": ""NONE""}, {""epoch_time"": 1751682600, ""event"": ""DESTINATION_ARRIVAL"", ""location"": ""WH-LKO-01"", ""exception_code"": ""NONE""}, {""epoch_time"": 1751689800, ""event"": ""DOCK_RECEIVED"", ""location"": ""WH-LKO-01"", ""exception_code"": ""NONE""}]}",PROJECT44_API,2025-01-01 00:54:00,2026-08-05 02:59:59,BATCH_202501_RAW_CARRIER_TELEMETRY
TRK-23251465,SHP-00000124,"{""status"": ""DELIVERED"", ""events"": [{""epoch_time"": 1749961800, ""event"": ""PO_CONFIRMED"", ""location"": ""Supplier ERP"", ""exception_code"": ""NONE""}, {""epoch_time"": 1751599800, ""event"": ""SUPPLIER_HANDOVER"", ""location"": ""SUP-004"", ""exception_code"": ""NONE""}, {""epoch_time"": 1751851800, ""event"": ""DESTINATION_ARRIVAL"", ""location"": ""WH-BLR-04"", ""exception_code"": ""NONE""}, {""epoch_time"": 1751859000, ""event"": ""DOCK_RECEIVED"", ""location"": ""WH-BLR-04"", ""exception_code"": ""NONE""}]}",PROJECT44_API,2025-01-01 00:14:00,2026-08-05 02:59:59,BATCH_202501_RAW_CARRIER_TELEMETRY
TRK-99021852,SHP-00000125,"{""status"": ""DELIVERED"", ""events"": [{""epoch_time"": 1749965400, ""event"": ""PO_CONFIRMED"", ""location"": ""Supplier ERP"", ""exception_code"": ""NONE""}, {""epoch_time"": 1750998600, ""event"": ""SUPPLIER_HANDOVER"", ""location"": ""SUP-001"", ""exception_code"": ""NONE""}, {""epoch_time"": 1751250600, ""event"": ""DESTINATION_ARRIVAL"", ""location"": ""WH-MUM-03"", ""exception_code"": ""NONE""}, {""epoch_time"": 1751257800, ""event"": ""DOCK_RECEIVED"", ""location"": ""WH-MUM-03"", ""exception_code"": ""NONE""}]}",PROJECT44_API,2025-01-01 00:39:00,2026-08-05 02:59:59,BATCH_202501_RAW_CARRIER_TELEMETRY
TRK-92351932,SHP-00000126,"{""status"": ""DELIVERED"", ""events"": [{""epoch_time"": 1749979800, ""event"": ""PO_CONFIRMED"", ""location"": ""Supplier ERP"", ""exception_code"": ""NONE""}, {""epoch_time"": 1751358600, ""event"": ""SUPPLIER_HANDOVER"", ""location"": ""SUP-007"", ""exception_code"": ""NONE""}, {""epoch_time"": 1751610600, ""event"": ""DESTINATION_ARRIVAL"", ""location"": ""WH-BLR-04"", ""exception_code"": ""NONE""}, {""epoch_time"": 1751617800, ""event"": ""DOCK_RECEIVED"", ""location"": ""WH-BLR-04"", ""exception_code"": ""NONE""}]}",PROJECT44_API,2025-01-04 01:54:00,2026-08-05 02:59:59,BATCH_202501_RAW_CARRIER_TELEMETRY
TRK-94540111,SHP-00000127,"{""status"": ""DELIVERED"", ""events"": [{""epoch_time"": 1750152600, ""event"": ""PO_CONFIRMED"", ""location"": ""Supplier ERP"", ""exception_code"": ""NONE""}, {""epoch_time"": 1751013000, ""event"": ""SUPPLIER_HANDOVER"", ""location"": ""SUP-001"", ""exception_code"": ""NONE""}, {""epoch_time"": 1751351400, ""event"": ""DESTINATION_ARRIVAL"", ""location"": ""WH-LKO-01"", ""exception_code"": ""NONE""}, {""epoch_time"": 1751358600, ""event"": ""DOCK_RECEIVED"", ""location"": ""WH-LKO-01"", ""exception_code"": ""NONE""}]}",PROJECT44_API,2025-01-01 02:54:00,2026-08-05 02:59:59,BATCH_202501_RAW_CARRIER_TELEMETRY
TRK-61107455,SHP-00000128,"{""status"": ""DELIVERED"", ""events"": [{""epoch_time"": 1750235400, ""event"": ""PO_CONFIRMED"", ""location"": ""Supplier ERP"", ""exception_code"": ""NONE""}, {""epoch_time"": 1751182200, ""event"": ""SUPPLIER_HANDOVER"", ""location"": ""SUP-003"", ""exception_code"": ""NONE""}, {""epoch_time"": 1752039000, ""event"": ""DESTINATION_ARRIVAL"", ""location"": ""WH-BLR-04"", ""exception_code"": ""NONE""}, {""epoch_time"": 1752046200, ""event"": ""DOCK_RECEIVED"", ""location"": ""WH-BLR-04"", ""exception_code"": ""NONE""}]}",PROJECT44_API,2025-01-01 02:13:00,2026-08-05 02:59:59,BATCH_202501_RAW_CARRIER_TELEMETRY
TRK-16346613,SHP-00000129,"{""status"": ""DELIVERED"", ""events"": [{""epoch_time"": 1750221000, ""event"": ""PO_CONFIRMED"", ""location"": ""Supplier ERP"", ""exception_code"": ""NONE""}, {""epoch_time"": 1751427000, ""event"": ""SUPPLIER_HANDOVER"", ""location"": ""SUP-002"", ""exception_code"": ""NONE""}, {""epoch_time"": 1751513400, ""event"": ""CUSTOMS_HOLD"", ""location"": ""Transshipment Hub"", ""exception_code"": ""CUSTOMS_HOLD""}, {""epoch_time"": 1751772600, ""event"": ""CUSTOMS_CLEARED"", ""location"": ""Transshipment Hub"", ""exception_code"": ""NONE""}, {""epoch_time"": 1751592600, ""event"": ""DESTINATION_ARRIVAL"", ""location"": ""WH-DEL-02"", ""exception_code"": ""NONE""}, {""epoch_time"": 1751599800, ""event"": ""DOCK_RECEIVED"", ""location"": ""WH-DEL-02"", ""exception_code"": ""NONE""}]}",PROJECT44_API,2025-01-01 02:43:00,2026-08-05 02:59:59,BATCH_202501_RAW_CARRIER_TELEMETRY
TRK-21179654,SHP-00000130,"{""status"": ""DELIVERED"", ""events"": [{""epoch_time"": 1750307400, ""event"": ""PO_CONFIRMED"", ""location"": ""Supplier ERP"", ""exception_code"": ""NONE""}, {""epoch_time"": 1751859000, ""event"": ""SUPPLIER_HANDOVER"", ""location"": ""SUP-005"", ""exception_code"": ""NONE""}, {""epoch_time"": 1752111000, ""event"": ""DESTINATION_ARRIVAL"", ""location"": ""WH-BLR-04"", ""exception_code"": ""NONE""}, {""epoch_time"": 1752118200, ""event"": ""DOCK_RECEIVED"", ""location"": ""WH-BLR-04"", ""exception_code"": ""NONE""}]}",PROJECT44_API,2025-01-01 01:20:00,2026-08-05 02:59:59,BATCH_202501_RAW_CARRIER_TELEMETRY
TRK-94116106,SHP-00000131,"{""status"": ""DELIVERED"", ""events"": [{""epoch_time"": 1750314600, ""event"": ""PO_CONFIRMED"", ""location"": ""Supplier ERP"", ""exception_code"": ""NONE""}, {""epoch_time"": 1751347800, ""event"": ""SUPPLIER_HANDOVER"", ""location"": ""SUP-005"", ""exception_code"": ""NONE""}, {""epoch_time"": 1751427000, ""event"": ""DESTINATION_ARRIVAL"", ""location"": ""WH-LKO-01"", ""exception_code"": ""NONE""}, {""epoch_time"": 1751434200, ""event"": ""DOCK_RECEIVED"", ""location"": ""WH-LKO-01"", ""exception_code"": ""NONE""}]}",PROJECT44_API,2025-01-01 02:20:00,2026-08-05 02:59:59,BATCH_202501_RAW_CARRIER_TELEMETRY
TRK-84776218,SHP-00000132,"{""status"": ""DELIVERED"", ""events"": [{""epoch_time"": 1750332600, ""event"": ""PO_CONFIRMED"", ""location"": ""Supplier ERP"", ""exception_code"": ""NONE""}, {""epoch_time"": 1751020200, ""event"": ""SUPPLIER_HANDOVER"", ""location"": ""SUP-004"", ""exception_code"": ""NONE""}, {""epoch_time"": 1751358600, ""event"": ""DESTINATION_ARRIVAL"", ""location"": ""WH-DEL-02"", ""exception_code"": ""NONE""}, {""epoch_time"": 1751365800, ""event"": ""DOCK_RECEIVED"", ""location"": ""WH-DEL-02"", ""exception_code"": ""NONE""}]}",PROJECT44_API,2025-01-01 01:18:00,2026-08-05 02:59:59,BATCH_202501_RAW_CARRIER_TELEMETRY
TRK-87910442,SHP-00000133,"{""status"": ""DELIVERED"", ""events"": [{""epoch_time"": 1750501800, ""event"": ""PO_CONFIRMED"", ""location"": ""Supplier ERP"", ""exception_code"": ""NONE""}, {""epoch_time"": 1751967000, ""event"": ""SUPPLIER_HANDOVER"", ""location"": ""SUP-004"", ""exception_code"": ""NONE""}, {""epoch_time"": 1752399000, ""event"": ""CUSTOMS_HOLD"", ""location"": ""Transshipment Hub"", ""exception_code"": ""CUSTOMS_HOLD""}, {""epoch_time"": 1752658200, ""event"": ""CUSTOMS_CLEARED"", ""location"": ""Transshipment Hub"", ""exception_code"": ""NONE""}, {""epoch_time"": 1753428600, ""event"": ""DESTINATION_ARRIVAL"", ""location"": ""WH-DEL-02"", ""exception_code"": ""NONE""}, {""epoch_time"": 1753435800, ""event"": ""DOCK_RECEIVED"", ""location"": ""WH-DEL-02"", ""exception_code"": ""NONE""}]}",PROJECT44_API,2025-01-01 01:00:00,2026-08-05 02:59:59,BATCH_202501_RAW_CARRIER_TELEMETRY
TRK-81768178,SHP-00000134,"{""status"": ""DELIVERED"", ""events"": [{""epoch_time"": 1750491000, ""event"": ""PO_CONFIRMED"", ""location"": ""Supplier ERP"", ""exception_code"": ""NONE""}, {""epoch_time"": 1751869800, ""event"": ""SUPPLIER_HANDOVER"", ""location"": ""SUP-002"", ""exception_code"": ""NONE""}, {""epoch_time"": 1752985800, ""event"": ""DESTINATION_ARRIVAL"", ""location"": ""WH-LKO-01"", ""exception_code"": ""NONE""}, {""epoch_time"": 1752993000, ""event"": ""DOCK_RECEIVED"", ""location"": ""WH-LKO-01"", ""exception_code"": ""NONE""}]}",PROJECT44_API,2025-01-01 00:23:00,2026-08-05 02:59:59,BATCH_202501_RAW_CARRIER_TELEMETRY
TRK-11138757,SHP-00000135,"{""status"": ""DELIVERED"", ""events"": [{""epoch_time"": 1750591800, ""event"": ""PO_CONFIRMED"", ""location"": ""Supplier ERP"", ""exception_code"": ""NONE""}, {""epoch_time"": 1751884200, ""event"": ""SUPPLIER_HANDOVER"", ""location"": ""SUP-003"", ""exception_code"": ""NONE""}, {""epoch_time"": 1752049800, ""event"": ""DESTINATION_ARRIVAL"", ""location"": ""WH-LKO-01"", ""exception_code"": ""NONE""}, {""epoch_time"": 1752057000, ""event"": ""DOCK_RECEIVED"", ""location"": ""WH-LKO-01"", ""exception_code"": ""NONE""}]}",PROJECT44_API,2025-01-01 01:12:00,2026-08-05 02:59:59,BATCH_202501_RAW_CARRIER_TELEMETRY
TRK-14987938,SHP-00000136,"{""status"": ""DELIVERED"", ""events"": [{""epoch_time"": 1750588200, ""event"": ""PO_CONFIRMED"", ""location"": ""Supplier ERP"", ""exception_code"": ""NONE""}, {""epoch_time"": 1751535000, ""event"": ""SUPPLIER_HANDOVER"", ""location"": ""SUP-001"", ""exception_code"": ""NONE""}, {""epoch_time"": 1751700600, ""event"": ""DESTINATION_ARRIVAL"", ""location"": ""WH-DEL-02"", ""exception_code"": ""NONE""}, {""epoch_time"": 1751707800, ""event"": ""DOCK_RECEIVED"", ""location"": ""WH-DEL-02"", ""exception_code"": ""NONE""}]}",PROJECT44_API,2025-01-06 01:10:00,2026-08-05 02:59:59,BATCH_202501_RAW_CARRIER_TELEMETRY
TRK-31424280,SHP-00000137,"{""status"": ""DELIVERED"", ""events"": [{""epoch_time"": 1750653000, ""event"": ""PO_CONFIRMED"", ""location"": ""Supplier ERP"", ""exception_code"": ""NONE""}, {""epoch_time"": 1752204600, ""event"": ""SUPPLIER_HANDOVER"", ""location"": ""SUP-003"", ""exception_code"": ""NONE""}, {""epoch_time"": 1752456600, ""event"": ""DESTINATION_ARRIVAL"", ""location"": ""WH-LKO-01"", ""exception_code"": ""NONE""}, {""epoch_time"": 1752463800, ""event"": ""DOCK_RECEIVED"", ""location"": ""WH-LKO-01"", ""exception_code"": ""NONE""}]}",PROJECT44_API,2025-01-01 02:31:00,2026-08-05 02:59:59,BATCH_202501_RAW_CARRIER_TELEMETRY
TRK-44318405,SHP-00000138,"{""status"": ""DELIVERED"", ""events"": [{""epoch_time"": 1750743000, ""event"": ""PO_CONFIRMED"", ""location"": ""Supplier ERP"", ""exception_code"": ""NONE""}, {""epoch_time"": 1752121800, ""event"": ""SUPPLIER_HANDOVER"", ""location"": ""SUP-005"", ""exception_code"": ""NONE""}, {""epoch_time"": 1752208200, ""event"": ""CUSTOMS_HOLD"", ""location"": ""Transshipment Hub"", ""exception_code"": ""CUSTOMS_HOLD""}, {""epoch_time"": 1752381000, ""event"": ""CUSTOMS_CLEARED"", ""location"": ""Transshipment Hub"", ""exception_code"": ""NONE""}, {""epoch_time"": 1752373800, ""event"": ""DESTINATION_ARRIVAL"", ""location"": ""WH-LKO-01"", ""exception_code"": ""NONE""}, {""epoch_time"": 1752381000, ""event"": ""DOCK_RECEIVED"", ""location"": ""WH-LKO-01"", ""exception_code"": ""NONE""}]}",PROJECT44_API,2025-01-01 01:51:00,2026-08-05 02:59:59,BATCH_202501_RAW_CARRIER_TELEMETRY
TRK-96467700,SHP-00000139,"{""status"": ""DELIVERED"", ""events"": [{""epoch_time"": 1750840200, ""event"": ""PO_CONFIRMED"", ""location"": ""Supplier ERP"", ""exception_code"": ""NONE""}, {""epoch_time"": 1752132600, ""event"": ""SUPPLIER_HANDOVER"", ""location"": ""SUP-004"", ""exception_code"": ""NONE""}, {""epoch_time"": 1752557400, ""event"": ""DESTINATION_ARRIVAL"", ""location"": ""WH-LKO-01"", ""exception_code"": ""NONE""}, {""epoch_time"": 1752564600, ""event"": ""DOCK_RECEIVED"", ""location"": ""WH-LKO-01"", ""exception_code"": ""NONE""}]}",PROJECT44_API,2025-01-01 02:09:00,2026-08-05 02:59:59,BATCH_202501_RAW_CARRIER_TELEMETRY
TRK-42877159,SHP-00000140,"{""status"": ""DELIVERED"", ""events"": [{""epoch_time"": 1750822200, ""event"": ""PO_CONFIRMED"", ""location"": ""Supplier ERP"", ""exception_code"": ""NONE""}, {""epoch_time"": 1752633000, ""event"": ""SUPPLIER_HANDOVER"", ""location"": ""SUP-004"", ""exception_code"": ""NONE""}, {""epoch_time"": 1752798600, ""event"": ""DESTINATION_ARRIVAL"", ""location"": ""WH-BLR-04"", ""exception_code"": ""NONE""}, {""epoch_time"": 1752805800, ""event"": ""DOCK_RECEIVED"", ""location"": ""WH-BLR-04"", ""exception_code"": ""NONE""}]}",PROJECT44_API,2025-01-01 00:31:00,2026-08-05 02:59:59,BATCH_202501_RAW_CARRIER_TELEMETRY
TRK-18725381,SHP-00000141,"{""status"": ""DELIVERED"", ""events"": [{""epoch_time"": 1750851000, ""event"": ""PO_CONFIRMED"", ""location"": ""Supplier ERP"", ""exception_code"": ""NONE""}, {""epoch_time"": 1752143400, ""event"": ""SUPPLIER_HANDOVER"", ""location"": ""SUP-006"", ""exception_code"": ""NONE""}, {""epoch_time"": 1752568200, ""event"": ""DESTINATION_ARRIVAL"", ""location"": ""WH-BLR-04"", ""exception_code"": ""NONE""}, {""epoch_time"": 1752575400, ""event"": ""DOCK_RECEIVED"", ""location"": ""WH-BLR-04"", ""exception_code"": ""NONE""}]}",PROJECT44_API,2025-01-01 02:49:00,2026-08-05 02:59:59,BATCH_202501_RAW_CARRIER_TELEMETRY
TRK-93379775,SHP-00000142,"{""status"": ""DELIVERED"", ""events"": [{""epoch_time"": 1751081400, ""event"": ""PO_CONFIRMED"", ""location"": ""Supplier ERP"", ""exception_code"": ""NONE""}, {""epoch_time"": 1752460200, ""event"": ""SUPPLIER_HANDOVER"", ""location"": ""SUP-008"", ""exception_code"": ""NONE""}, {""epoch_time"": 1752719400, ""event"": ""CUSTOMS_HOLD"", ""location"": ""Transshipment Hub"", ""exception_code"": ""CUSTOMS_HOLD""}, {""epoch_time"": 1752892200, ""event"": ""CUSTOMS_CLEARED"", ""location"": ""Transshipment Hub"", ""exception_code"": ""NONE""}, {""epoch_time"": 1753403400, ""event"": ""DESTINATION_ARRIVAL"", ""location"": ""WH-DEL-02"", ""exception_code"": ""NONE""}, {""epoch_time"": 1753410600, ""event"": ""DOCK_RECEIVED"", ""location"": ""WH-DEL-02"", ""exception_code"": ""NONE""}]}",PROJECT44_API,2025-01-01 02:43:00,2026-08-05 02:59:59,BATCH_202501_RAW_CARRIER_TELEMETRY
TRK-68130678,SHP-00000143,"{""status"": ""DELIVERED"", ""events"": [{""epoch_time"": 1751092200, ""event"": ""PO_CONFIRMED"", ""location"": ""Supplier ERP"", ""exception_code"": ""NONE""}, {""epoch_time"": 1752211800, ""event"": ""SUPPLIER_HANDOVER"", ""location"": ""SUP-002"", ""exception_code"": ""NONE""}, {""epoch_time"": 1752291000, ""event"": ""DESTINATION_ARRIVAL"", ""location"": ""WH-BLR-04"", ""exception_code"": ""NONE""}, {""epoch_time"": 1752298200, ""event"": ""DOCK_RECEIVED"", ""location"": ""WH-BLR-04"", ""exception_code"": ""NONE""}]}",PROJECT44_API,2025-01-01 01:56:00,2026-08-05 02:59:59,BATCH_202501_RAW_CARRIER_TELEMETRY
TRK-48377885,SHP-00000144,"{""status"": ""DELIVERED"", ""events"": [{""epoch_time"": 1751257800, ""event"": ""PO_CONFIRMED"", ""location"": ""Supplier ERP"", ""exception_code"": ""NONE""}, {""epoch_time"": 1752377400, ""event"": ""SUPPLIER_HANDOVER"", ""location"": ""SUP-002"", ""exception_code"": ""NONE""}, {""epoch_time"": 1752456600, ""event"": ""DESTINATION_ARRIVAL"", ""location"": ""WH-DEL-02"", ""exception_code"": ""NONE""}, {""epoch_time"": 1752463800, ""event"": ""DOCK_RECEIVED"", ""location"": ""WH-DEL-02"", ""exception_code"": ""NONE""}]}",PROJECT44_API,2025-01-01 00:15:00,2026-08-05 02:59:59,BATCH_202501_RAW_CARRIER_TELEMETRY
TRK-47153636,SHP-00000145,"{""status"": ""DELIVERED"", ""events"": [{""epoch_time"": 1751275800, ""event"": ""PO_CONFIRMED"", ""location"": ""Supplier ERP"", ""exception_code"": ""NONE""}, {""epoch_time"": 1752309000, ""event"": ""SUPPLIER_HANDOVER"", ""location"": ""SUP-004"", ""exception_code"": ""NONE""}, {""epoch_time"": 1753252200, ""event"": ""DESTINATION_ARRIVAL"", ""location"": ""WH-DEL-02"", ""exception_code"": ""NONE""}, {""epoch_time"": 1753259400, ""event"": ""DOCK_RECEIVED"", ""location"": ""WH-DEL-02"", ""exception_code"": ""NONE""}]}",PROJECT44_API,2025-01-01 00:36:00,2026-08-05 02:59:59,BATCH_202501_RAW_CARRIER_TELEMETRY
TRK-60555854,SHP-00000146,"{""status"": ""DELIVERED"", ""events"": [{""epoch_time"": 1751254200, ""event"": ""PO_CONFIRMED"", ""location"": ""Supplier ERP"", ""exception_code"": ""NONE""}, {""epoch_time"": 1752719400, ""event"": ""SUPPLIER_HANDOVER"", ""location"": ""SUP-002"", ""exception_code"": ""NONE""}, {""epoch_time"": 1753057800, ""event"": ""DESTINATION_ARRIVAL"", ""location"": ""WH-BLR-04"", ""exception_code"": ""NONE""}, {""epoch_time"": 1753065000, ""event"": ""DOCK_RECEIVED"", ""location"": ""WH-BLR-04"", ""exception_code"": ""NONE""}]}",PROJECT44_API,2025-01-01 00:28:00,2026-08-05 02:59:59,BATCH_202501_RAW_CARRIER_TELEMETRY
TRK-72791891,SHP-00000147,"{""status"": ""DELIVERED"", ""events"": [{""epoch_time"": 1751365800, ""event"": ""PO_CONFIRMED"", ""location"": ""Supplier ERP"", ""exception_code"": ""NONE""}, {""epoch_time"": 1752226200, ""event"": ""SUPPLIER_HANDOVER"", ""location"": ""SUP-004"", ""exception_code"": ""NONE""}, {""epoch_time"": 1752391800, ""event"": ""DESTINATION_ARRIVAL"", ""location"": ""WH-LKO-01"", ""exception_code"": ""NONE""}, {""epoch_time"": 1752399000, ""event"": ""DOCK_RECEIVED"", ""location"": ""WH-LKO-01"", ""exception_code"": ""NONE""}]}",PROJECT44_API,2025-01-01 01:33:00,2026-08-05 02:59:59,BATCH_202501_RAW_CARRIER_TELEMETRY
TRK-50493462,SHP-00000148,"{""status"": ""DELIVERED"", ""events"": [{""epoch_time"": 1751445000, ""event"": ""PO_CONFIRMED"", ""location"": ""Supplier ERP"", ""exception_code"": ""NONE""}, {""epoch_time"": 1752651000, ""event"": ""SUPPLIER_HANDOVER"", ""location"": ""SUP-001"", ""exception_code"": ""NONE""}, {""epoch_time"": 1753248600, ""event"": ""DESTINATION_ARRIVAL"", ""location"": ""WH-LKO-01"", ""exception_code"": ""NONE""}, {""epoch_time"": 1753255800, ""event"": ""DOCK_RECEIVED"", ""location"": ""WH-LKO-01"", ""exception_code"": ""NONE""}]}",PROJECT44_API,2025-01-01 02:40:00,2026-08-05 02:59:59,BATCH_202501_RAW_CARRIER_TELEMETRY
TRK-35059258,SHP-00000149,"{""status"": ""DELIVERED"", ""events"": [{""epoch_time"": 1751542200, ""event"": ""PO_CONFIRMED"", ""location"": ""Supplier ERP"", ""exception_code"": ""NONE""}, {""epoch_time"": 1753180200, ""event"": ""SUPPLIER_HANDOVER"", ""location"": ""SUP-004"", ""exception_code"": ""NONE""}, {""epoch_time"": 1753950600, ""event"": ""DESTINATION_ARRIVAL"", ""location"": ""WH-BLR-04"", ""exception_code"": ""NONE""}, {""epoch_time"": 1753957800, ""event"": ""DOCK_RECEIVED"", ""location"": ""WH-BLR-04"", ""exception_code"": ""NONE""}]}",PROJECT44_API,2025-01-01 01:17:00,2026-08-05 02:59:59,BATCH_202501_RAW_CARRIER_TELEMETRY
TRK-71924297,SHP-00000150,"{""status"": ""DELIVERED"", ""events"": [{""epoch_time"": 1751535000, ""event"": ""PO_CONFIRMED"", ""location"": ""Supplier ERP"", ""exception_code"": ""NONE""}, {""epoch_time"": 1752827400, ""event"": ""SUPPLIER_HANDOVER"", ""location"": ""SUP-004"", ""exception_code"": ""NONE""}, {""epoch_time"": 1753079400, ""event"": ""DESTINATION_ARRIVAL"", ""location"": ""WH-BLR-04"", ""exception_code"": ""NONE""}, {""epoch_time"": 1753086600, ""event"": ""DOCK_RECEIVED"", ""location"": ""WH-BLR-04"", ""exception_code"": ""NONE""}]}",PROJECT44_API,2025-01-01 01:20:00,2026-08-05 02:59:59,BATCH_202501_RAW_CARRIER_TELEMETRY
TRK-38808317,SHP-00000151,"{""status"": ""DELIVERED"", ""events"": [{""epoch_time"": 1751520600, ""event"": ""PO_CONFIRMED"", ""location"": ""Supplier ERP"", ""exception_code"": ""NONE""}, {""epoch_time"": 1752985800, ""event"": ""SUPPLIER_HANDOVER"", ""location"": ""SUP-001"", ""exception_code"": ""NONE""}, {""epoch_time"": 1753237800, ""event"": ""DESTINATION_ARRIVAL"", ""location"": ""WH-BLR-04"", ""exception_code"": ""NONE""}, {""epoch_time"": 1753245000, ""event"": ""DOCK_RECEIVED"", ""location"": ""WH-BLR-04"", ""exception_code"": ""NONE""}]}",PROJECT44_API,2025-01-01 02:19:00,2026-08-05 02:59:59,BATCH_202501_RAW_CARRIER_TELEMETRY
TRK-90281316,SHP-00000152,"{""status"": ""DELIVERED"", ""events"": [{""epoch_time"": 1751531400, ""event"": ""PO_CONFIRMED"", ""location"": ""Supplier ERP"", ""exception_code"": ""NONE""}, {""epoch_time"": 1752305400, ""event"": ""SUPPLIER_HANDOVER"", ""location"": ""SUP-001"", ""exception_code"": ""NONE""}, {""epoch_time"": 1753248600, ""event"": ""DESTINATION_ARRIVAL"", ""location"": ""WH-DEL-02"", ""exception_code"": ""NONE""}, {""epoch_time"": 1753255800, ""event"": ""DOCK_RECEIVED"", ""location"": ""WH-DEL-02"", ""exception_code"": ""NONE""}]}",PROJECT44_API,2025-01-01 01:09:00,2026-08-05 02:59:59,BATCH_202501_RAW_CARRIER_TELEMETRY
TRK-35407598,SHP-00000153,"{""status"": ""DELIVERED"", ""events"": [{""epoch_time"": 1751617800, ""event"": ""PO_CONFIRMED"", ""location"": ""Supplier ERP"", ""exception_code"": ""NONE""}, {""epoch_time"": 1753515000, ""event"": ""SUPPLIER_HANDOVER"", ""location"": ""SUP-007"", ""exception_code"": ""NONE""}, {""epoch_time"": 1753680600, ""event"": ""DESTINATION_ARRIVAL"", ""location"": ""WH-BLR-04"", ""exception_code"": ""NONE""}, {""epoch_time"": 1753687800, ""event"": ""DOCK_RECEIVED"", ""location"": ""WH-BLR-04"", ""exception_code"": ""NONE""}]}",PROJECT44_API,2025-01-01 02:20:00,2026-08-05 02:59:59,BATCH_202501_RAW_CARRIER_TELEMETRY
TRK-38931794,SHP-00000154,"{""status"": ""DELIVERED"", ""events"": [{""epoch_time"": 1751599800, ""event"": ""PO_CONFIRMED"", ""location"": ""Supplier ERP"", ""exception_code"": ""NONE""}, {""epoch_time"": 1752892200, ""event"": ""SUPPLIER_HANDOVER"", ""location"": ""SUP-006"", ""exception_code"": ""NONE""}, {""epoch_time"": 1752971400, ""event"": ""DESTINATION_ARRIVAL"", ""location"": ""WH-MUM-03"", ""exception_code"": ""NONE""}, {""epoch_time"": 1752978600, ""event"": ""DOCK_RECEIVED"", ""location"": ""WH-MUM-03"", ""exception_code"": ""NONE""}]}",PROJECT44_API,2025-01-01 01:47:00,2026-08-05 02:59:59,BATCH_202501_RAW_CARRIER_TELEMETRY
TRK-74869342,SHP-00000155,"{""status"": ""DELIVERED"", ""events"": [{""epoch_time"": 1751704200, ""event"": ""PO_CONFIRMED"", ""location"": ""Supplier ERP"", ""exception_code"": ""NONE""}, {""epoch_time"": 1752910200, ""event"": ""SUPPLIER_HANDOVER"", ""location"": ""SUP-004"", ""exception_code"": ""NONE""}, {""epoch_time"": 1753248600, ""event"": ""DESTINATION_ARRIVAL"", ""location"": ""WH-MUM-03"", ""exception_code"": ""NONE""}, {""epoch_time"": 1753255800, ""event"": ""DOCK_RECEIVED"", ""location"": ""WH-MUM-03"", ""exception_code"": ""NONE""}]}",PROJECT44_API,2025-01-01 01:05:00,2026-08-05 02:59:59,BATCH_202501_RAW_CARRIER_TELEMETRY
TRK-78926802,SHP-00000156,"{""status"": ""DELIVERED"", ""events"": [{""epoch_time"": 1751779800, ""event"": ""PO_CONFIRMED"", ""location"": ""Supplier ERP"", ""exception_code"": ""NONE""}, {""epoch_time"": 1752726600, ""event"": ""SUPPLIER_HANDOVER"", ""location"": ""SUP-001"", ""exception_code"": ""NONE""}, {""epoch_time"": 1753410600, ""event"": ""DESTINATION_ARRIVAL"", ""location"": ""WH-DEL-02"", ""exception_code"": ""NONE""}, {""epoch_time"": 1753417800, ""event"": ""DOCK_RECEIVED"", ""location"": ""WH-DEL-02"", ""exception_code"": ""NONE""}]}",PROJECT44_API,2025-01-01 02:34:00,2026-08-05 02:59:59,BATCH_202501_RAW_CARRIER_TELEMETRY
TRK-38510649,SHP-00000157,"{""status"": ""DELIVERED"", ""events"": [{""epoch_time"": 1751956200, ""event"": ""PO_CONFIRMED"", ""location"": ""Supplier ERP"", ""exception_code"": ""NONE""}, {""epoch_time"": 1753680600, ""event"": ""SUPPLIER_HANDOVER"", ""location"": ""SUP-004"", ""exception_code"": ""NONE""}, {""epoch_time"": 1753939800, ""event"": ""CUSTOMS_HOLD"", ""location"": ""Transshipment Hub"", ""exception_code"": ""CUSTOMS_HOLD""}, {""epoch_time"": 1754285400, ""event"": ""CUSTOMS_CLEARED"", ""location"": ""Transshipment Hub"", ""exception_code"": ""NONE""}, {""epoch_time"": 1754623800, ""event"": ""DESTINATION_ARRIVAL"", ""location"": ""WH-BLR-04"", ""exception_code"": ""NONE""}, {""epoch_time"": 1754631000, ""event"": ""DOCK_RECEIVED"", ""location"": ""WH-BLR-04"", ""exception_code"": ""NONE""}]}",PROJECT44_API,2025-01-01 00:12:00,2026-08-05 02:59:59,BATCH_202501_RAW_CARRIER_TELEMETRY
TRK-66196674,SHP-00000158,"{""status"": ""DELIVERED"", ""events"": [{""epoch_time"": 1752042600, ""event"": ""PO_CONFIRMED"", ""location"": ""Supplier ERP"", ""exception_code"": ""NONE""}, {""epoch_time"": 1753507800, ""event"": ""SUPPLIER_HANDOVER"", ""location"": ""SUP-006"", ""exception_code"": ""NONE""}, {""epoch_time"": 1753673400, ""event"": ""DESTINATION_ARRIVAL"", ""location"": ""WH-MUM-03"", ""exception_code"": ""NONE""}, {""epoch_time"": 1753680600, ""event"": ""DOCK_RECEIVED"", ""location"": ""WH-MUM-03"", ""exception_code"": ""NONE""}]}",PROJECT44_API,2025-01-01 02:15:00,2026-08-05 02:59:59,BATCH_202501_RAW_CARRIER_TELEMETRY
TRK-94975647, SHP-00000159 ,"{""status"": ""DELIVERED"", ""events"": [{""epoch_time"": 1752053400, ""event"": ""PO_CONFIRMED"", ""location"": ""Supplier ERP"", ""exception_code"": ""NONE""}, {""epoch_time"": 1753432200, ""event"": ""SUPPLIER_HANDOVER"", ""location"": ""SUP-006"", ""exception_code"": ""NONE""}, {""epoch_time"": 1753770600, ""event"": ""DESTINATION_ARRIVAL"", ""location"": ""WH-DEL-02"", ""exception_code"": ""NONE""}, {""epoch_time"": 1753777800, ""event"": ""DOCK_RECEIVED"", ""location"": ""WH-DEL-02"", ""exception_code"": ""NONE""}]}",PROJECT44_API,2025-01-01 02:19:00,2026-08-05 02:59:59,BATCH_202501_RAW_CARRIER_TELEMETRY
TRK-33245404,SHP-00000160,"{""status"": ""DELIVERED"", ""events"": [{""epoch_time"": 1752139800, ""event"": ""PO_CONFIRMED"", ""location"": ""Supplier ERP"", ""exception_code"": ""NONE""}, {""epoch_time"": 1753086600, ""event"": ""SUPPLIER_HANDOVER"", ""location"": ""SUP-003"", ""exception_code"": ""NONE""}, {""epoch_time"": 1753252200, ""event"": ""DESTINATION_ARRIVAL"", ""location"": ""WH-BLR-04"", ""exception_code"": ""NONE""}, {""epoch_time"": 1753259400, ""event"": ""DOCK_RECEIVED"", ""location"": ""WH-BLR-04"", ""exception_code"": ""NONE""}]}",PROJECT44_API,2025-01-01 02:57:00,2026-08-05 02:59:59,BATCH_202501_RAW_CARRIER_TELEMETRY
TRK-14583801,SHP-00000161,"{""status"": ""DELIVERED"", ""events"": [{""epoch_time"": 1752139800, ""event"": ""PO_CONFIRMED"", ""location"": ""Supplier ERP"", ""exception_code"": ""NONE""}, {""epoch_time"": 1753691400, ""event"": ""SUPPLIER_HANDOVER"", ""location"": ""SUP-007"", ""exception_code"": ""NONE""}, {""epoch_time"": 1754893800, ""event"": ""DESTINATION_ARRIVAL"", ""location"": ""WH-LKO-01"", ""exception_code"": ""NONE""}, {""epoch_time"": 1754901000, ""event"": ""DOCK_RECEIVED"", ""location"": ""WH-LKO-01"", ""exception_code"": ""NONE""}]}",PROJECT44_API,2025-01-01 00:49:00,2026-08-05 02:59:59,BATCH_202501_RAW_CARRIER_TELEMETRY
TRK-39111337,SHP-00000162,"{""status"": ""DELIVERED"", ""events"": [{""epoch_time"": 1752204600, ""event"": ""PO_CONFIRMED"", ""location"": ""Supplier ERP"", ""exception_code"": ""NONE""}, {""epoch_time"": 1754015400, ""event"": ""SUPPLIER_HANDOVER"", ""location"": ""SUP-005"", ""exception_code"": ""NONE""}, {""epoch_time"": 1754267400, ""event"": ""DESTINATION_ARRIVAL"", ""location"": ""WH-BLR-04"", ""exception_code"": ""NONE""}, {""epoch_time"": 1754274600, ""event"": ""DOCK_RECEIVED"", ""location"": ""WH-BLR-04"", ""exception_code"": ""NONE""}]}",PROJECT44_API,2025-01-01 02:36:00,2026-08-05 02:59:59,BATCH_202501_RAW_CARRIER_TELEMETRY
TRK-71990648,SHP-00000163,"{""status"": ""DELIVERED"", ""events"": [{""epoch_time"": 1752219000, ""event"": ""PO_CONFIRMED"", ""location"": ""Supplier ERP"", ""exception_code"": ""NONE""}, {""epoch_time"": 1753079400, ""event"": ""SUPPLIER_HANDOVER"", ""location"": ""SUP-001"", ""exception_code"": ""NONE""}, {""epoch_time"": 1753331400, ""event"": ""DESTINATION_ARRIVAL"", ""location"": ""WH-MUM-03"", ""exception_code"": ""NONE""}, {""epoch_time"": 1753338600, ""event"": ""DOCK_RECEIVED"", ""location"": ""WH-MUM-03"", ""exception_code"": ""NONE""}]}",PROJECT44_API,2025-01-01 01:18:00,2026-08-05 02:59:59,BATCH_202501_RAW_CARRIER_TELEMETRY
TRK-15968288,SHP-00000164,"{""status"": ""DELIVERED"", ""events"": [{""epoch_time"": 1752233400, ""event"": ""PO_CONFIRMED"", ""location"": ""Supplier ERP"", ""exception_code"": ""NONE""}, {""epoch_time"": 1753525800, ""event"": ""SUPPLIER_HANDOVER"", ""location"": ""SUP-006"", ""exception_code"": ""NONE""}, {""epoch_time"": 1753864200, ""event"": ""DESTINATION_ARRIVAL"", ""location"": ""WH-MUM-03"", ""exception_code"": ""NONE""}, {""epoch_time"": 1753871400, ""event"": ""DOCK_RECEIVED"", ""location"": ""WH-MUM-03"", ""exception_code"": ""NONE""}]}",PROJECT44_API,2025-01-01 02:03:00,2026-08-05 02:59:59,BATCH_202501_RAW_CARRIER_TELEMETRY
TRK-81311148,SHP-00000165,"{""status"": ""DELIVERED"", ""events"": [{""epoch_time"": 1752215400, ""event"": ""PO_CONFIRMED"", ""location"": ""Supplier ERP"", ""exception_code"": ""NONE""}, {""epoch_time"": 1753335000, ""event"": ""SUPPLIER_HANDOVER"", ""location"": ""SUP-001"", ""exception_code"": ""NONE""}, {""epoch_time"": 1753673400, ""event"": ""DESTINATION_ARRIVAL"", ""location"": ""WH-DEL-02"", ""exception_code"": ""NONE""}, {""epoch_time"": 1753680600, ""event"": ""DOCK_RECEIVED"", ""location"": ""WH-DEL-02"", ""exception_code"": ""NONE""}]}",PROJECT44_API,2025-01-01 01:35:00,2026-08-05 02:59:59,BATCH_202501_RAW_CARRIER_TELEMETRY
TRK-48010967,SHP-00000166,"{""status"": ""DELIVERED"", ""events"": [{""epoch_time"": 1752309000, ""event"": ""PO_CONFIRMED"", ""location"": ""Supplier ERP"", ""exception_code"": ""NONE""}, {""epoch_time"": 1753428600, ""event"": ""SUPPLIER_HANDOVER"", ""location"": ""SUP-004"", ""exception_code"": ""NONE""}, {""epoch_time"": 1753680600, ""event"": ""DESTINATION_ARRIVAL"", ""location"": ""WH-BLR-04"", ""exception_code"": ""NONE""}, {""epoch_time"": 1753687800, ""event"": ""DOCK_RECEIVED"", ""location"": ""WH-BLR-04"", ""exception_code"": ""NONE""}]}",PROJECT44_API,2025-01-01 01:22:00,2026-08-05 02:59:59,BATCH_202501_RAW_CARRIER_TELEMETRY
TRK-85193515,SHP-00000167,"{""status"": ""DELIVERED"", ""events"": [{""epoch_time"": 1752381000, ""event"": ""PO_CONFIRMED"", ""location"": ""Supplier ERP"", ""exception_code"": ""NONE""}, {""epoch_time"": 1753587000, ""event"": ""SUPPLIER_HANDOVER"", ""location"": ""SUP-004"", ""exception_code"": ""NONE""}, {""epoch_time"": 1753752600, ""event"": ""DESTINATION_ARRIVAL"", ""location"": ""WH-DEL-02"", ""exception_code"": ""NONE""}, {""epoch_time"": 1753759800, ""event"": ""DOCK_RECEIVED"", ""location"": ""WH-DEL-02"", ""exception_code"": ""NONE""}]}",PROJECT44_API,2025-01-01 00:56:00,2026-08-05 02:59:59,BATCH_202501_RAW_CARRIER_TELEMETRY
trk-99202611,SHP-00000168,"{""status"": ""DELIVERED"", ""events"": [{""epoch_time"": 1752471000, ""event"": ""PO_CONFIRMED"", ""location"": ""Supplier ERP"", ""exception_code"": ""NONE""}, {""epoch_time"": 1753245000, ""event"": ""SUPPLIER_HANDOVER"", ""location"": ""SUP-004"", ""exception_code"": ""NONE""}, {""epoch_time"": 1753324200, ""event"": ""DESTINATION_ARRIVAL"", ""location"": ""WH-LKO-01"", ""exception_code"": ""NONE""}, {""epoch_time"": 1753331400, ""event"": ""DOCK_RECEIVED"", ""location"": ""WH-LKO-01"", ""exception_code"": ""NONE""}]}",PROJECT44_API,2025-01-01 01:05:00,2026-08-05 02:59:59,BATCH_202501_RAW_CARRIER_TELEMETRY
TRK-99433167,SHP-00000169,"{""status"": ""DELIVERED"", ""events"": [{""epoch_time"": 1752474600, ""event"": ""PO_CONFIRMED"", ""location"": ""Supplier ERP"", ""exception_code"": ""NONE""}, {""epoch_time"": 1753939800, ""event"": ""SUPPLIER_HANDOVER"", ""location"": ""SUP-005"", ""exception_code"": ""NONE""}, {""epoch_time"": 1754191800, ""event"": ""DESTINATION_ARRIVAL"", ""location"": ""WH-LKO-01"", ""exception_code"": ""NONE""}, {""epoch_time"": 1754199000, ""event"": ""DOCK_RECEIVED"", ""location"": ""WH-LKO-01"", ""exception_code"": ""NONE""}]}",PROJECT44_API,2025-01-01 00:58:00,2026-08-05 02:59:59,BATCH_202501_RAW_CARRIER_TELEMETRY
TRK-34887184,SHP-00000170,"{""status"": ""DELIVERED"", ""events"": [{""epoch_time"": 1752481800, ""event"": ""PO_CONFIRMED"", ""location"": ""Supplier ERP"", ""exception_code"": ""NONE""}, {""epoch_time"": 1753169400, ""event"": ""SUPPLIER_HANDOVER"", ""location"": ""SUP-001"", ""exception_code"": ""NONE""}, {""epoch_time"": 1753421400, ""event"": ""DESTINATION_ARRIVAL"", ""location"": ""WH-LKO-01"", ""exception_code"": ""NONE""}, {""epoch_time"": 1753428600, ""event"": ""DOCK_RECEIVED"", ""location"": ""WH-LKO-01"", ""exception_code"": ""NONE""}]}",PROJECT44_API,2025-01-01 02:06:00,2026-08-05 02:59:59,BATCH_202501_RAW_CARRIER_TELEMETRY
TRK-56507275,SHP-00000171,"{""status"": ""DELIVERED"", ""events"": [{""epoch_time"": 1752564600, ""event"": ""PO_CONFIRMED"", ""location"": ""Supplier ERP"", ""exception_code"": ""NONE""}, {""epoch_time"": 1754029800, ""event"": ""SUPPLIER_HANDOVER"", ""location"": ""SUP-002"", ""exception_code"": ""NONE""}, {""epoch_time"": 1754281800, ""event"": ""DESTINATION_ARRIVAL"", ""location"": ""WH-DEL-02"", ""exception_code"": ""NONE""}, {""epoch_time"": 1754289000, ""event"": ""DOCK_RECEIVED"", ""location"": ""WH-DEL-02"", ""exception_code"": ""NONE""}]}",PROJECT44_API,2025-01-01 02:26:00,2026-08-05 02:59:59,BATCH_202501_RAW_CARRIER_TELEMETRY
TRK-70262334,SHP-00000172,"{""status"": ""DELIVERED"", ""events"": [{""epoch_time"": 1752575400, ""event"": ""PO_CONFIRMED"", ""location"": ""Supplier ERP"", ""exception_code"": ""NONE""}, {""epoch_time"": 1754213400, ""event"": ""SUPPLIER_HANDOVER"", ""location"": ""SUP-006"", ""exception_code"": ""NONE""}, {""epoch_time"": 1754465400, ""event"": ""DESTINATION_ARRIVAL"", ""location"": ""WH-BLR-04"", ""exception_code"": ""NONE""}, {""epoch_time"": 1754472600, ""event"": ""DOCK_RECEIVED"", ""location"": ""WH-BLR-04"", ""exception_code"": ""NONE""}]}",PROJECT44_API,2025-01-01 01:36:00,2026-08-05 02:59:59,BATCH_202501_RAW_CARRIER_TELEMETRY
TRK-97560008,SHP-00000173,"{""status"": ""DELIVERED"", ""events"": [{""epoch_time"": 1752640200, ""event"": ""PO_CONFIRMED"", ""location"": ""Supplier ERP"", ""exception_code"": ""NONE""}, {""epoch_time"": 1753587000, ""event"": ""SUPPLIER_HANDOVER"", ""location"": ""SUP-001"", ""exception_code"": ""NONE""}, {""epoch_time"": 1753752600, ""event"": ""DESTINATION_ARRIVAL"", ""location"": ""WH-MUM-03"", ""exception_code"": ""NONE""}, {""epoch_time"": 1753759800, ""event"": ""DOCK_RECEIVED"", ""location"": ""WH-MUM-03"", ""exception_code"": ""NONE""}]}",PROJECT44_API,2025-01-01 00:14:00,2026-08-05 02:59:59,BATCH_202501_RAW_CARRIER_TELEMETRY
TRK-62230505,SHP-00000174,"{""status"": ""DELIVERED"", ""events"": [{""epoch_time"": 1752733800, ""event"": ""PO_CONFIRMED"", ""location"": ""Supplier ERP"", ""exception_code"": ""NONE""}, {""epoch_time"": 1754199000, ""event"": ""SUPPLIER_HANDOVER"", ""location"": ""SUP-004"", ""exception_code"": ""NONE""}, {""epoch_time"": 1754451000, ""event"": ""DESTINATION_ARRIVAL"", ""location"": ""WH-MUM-03"", ""exception_code"": ""NONE""}, {""epoch_time"": 1754458200, ""event"": ""DOCK_RECEIVED"", ""location"": ""WH-MUM-03"", ""exception_code"": ""NONE""}]}",PROJECT44_API,2025-01-01 01:15:00,2026-08-05 02:59:59,BATCH_202501_RAW_CARRIER_TELEMETRY
TRK-88723013,SHP-00000175,"{""status"": ""DELIVERED"", ""events"": [{""epoch_time"": 1752809400, ""event"": ""PO_CONFIRMED"", ""location"": ""Supplier ERP"", ""exception_code"": ""NONE""}, {""epoch_time"": 1753929000, ""event"": ""SUPPLIER_HANDOVER"", ""location"": ""SUP-005"", ""exception_code"": ""NONE""}, {""epoch_time"": 1754353800, ""event"": ""DESTINATION_ARRIVAL"", ""location"": ""WH-MUM-03"", ""exception_code"": ""NONE""}, {""epoch_time"": 1754361000, ""event"": ""DOCK_RECEIVED"", ""location"": ""WH-MUM-03"", ""exception_code"": ""NONE""}]}",PROJECT44_API,2025-01-01 02:35:00,2026-08-05 02:59:59,BATCH_202501_RAW_CARRIER_TELEMETRY
TRK-65876818,SHP-00000176,"{""status"": ""DELIVERED"", ""events"": [{""epoch_time"": 1752816600, ""event"": ""PO_CONFIRMED"", ""location"": ""Supplier ERP"", ""exception_code"": ""NONE""}, {""epoch_time"": 1753849800, ""event"": ""SUPPLIER_HANDOVER"", ""location"": ""SUP-001"", ""exception_code"": ""NONE""}, {""epoch_time"": 1753936200, ""event"": ""CUSTOMS_HOLD"", ""location"": ""Transshipment Hub"", ""exception_code"": ""CUSTOMS_HOLD""}, {""epoch_time"": 1754022600, ""event"": ""CUSTOMS_CLEARED"", ""location"": ""Transshipment Hub"", ""exception_code"": ""NONE""}, {""epoch_time"": 1753929000, ""event"": ""DESTINATION_ARRIVAL"", ""location"": ""WH-BLR-04"", ""exception_code"": ""NONE""}, {""epoch_time"": 1753936200, ""event"": ""DOCK_RECEIVED"", ""location"": ""WH-BLR-04"", ""exception_code"": ""NONE""}]}",PROJECT44_API,2025-01-01 00:10:00,2026-08-05 02:59:59,BATCH_202501_RAW_CARRIER_TELEMETRY
TRK-65404286,SHP-00000177,"{""status"": ""DELIVERED"", ""events"": [{""epoch_time"": 1752903000, ""event"": ""PO_CONFIRMED"", ""location"": ""Supplier ERP"", ""exception_code"": ""NONE""}, {""epoch_time"": 1754281800, ""event"": ""SUPPLIER_HANDOVER"", ""location"": ""SUP-004"", ""exception_code"": ""NONE""}, {""epoch_time"": 1754447400, ""event"": ""DESTINATION_ARRIVAL"", ""location"": ""WH-BLR-04"", ""exception_code"": ""NONE""}, {""epoch_time"": 1754454600, ""event"": ""DOCK_RECEIVED"", ""location"": ""WH-BLR-04"", ""exception_code"": ""NONE""}]}",PROJECT44_API,2025-01-01 01:19:00,2026-08-05 02:59:59,BATCH_202501_RAW_CARRIER_TELEMETRY
TRK-56812504,SHP-00000178,"{""status"": ""DELIVERED"", ""events"": [{""epoch_time"": 1752903000, ""event"": ""PO_CONFIRMED"", ""location"": ""Supplier ERP"", ""exception_code"": ""NONE""}, {""epoch_time"": 1753849800, ""event"": ""SUPPLIER_HANDOVER"", ""location"": ""SUP-001"", ""exception_code"": ""NONE""}, {""epoch_time"": 1754188200, ""event"": ""DESTINATION_ARRIVAL"", ""location"": ""WH-BLR-04"", ""exception_code"": ""NONE""}, {""epoch_time"": 1754195400, ""event"": ""DOCK_RECEIVED"", ""location"": ""WH-BLR-04"", ""exception_code"": ""NONE""}]}",PROJECT44_API,2025-01-01 00:52:00,2026-08-05 02:59:59,BATCH_202501_RAW_CARRIER_TELEMETRY
TRK-40093129,SHP-00000179,"{""status"": ""DELIVERED"", ""events"": [{""epoch_time"": 1752996600, ""event"": ""PO_CONFIRMED"", ""location"": ""Supplier ERP"", ""exception_code"": ""NONE""}, {""epoch_time"": 1754548200, ""event"": ""SUPPLIER_HANDOVER"", ""location"": ""SUP-008"", ""exception_code"": ""NONE""}, {""epoch_time"": 1754627400, ""event"": ""DESTINATION_ARRIVAL"", ""location"": ""WH-MUM-03"", ""exception_code"": ""NONE""}, {""epoch_time"": 1754634600, ""event"": ""DOCK_RECEIVED"", ""location"": ""WH-MUM-03"", ""exception_code"": ""NONE""}]}",PROJECT44_API,2025-01-01 00:18:00,2026-08-05 02:59:59,BATCH_202501_RAW_CARRIER_TELEMETRY
TRK-26978093,SHP-00000180,"{""status"": ""DELIVERED"", ""events"": [{""epoch_time"": 1752993000, ""event"": ""PO_CONFIRMED"", ""location"": ""Supplier ERP"", ""exception_code"": ""NONE""}, {""epoch_time"": 1753939800, ""event"": ""SUPPLIER_HANDOVER"", ""location"": ""SUP-003"", ""exception_code"": ""NONE""}, {""epoch_time"": 1754278200, ""event"": ""DESTINATION_ARRIVAL"", ""location"": ""WH-BLR-04"", ""exception_code"": ""NONE""}, {""epoch_time"": 1754285400, ""event"": ""DOCK_RECEIVED"", ""location"": ""WH-BLR-04"", ""exception_code"": ""NONE""}]}",PROJECT44_API,2025-01-01 02:40:00,2026-08-05 02:59:59,BATCH_202501_RAW_CARRIER_TELEMETRY
TRK-81857784, SHP-00000181 ,"{""status"": ""DELIVERED"", ""events"": [{""epoch_time"": 1753097400, ""event"": ""PO_CONFIRMED"", ""location"": ""Supplier ERP"", ""exception_code"": ""NONE""}, {""epoch_time"": 1753957800, ""event"": ""SUPPLIER_HANDOVER"", ""location"": ""SUP-003"", ""exception_code"": ""NONE""}, {""epoch_time"": 1754123400, ""event"": ""DESTINATION_ARRIVAL"", ""location"": ""WH-MUM-03"", ""exception_code"": ""NONE""}, {""epoch_time"": 1754130600, ""event"": ""DOCK_RECEIVED"", ""location"": ""WH-MUM-03"", ""exception_code"": ""NONE""}]}",PROJECT44_API,2025-01-01 02:26:00,2026-08-05 02:59:59,BATCH_202501_RAW_CARRIER_TELEMETRY
TRK-31563955,SHP-00000182,"{""status"": ""DELIVERED"", ""events"": [{""epoch_time"": 1753075800, ""event"": ""PO_CONFIRMED"", ""location"": ""Supplier ERP"", ""exception_code"": ""NONE""}, {""epoch_time"": 1754454600, ""event"": ""SUPPLIER_HANDOVER"", ""location"": ""SUP-002"", ""exception_code"": ""NONE""}, {""epoch_time"": 1754706600, ""event"": ""DESTINATION_ARRIVAL"", ""location"": ""WH-LKO-01"", ""exception_code"": ""NONE""}, {""epoch_time"": 1754713800, ""event"": ""DOCK_RECEIVED"", ""location"": ""WH-LKO-01"", ""exception_code"": ""NONE""}]}",PROJECT44_API,2025-01-01 00:30:00,2026-08-05 02:59:59,BATCH_202501_RAW_CARRIER_TELEMETRY
TRK-32291035,SHP-00000183,"{""status"": ""DELIVERED"", ""events"": [{""epoch_time"": 1753075800, ""event"": ""PO_CONFIRMED"", ""location"": ""Supplier ERP"", ""exception_code"": ""NONE""}, {""epoch_time"": 1754195400, ""event"": ""SUPPLIER_HANDOVER"", ""location"": ""SUP-006"", ""exception_code"": ""NONE""}, {""epoch_time"": 1754274600, ""event"": ""DESTINATION_ARRIVAL"", ""location"": ""WH-MUM-03"", ""exception_code"": ""NONE""}, {""epoch_time"": 1754281800, ""event"": ""DOCK_RECEIVED"", ""location"": ""WH-MUM-03"", ""exception_code"": ""NONE""}]}",PROJECT44_API,2025-01-01 00:09:00,2026-08-05 02:59:59,BATCH_202501_RAW_CARRIER_TELEMETRY
TRK-52043113,SHP-00000184,"{""status"": ""DELIVERED"", ""events"": [{""epoch_time"": 1753180200, ""event"": ""PO_CONFIRMED"", ""location"": ""Supplier ERP"", ""exception_code"": ""NONE""}, {""epoch_time"": 1754040600, ""event"": ""SUPPLIER_HANDOVER"", ""location"": ""SUP-003"", ""exception_code"": ""NONE""}, {""epoch_time"": 1755156600, ""event"": ""DESTINATION_ARRIVAL"", ""location"": ""WH-BLR-04"", ""exception_code"": ""NONE""}, {""epoch_time"": 1755163800, ""event"": ""DOCK_RECEIVED"", ""location"": ""WH-BLR-04"", ""exception_code"": ""NONE""}]}",PROJECT44_API,2025-01-01 00:56:00,2026-08-05 02:59:59,BATCH_202501_RAW_CARRIER_TELEMETRY
TRK-36362322,SHP-00000185,"{""status"": ""DELIVERED"", ""events"": [{""epoch_time"": 1753165800, ""event"": ""PO_CONFIRMED"", ""location"": ""Supplier ERP"", ""exception_code"": ""NONE""}, {""epoch_time"": 1754112600, ""event"": ""SUPPLIER_HANDOVER"", ""location"": ""SUP-004"", ""exception_code"": ""NONE""}, {""epoch_time"": 1754451000, ""event"": ""DESTINATION_ARRIVAL"", ""location"": ""WH-BLR-04"", ""exception_code"": ""NONE""}, {""epoch_time"": 1754458200, ""event"": ""DOCK_RECEIVED"", ""location"": ""WH-BLR-04"", ""exception_code"": ""NONE""}]}",PROJECT44_API,2025-01-01 01:55:00,2026-08-05 02:59:59,BATCH_202501_RAW_CARRIER_TELEMETRY
TRK-15976839,SHP-00000186,"{""status"": ""DELIVERED"", ""events"": [{""epoch_time"": 1753266600, ""event"": ""PO_CONFIRMED"", ""location"": ""Supplier ERP"", ""exception_code"": ""NONE""}, {""epoch_time"": 1754127000, ""event"": ""SUPPLIER_HANDOVER"", ""location"": ""SUP-006"", ""exception_code"": ""NONE""}, {""epoch_time"": 1754213400, ""event"": ""CUSTOMS_HOLD"", ""location"": ""Transshipment Hub"", ""exception_code"": ""CUSTOMS_HOLD""}, {""epoch_time"": 1754299800, ""event"": ""CUSTOMS_CLEARED"", ""location"": ""Transshipment Hub"", ""exception_code"": ""NONE""}, {""epoch_time"": 1754206200, ""event"": ""DESTINATION_ARRIVAL"", ""location"": ""WH-MUM-03"", ""exception_code"": ""NONE""}, {""epoch_time"": 1754213400, ""event"": ""DOCK_RECEIVED"", ""location"": ""WH-MUM-03"", ""exception_code"": ""NONE""}]}",PROJECT44_API,2025-01-03 02:42:00,2026-08-05 02:59:59,BATCH_202501_RAW_CARRIER_TELEMETRY
TRK-83648773,SHP-00000187,"{""status"": ""DELIVERED"", ""events"": [{""epoch_time"": 1753338600, ""event"": ""PO_CONFIRMED"", ""location"": ""Supplier ERP"", ""exception_code"": ""NONE""}, {""epoch_time"": 1754285400, ""event"": ""SUPPLIER_HANDOVER"", ""location"": ""SUP-003"", ""exception_code"": ""NONE""}, {""epoch_time"": 1754451000, ""event"": ""DESTINATION_ARRIVAL"", ""location"": ""WH-BLR-04"", ""exception_code"": ""NONE""}, {""epoch_time"": 1754458200, ""event"": ""DOCK_RECEIVED"", ""location"": ""WH-BLR-04"", ""exception_code"": ""NONE""}]}",PROJECT44_API,2025-01-01 00:55:00,2026-08-05 02:59:59,BATCH_202501_RAW_CARRIER_TELEMETRY
TRK-99314479,SHP-00000188,"{""status"": ""DELIVERED"", ""events"": [{""epoch_time"": 1753349400, ""event"": ""PO_CONFIRMED"", ""location"": ""Supplier ERP"", ""exception_code"": ""NONE""}, {""epoch_time"": 1754555400, ""event"": ""SUPPLIER_HANDOVER"", ""location"": ""SUP-004"", ""exception_code"": ""NONE""}, {""epoch_time"": 1755066600, ""event"": ""DESTINATION_ARRIVAL"", ""location"": ""WH-DEL-02"", ""exception_code"": ""NONE""}, {""epoch_time"": 1755073800, ""event"": ""DOCK_RECEIVED"", ""location"": ""WH-DEL-02"", ""exception_code"": ""NONE""}]}",PROJECT44_API,2025-01-01 00:40:00,2026-08-05 02:59:59,BATCH_202501_RAW_CARRIER_TELEMETRY
TRK-47043897,SHP-00000189,"{""status"": ""DELIVERED"", ""events"": [{""epoch_time"": 1753353000, ""event"": ""PO_CONFIRMED"", ""location"": ""Supplier ERP"", ""exception_code"": ""NONE""}, {""epoch_time"": 1754645400, ""event"": ""SUPPLIER_HANDOVER"", ""location"": ""SUP-001"", ""exception_code"": ""NONE""}, {""epoch_time"": 1754724600, ""event"": ""DESTINATION_ARRIVAL"", ""location"": ""WH-LKO-01"", ""exception_code"": ""NONE""}, {""epoch_time"": 1754731800, ""event"": ""DOCK_RECEIVED"", ""location"": ""WH-LKO-01"", ""exception_code"": ""NONE""}]}",PROJECT44_API,2025-01-01 00:28:00,2026-08-05 02:59:59,BATCH_202501_RAW_CARRIER_TELEMETRY
TRK-55436661,SHP-00000190,"{""status"": ""DELIVERED"", ""events"": [{""epoch_time"": 1753515000, ""event"": ""PO_CONFIRMED"", ""location"": ""Supplier ERP"", ""exception_code"": ""NONE""}, {""epoch_time"": 1754202600, ""event"": ""SUPPLIER_HANDOVER"", ""location"": ""SUP-001"", ""exception_code"": ""NONE""}, {""epoch_time"": 1754454600, ""event"": ""DESTINATION_ARRIVAL"", ""location"": ""WH-LKO-01"", ""exception_code"": ""NONE""}, {""epoch_time"": 1754461800, ""event"": ""DOCK_RECEIVED"", ""location"": ""WH-LKO-01"", ""exception_code"": ""NONE""}]}",PROJECT44_API,2025-01-01 01:15:00,2026-08-05 02:59:59,BATCH_202501_RAW_CARRIER_TELEMETRY
TRK-96480362,SHP-00000191,"{""status"": ""DELIVERED"", ""events"": [{""epoch_time"": 1753594200, ""event"": ""PO_CONFIRMED"", ""location"": ""Supplier ERP"", ""exception_code"": ""NONE""}, {""epoch_time"": 1754886600, ""event"": ""SUPPLIER_HANDOVER"", ""location"": ""SUP-002"", ""exception_code"": ""NONE""}, {""epoch_time"": 1755570600, ""event"": ""DESTINATION_ARRIVAL"", ""location"": ""WH-DEL-02"", ""exception_code"": ""NONE""}, {""epoch_time"": 1755577800, ""event"": ""DOCK_RECEIVED"", ""location"": ""WH-DEL-02"", ""exception_code"": ""NONE""}]}",PROJECT44_API,2025-01-01 00:20:00,2026-08-05 02:59:59,BATCH_202501_RAW_CARRIER_TELEMETRY
TRK-71001851,SHP-00000192,"{""status"": ""DELIVERED"", ""events"": [{""epoch_time"": 1753687800, ""event"": ""PO_CONFIRMED"", ""location"": ""Supplier ERP"", ""exception_code"": ""NONE""}, {""epoch_time"": 1754548200, ""event"": ""SUPPLIER_HANDOVER"", ""location"": ""SUP-005"", ""exception_code"": ""NONE""}, {""epoch_time"": 1754627400, ""event"": ""DESTINATION_ARRIVAL"", ""location"": ""WH-MUM-03"", ""exception_code"": ""NONE""}, {""epoch_time"": 1754634600, ""event"": ""DOCK_RECEIVED"", ""location"": ""WH-MUM-03"", ""exception_code"": ""NONE""}]}",PROJECT44_API,2025-01-01 01:26:00,2026-08-05 02:59:59,BATCH_202501_RAW_CARRIER_TELEMETRY
TRK-29393784,SHP-00000193,"{""status"": ""DELIVERED"", ""events"": [{""epoch_time"": 1753680600, ""event"": ""PO_CONFIRMED"", ""location"": ""Supplier ERP"", ""exception_code"": ""NONE""}, {""epoch_time"": 1755145800, ""event"": ""SUPPLIER_HANDOVER"", ""location"": ""SUP-005"", ""exception_code"": ""NONE""}, {""epoch_time"": 1755311400, ""event"": ""DESTINATION_ARRIVAL"", ""location"": ""WH-DEL-02"", ""exception_code"": ""NONE""}, {""epoch_time"": 1755318600, ""event"": ""DOCK_RECEIVED"", ""location"": ""WH-DEL-02"", ""exception_code"": ""NONE""}]}",PROJECT44_API,2025-01-03 01:03:00,2026-08-05 02:59:59,BATCH_202501_RAW_CARRIER_TELEMETRY
TRK-55160367,SHP-00000194,"{""status"": ""DELIVERED"", ""events"": [{""epoch_time"": 1753687800, ""event"": ""PO_CONFIRMED"", ""location"": ""Supplier ERP"", ""exception_code"": ""NONE""}, {""epoch_time"": 1754461800, ""event"": ""SUPPLIER_HANDOVER"", ""location"": ""SUP-006"", ""exception_code"": ""NONE""}, {""epoch_time"": 1755232200, ""event"": ""DESTINATION_ARRIVAL"", ""location"": ""WH-DEL-02"", ""exception_code"": ""NONE""}, {""epoch_time"": 1755239400, ""event"": ""DOCK_RECEIVED"", ""location"": ""WH-DEL-02"", ""exception_code"": ""NONE""}]}",PROJECT44_API,2025-01-03 00:33:00,2026-08-05 02:59:59,BATCH_202501_RAW_CARRIER_TELEMETRY
TRK-44877762,SHP-00000195,"{""status"": ""DELIVERED"", ""events"": [{""epoch_time"": 1753673400, ""event"": ""PO_CONFIRMED"", ""location"": ""Supplier ERP"", ""exception_code"": ""NONE""}, {""epoch_time"": 1755397800, ""event"": ""SUPPLIER_HANDOVER"", ""location"": ""SUP-007"", ""exception_code"": ""NONE""}, {""epoch_time"": 1755563400, ""event"": ""DESTINATION_ARRIVAL"", ""location"": ""WH-BLR-04"", ""exception_code"": ""NONE""}, {""epoch_time"": 1755570600, ""event"": ""DOCK_RECEIVED"", ""location"": ""WH-BLR-04"", ""exception_code"": ""NONE""}]}",PROJECT44_API,2025-01-01 00:07:00,2026-08-05 02:59:59,BATCH_202501_RAW_CARRIER_TELEMETRY
TRK-70694463,SHP-00000196,"{""status"": ""DELIVERED"", ""events"": [{""epoch_time"": 1753687800, ""event"": ""PO_CONFIRMED"", ""location"": ""Supplier ERP"", ""exception_code"": ""NONE""}, {""epoch_time"": 1755153000, ""event"": ""SUPPLIER_HANDOVER"", ""location"": ""SUP-005"", ""exception_code"": ""NONE""}, {""epoch_time"": 1755318600, ""event"": ""DESTINATION_ARRIVAL"", ""location"": ""WH-BLR-04"", ""exception_code"": ""NONE""}, {""epoch_time"": 1755325800, ""event"": ""DOCK_RECEIVED"", ""location"": ""WH-BLR-04"", ""exception_code"": ""NONE""}]}",PROJECT44_API,2025-01-01 00:50:00,2026-08-05 02:59:59,BATCH_202501_RAW_CARRIER_TELEMETRY
TRK-29562406,SHP-00000197,"{""status"": ""DELIVERED"", ""events"": [{""epoch_time"": 1753785000, ""event"": ""PO_CONFIRMED"", ""location"": ""Supplier ERP"", ""exception_code"": ""NONE""}, {""epoch_time"": 1754731800, ""event"": ""SUPPLIER_HANDOVER"", ""location"": ""SUP-004"", ""exception_code"": ""NONE""}, {""epoch_time"": 1756279800, ""event"": ""DESTINATION_ARRIVAL"", ""location"": ""WH-BLR-04"", ""exception_code"": ""NONE""}, {""epoch_time"": 1756287000, ""event"": ""DOCK_RECEIVED"", ""location"": ""WH-BLR-04"", ""exception_code"": ""NONE""}]}",PROJECT44_API,2025-01-01 01:03:00,2026-08-05 02:59:59,BATCH_202501_RAW_CARRIER_TELEMETRY
TRK-51245107,SHP-00000198,"{""status"": ""DELIVERED"", ""events"": [{""epoch_time"": 1753860600, ""event"": ""PO_CONFIRMED"", ""location"": ""Supplier ERP"", ""exception_code"": ""NONE""}, {""epoch_time"": 1755239400, ""event"": ""SUPPLIER_HANDOVER"", ""location"": ""SUP-006"", ""exception_code"": ""NONE""}, {""epoch_time"": 1755923400, ""event"": ""DESTINATION_ARRIVAL"", ""location"": ""WH-DEL-02"", ""exception_code"": ""NONE""}, {""epoch_time"": 1755930600, ""event"": ""DOCK_RECEIVED"", ""location"": ""WH-DEL-02"", ""exception_code"": ""NONE""}]}",PROJECT44_API,2025-01-01 02:07:00,2026-08-05 02:59:59,BATCH_202501_RAW_CARRIER_TELEMETRY
TRK-58590659,SHP-00000199,"{""status"": ""DELIVERED"", ""events"": [{""epoch_time"": 1753867800, ""event"": ""PO_CONFIRMED"", ""location"": ""Supplier ERP"", ""exception_code"": ""NONE""}, {""epoch_time"": 1755246600, ""event"": ""SUPPLIER_HANDOVER"", ""location"": ""SUP-004"", ""exception_code"": ""NONE""}, {""epoch_time"": 1755930600, ""event"": ""DESTINATION_ARRIVAL"", ""location"": ""WH-BLR-04"", ""exception_code"": ""NONE""}, {""epoch_time"": 1755937800, ""event"": ""DOCK_RECEIVED"", ""location"": ""WH-BLR-04"", ""exception_code"": ""NONE""}]}",PROJECT44_API,2025-01-01 01:01:00,2026-08-05 02:59:59,BATCH_202501_RAW_CARRIER_TELEMETRY
TRK-78401609,SHP-00000200,"{""status"": ""DELIVERED"", ""events"": [{""epoch_time"": 1753849800, ""event"": ""PO_CONFIRMED"", ""location"": ""Supplier ERP"", ""exception_code"": ""NONE""}, {""epoch_time"": 1754969400, ""event"": ""SUPPLIER_HANDOVER"", ""location"": ""SUP-004"", ""exception_code"": ""NONE""}, {""epoch_time"": 1755135000, ""event"": ""DESTINATION_ARRIVAL"", ""location"": ""WH-DEL-02"", ""exception_code"": ""NONE""}, {""epoch_time"": 1755142200, ""event"": ""DOCK_RECEIVED"", ""location"": ""WH-DEL-02"", ""exception_code"": ""NONE""}]}",PROJECT44_API,2025-01-01 01:32:00,2026-08-05 02:59:59,BATCH_202501_RAW_CARRIER_TELEMETRY
TRK-21250237,SHP-00000201,"{""status"": ""DELIVERED"", ""events"": [{""epoch_time"": 1753867800, ""event"": ""PO_CONFIRMED"", ""location"": ""Supplier ERP"", ""exception_code"": ""NONE""}, {""epoch_time"": 1755505800, ""event"": ""SUPPLIER_HANDOVER"", ""location"": ""SUP-004"", ""exception_code"": ""NONE""}, {""epoch_time"": 1755757800, ""event"": ""DESTINATION_ARRIVAL"", ""location"": ""WH-MUM-03"", ""exception_code"": ""NONE""}, {""epoch_time"": 1755765000, ""event"": ""DOCK_RECEIVED"", ""location"": ""WH-MUM-03"", ""exception_code"": ""NONE""}]}",PROJECT44_API,2025-01-01 01:32:00,2026-08-05 02:59:59,BATCH_202501_RAW_CARRIER_TELEMETRY
TRK-52718052,SHP-00000202,"{""status"": ""DELIVERED"", ""events"": [{""epoch_time"": 1753875000, ""event"": ""PO_CONFIRMED"", ""location"": ""Supplier ERP"", ""exception_code"": ""NONE""}, {""epoch_time"": 1754735400, ""event"": ""SUPPLIER_HANDOVER"", ""location"": ""SUP-006"", ""exception_code"": ""NONE""}, {""epoch_time"": 1754814600, ""event"": ""DESTINATION_ARRIVAL"", ""location"": ""WH-BLR-04"", ""exception_code"": ""NONE""}, {""epoch_time"": 1754821800, ""event"": ""DOCK_RECEIVED"", ""location"": ""WH-BLR-04"", ""exception_code"": ""NONE""}]}",PROJECT44_API,2025-01-04 00:20:00,2026-08-05 02:59:59,BATCH_202501_RAW_CARRIER_TELEMETRY
TRK-80510367,SHP-00000203,"{""status"": ""DELIVERED"", ""events"": [{""epoch_time"": 1753871400, ""event"": ""PO_CONFIRMED"", ""location"": ""Supplier ERP"", ""exception_code"": ""NONE""}, {""epoch_time"": 1754818200, ""event"": ""SUPPLIER_HANDOVER"", ""location"": ""SUP-001"", ""exception_code"": ""NONE""}, {""epoch_time"": 1754983800, ""event"": ""DESTINATION_ARRIVAL"", ""location"": ""WH-MUM-03"", ""exception_code"": ""NONE""}, {""epoch_time"": 1754991000, ""event"": ""DOCK_RECEIVED"", ""location"": ""WH-MUM-03"", ""exception_code"": ""NONE""}]}",PROJECT44_API,2025-01-01 02:15:00,2026-08-05 02:59:59,BATCH_202501_RAW_CARRIER_TELEMETRY
TRK-40865939,SHP-00000204,"{""status"": ""DELIVERED"", ""events"": [{""epoch_time"": 1753961400, ""event"": ""PO_CONFIRMED"", ""location"": ""Supplier ERP"", ""exception_code"": ""NONE""}, {""epoch_time"": 1755340200, ""event"": ""SUPPLIER_HANDOVER"", ""location"": ""SUP-008"", ""exception_code"": ""NONE""}, {""epoch_time"": 1755592200, ""event"": ""DESTINATION_ARRIVAL"", ""location"": ""WH-LKO-01"", ""exception_code"": ""NONE""}, {""epoch_time"": 1755599400, ""event"": ""DOCK_RECEIVED"", ""location"": ""WH-LKO-01"", ""exception_code"": ""NONE""}]}",PROJECT44_API,2025-01-01 02:13:00,2026-08-05 02:59:59,BATCH_202501_RAW_CARRIER_TELEMETRY
TRK-89439207,SHP-00000205,"{""status"": ""DELIVERED"", ""events"": [{""epoch_time"": 1753936200, ""event"": ""PO_CONFIRMED"", ""location"": ""Supplier ERP"", ""exception_code"": ""NONE""}, {""epoch_time"": 1755660600, ""event"": ""SUPPLIER_HANDOVER"", ""location"": ""SUP-004"", ""exception_code"": ""NONE""}, {""epoch_time"": 1756085400, ""event"": ""DESTINATION_ARRIVAL"", ""location"": ""WH-BLR-04"", ""exception_code"": ""NONE""}, {""epoch_time"": 1756092600, ""event"": ""DOCK_RECEIVED"", ""location"": ""WH-BLR-04"", ""exception_code"": ""NONE""}]}",PROJECT44_API,2025-01-01 00:08:00,2026-08-05 02:59:59,BATCH_202501_RAW_CARRIER_TELEMETRY
TRK-61728636,SHP-00000206,"{""status"": ""DELIVERED"", ""events"": [{""epoch_time"": 1753947000, ""event"": ""PO_CONFIRMED"", ""location"": ""Supplier ERP"", ""exception_code"": ""NONE""}, {""epoch_time"": 1755325800, ""event"": ""SUPPLIER_HANDOVER"", ""location"": ""SUP-006"", ""exception_code"": ""NONE""}, {""epoch_time"": 1755405000, ""event"": ""DESTINATION_ARRIVAL"", ""location"": ""WH-MUM-03"", ""exception_code"": ""NONE""}, {""epoch_time"": 1755412200, ""event"": ""DOCK_RECEIVED"", ""location"": ""WH-MUM-03"", ""exception_code"": ""NONE""}]}",PROJECT44_API,2025-01-01 00:59:00,2026-08-05 02:59:59,BATCH_202501_RAW_CARRIER_TELEMETRY
TRK-90806088,SHP-00000207,"{""status"": ""DELIVERED"", ""events"": [{""epoch_time"": 1753943400, ""event"": ""PO_CONFIRMED"", ""location"": ""Supplier ERP"", ""exception_code"": ""NONE""}, {""epoch_time"": 1755063000, ""event"": ""SUPPLIER_HANDOVER"", ""location"": ""SUP-005"", ""exception_code"": ""NONE""}, {""epoch_time"": 1755235800, ""event"": ""CUSTOMS_HOLD"", ""location"": ""Transshipment Hub"", ""exception_code"": ""CUSTOMS_HOLD""}, {""epoch_time"": 1755581400, ""event"": ""CUSTOMS_CLEARED"", ""location"": ""Transshipment Hub"", ""exception_code"": ""NONE""}, {""epoch_time"": 1755747000, ""event"": ""DESTINATION_ARRIVAL"", ""location"": ""WH-MUM-03"", ""exception_code"": ""NONE""}, {""epoch_time"": 1755754200, ""event"": ""DOCK_RECEIVED"", ""location"": ""WH-MUM-03"", ""exception_code"": ""NONE""}]}",PROJECT44_API,2025-01-01 02:26:00,2026-08-05 02:59:59,BATCH_202501_RAW_CARRIER_TELEMETRY
TRK-57023681,SHP-00000208,"{""status"": ""DELIVERED"", ""events"": [{""epoch_time"": 1754040600, ""event"": ""PO_CONFIRMED"", ""location"": ""Supplier ERP"", ""exception_code"": ""NONE""}, {""epoch_time"": 1755419400, ""event"": ""SUPPLIER_HANDOVER"", ""location"": ""SUP-003"", ""exception_code"": ""NONE""}, {""epoch_time"": 1755498600, ""event"": ""DESTINATION_ARRIVAL"", ""location"": ""WH-DEL-02"", ""exception_code"": ""NONE""}, {""epoch_time"": 1755505800, ""event"": ""DOCK_RECEIVED"", ""location"": ""WH-DEL-02"", ""exception_code"": ""NONE""}]}",PROJECT44_API,2025-01-01 02:30:00,2026-08-05 02:59:59,BATCH_202501_RAW_CARRIER_TELEMETRY
TRK-17896019,shp-00000209,"{""status"": ""DELIVERED"", ""events"": [{""epoch_time"": 1754040600, ""event"": ""PO_CONFIRMED"", ""location"": ""Supplier ERP"", ""exception_code"": ""NONE""}, {""epoch_time"": 1755851400, ""event"": ""SUPPLIER_HANDOVER"", ""location"": ""SUP-007"", ""exception_code"": ""NONE""}, {""epoch_time"": 1756024200, ""event"": ""CUSTOMS_HOLD"", ""location"": ""Transshipment Hub"", ""exception_code"": ""CUSTOMS_HOLD""}, {""epoch_time"": 1756197000, ""event"": ""CUSTOMS_CLEARED"", ""location"": ""Transshipment Hub"", ""exception_code"": ""NONE""}, {""epoch_time"": 1756535400, ""event"": ""DESTINATION_ARRIVAL"", ""location"": ""WH-MUM-03"", ""exception_code"": ""NONE""}, {""epoch_time"": 1756542600, ""event"": ""DOCK_RECEIVED"", ""location"": ""WH-MUM-03"", ""exception_code"": ""NONE""}]}",PROJECT44_API,2025-01-01 02:42:00,2026-08-05 02:59:59,BATCH_202501_RAW_CARRIER_TELEMETRY
TRK-42803866,SHP-00000210,"{""status"": ""DELIVERED"", ""events"": [{""epoch_time"": 1754022600, ""event"": ""PO_CONFIRMED"", ""location"": ""Supplier ERP"", ""exception_code"": ""NONE""}, {""epoch_time"": 1755228600, ""event"": ""SUPPLIER_HANDOVER"", ""location"": ""SUP-001"", ""exception_code"": ""NONE""}, {""epoch_time"": 1756517400, ""event"": ""DESTINATION_ARRIVAL"", ""location"": ""WH-BLR-04"", ""exception_code"": ""NONE""}, {""epoch_time"": 1756524600, ""event"": ""DOCK_RECEIVED"", ""location"": ""WH-BLR-04"", ""exception_code"": ""NONE""}]}",PROJECT44_API,2025-01-01 00:28:00,2026-08-05 02:59:59,BATCH_202501_RAW_CARRIER_TELEMETRY
TRK-29136406,SHP-00000211,"{""status"": ""DELIVERED"", ""events"": [{""epoch_time"": 1754123400, ""event"": ""PO_CONFIRMED"", ""location"": ""Supplier ERP"", ""exception_code"": ""NONE""}, {""epoch_time"": 1755502200, ""event"": ""SUPPLIER_HANDOVER"", ""location"": ""SUP-006"", ""exception_code"": ""NONE""}, {""epoch_time"": 1755667800, ""event"": ""DESTINATION_ARRIVAL"", ""location"": ""WH-LKO-01"", ""exception_code"": ""NONE""}, {""epoch_time"": 1755675000, ""event"": ""DOCK_RECEIVED"", ""location"": ""WH-LKO-01"", ""exception_code"": ""NONE""}]}",PROJECT44_API,2025-01-01 01:58:00,2026-08-05 02:59:59,BATCH_202501_RAW_CARRIER_TELEMETRY
TRK-59603698,SHP-00000212,"{""status"": ""DELIVERED"", ""events"": [{""epoch_time"": 1754105400, ""event"": ""PO_CONFIRMED"", ""location"": ""Supplier ERP"", ""exception_code"": ""NONE""}, {""epoch_time"": 1755570600, ""event"": ""SUPPLIER_HANDOVER"", ""location"": ""SUP-001"", ""exception_code"": ""NONE""}, {""epoch_time"": 1755649800, ""event"": ""DESTINATION_ARRIVAL"", ""location"": ""WH-MUM-03"", ""exception_code"": ""NONE""}, {""epoch_time"": 1755657000, ""event"": ""DOCK_RECEIVED"", ""location"": ""WH-MUM-03"", ""exception_code"": ""NONE""}]}",PROJECT44_API,2025-01-01 02:54:00,2026-08-05 02:59:59,BATCH_202501_RAW_CARRIER_TELEMETRY
TRK-60653034,SHP-00000213,"{""status"": ""DELIVERED"", ""events"": [{""epoch_time"": 1754109000, ""event"": ""PO_CONFIRMED"", ""location"": ""Supplier ERP"", ""exception_code"": ""NONE""}, {""epoch_time"": 1756179000, ""event"": ""SUPPLIER_HANDOVER"", ""location"": ""SUP-007"", ""exception_code"": ""NONE""}, {""epoch_time"": 1756431000, ""event"": ""DESTINATION_ARRIVAL"", ""location"": ""WH-DEL-02"", ""exception_code"": ""NONE""}, {""epoch_time"": 1756438200, ""event"": ""DOCK_RECEIVED"", ""location"": ""WH-DEL-02"", ""exception_code"": ""NONE""}]}",PROJECT44_API,2025-01-01 00:29:00,2026-08-05 02:59:59,BATCH_202501_RAW_CARRIER_TELEMETRY
TRK-65194364,SHP-00000214,"{""status"": ""DELIVERED"", ""events"": [{""epoch_time"": 1754130600, ""event"": ""PO_CONFIRMED"", ""location"": ""Supplier ERP"", ""exception_code"": ""NONE""}, {""epoch_time"": 1754991000, ""event"": ""SUPPLIER_HANDOVER"", ""location"": ""SUP-006"", ""exception_code"": ""NONE""}, {""epoch_time"": 1755070200, ""event"": ""DESTINATION_ARRIVAL"", ""location"": ""WH-MUM-03"", ""exception_code"": ""NONE""}, {""epoch_time"": 1755077400, ""event"": ""DOCK_RECEIVED"", ""location"": ""WH-MUM-03"", ""exception_code"": ""NONE""}]}",PROJECT44_API,2025-01-01 02:58:00,2026-08-05 02:59:59,BATCH_202501_RAW_CARRIER_TELEMETRY
TRK-88838574,SHP-00000215,"{""status"": ""DELIVERED"", ""events"": [{""epoch_time"": 1754112600, ""event"": ""PO_CONFIRMED"", ""location"": ""Supplier ERP"", ""exception_code"": ""NONE""}, {""epoch_time"": 1755059400, ""event"": ""SUPPLIER_HANDOVER"", ""location"": ""SUP-006"", ""exception_code"": ""NONE""}, {""epoch_time"": 1755225000, ""event"": ""DESTINATION_ARRIVAL"", ""location"": ""WH-LKO-01"", ""exception_code"": ""NONE""}, {""epoch_time"": 1755232200, ""event"": ""DOCK_RECEIVED"", ""location"": ""WH-LKO-01"", ""exception_code"": ""NONE""}]}",PROJECT44_API,2025-01-01 01:55:00,2026-08-05 02:59:59,BATCH_202501_RAW_CARRIER_TELEMETRY
TRK-56058140,SHP-00000216,"{""status"": ""DELIVERED"", ""events"": [{""epoch_time"": 1754307000, ""event"": ""PO_CONFIRMED"", ""location"": ""Supplier ERP"", ""exception_code"": ""NONE""}, {""epoch_time"": 1756290600, ""event"": ""SUPPLIER_HANDOVER"", ""location"": ""SUP-007"", ""exception_code"": ""NONE""}, {""epoch_time"": 1756369800, ""event"": ""DESTINATION_ARRIVAL"", ""location"": ""WH-LKO-01"", ""exception_code"": ""NONE""}, {""epoch_time"": 1756377000, ""event"": ""DOCK_RECEIVED"", ""location"": ""WH-LKO-01"", ""exception_code"": ""NONE""}]}",PROJECT44_API,2025-01-01 01:58:00,2026-08-05 02:59:59,BATCH_202501_RAW_CARRIER_TELEMETRY
TRK-99157785,SHP-00000217,"{""status"": ""DELIVERED"", ""events"": [{""epoch_time"": 1754303400, ""event"": ""PO_CONFIRMED"", ""location"": ""Supplier ERP"", ""exception_code"": ""NONE""}, {""epoch_time"": 1755336600, ""event"": ""SUPPLIER_HANDOVER"", ""location"": ""SUP-006"", ""exception_code"": ""NONE""}, {""epoch_time"": 1755502200, ""event"": ""DESTINATION_ARRIVAL"", ""location"": ""WH-MUM-03"", ""exception_code"": ""NONE""}, {""epoch_time"": 1755509400, ""event"": ""DOCK_RECEIVED"", ""location"": ""WH-MUM-03"", ""exception_code"": ""NONE""}]}",PROJECT44_API,2025-01-01 02:28:00,2026-08-05 02:59:59,BATCH_202501_RAW_CARRIER_TELEMETRY
TRK-24905753,SHP-00000218,"{""status"": ""DELIVERED"", ""events"": [{""epoch_time"": 1754289000, ""event"": ""PO_CONFIRMED"", ""location"": ""Supplier ERP"", ""exception_code"": ""NONE""}, {""epoch_time"": 1755581400, ""event"": ""SUPPLIER_HANDOVER"", ""location"": ""SUP-005"", ""exception_code"": ""NONE""}, {""epoch_time"": 1755660600, ""event"": ""DESTINATION_ARRIVAL"", ""location"": ""WH-BLR-04"", ""exception_code"": ""NONE""}, {""epoch_time"": 1755667800, ""event"": ""DOCK_RECEIVED"", ""location"": ""WH-BLR-04"", ""exception_code"": ""NONE""}]}",PROJECT44_API,2025-01-01 00:39:00,2026-08-05 02:59:59,BATCH_202501_RAW_CARRIER_TELEMETRY
TRK-14044918,SHP-00000219,"{""status"": ""DELIVERED"", ""events"": [{""epoch_time"": 1754386200, ""event"": ""PO_CONFIRMED"", ""location"": ""Supplier ERP"", ""exception_code"": ""NONE""}, {""epoch_time"": 1755419400, ""event"": ""SUPPLIER_HANDOVER"", ""location"": ""SUP-006"", ""exception_code"": ""NONE""}, {""epoch_time"": 1756535400, ""event"": ""DESTINATION_ARRIVAL"", ""location"": ""WH-BLR-04"", ""exception_code"": ""NONE""}, {""epoch_time"": 1756542600, ""event"": ""DOCK_RECEIVED"", ""location"": ""WH-BLR-04"", ""exception_code"": ""NONE""}]}",PROJECT44_API,2025-01-01 02:39:00,2026-08-05 02:59:59,BATCH_202501_RAW_CARRIER_TELEMETRY
TRK-46185226,SHP-00000220,"{""status"": ""DELIVERED"", ""events"": [{""epoch_time"": 1754368200, ""event"": ""PO_CONFIRMED"", ""location"": ""Supplier ERP"", ""exception_code"": ""NONE""}, {""epoch_time"": 1755315000, ""event"": ""SUPPLIER_HANDOVER"", ""location"": ""SUP-003"", ""exception_code"": ""NONE""}, {""epoch_time"": 1755394200, ""event"": ""DESTINATION_ARRIVAL"", ""location"": ""WH-BLR-04"", ""exception_code"": ""NONE""}, {""epoch_time"": 1755401400, ""event"": ""DOCK_RECEIVED"", ""location"": ""WH-BLR-04"", ""exception_code"": ""NONE""}]}",PROJECT44_API,2025-01-01 00:08:00,2026-08-05 02:59:59,BATCH_202501_RAW_CARRIER_TELEMETRY
TRK-80594251,SHP-00000221,"{""status"": ""DELIVERED"", ""events"": [{""epoch_time"": 1754379000, ""event"": ""PO_CONFIRMED"", ""location"": ""Supplier ERP"", ""exception_code"": ""NONE""}, {""epoch_time"": 1755671400, ""event"": ""SUPPLIER_HANDOVER"", ""location"": ""SUP-006"", ""exception_code"": ""NONE""}, {""epoch_time"": 1755750600, ""event"": ""DESTINATION_ARRIVAL"", ""location"": ""WH-LKO-01"", ""exception_code"": ""NONE""}, {""epoch_time"": 1755757800, ""event"": ""DOCK_RECEIVED"", ""location"": ""WH-LKO-01"", ""exception_code"": ""NONE""}]}",PROJECT44_API,2025-01-01 01:35:00,2026-08-05 02:59:59,BATCH_202501_RAW_CARRIER_TELEMETRY
TRK-61532287,SHP-00000222,"{""status"": ""DELIVERED"", ""events"": [{""epoch_time"": 1754371800, ""event"": ""PO_CONFIRMED"", ""location"": ""Supplier ERP"", ""exception_code"": ""NONE""}, {""epoch_time"": 1756009800, ""event"": ""SUPPLIER_HANDOVER"", ""location"": ""SUP-007"", ""exception_code"": ""NONE""}, {""epoch_time"": 1756261800, ""event"": ""DESTINATION_ARRIVAL"", ""location"": ""WH-MUM-03"", ""exception_code"": ""NONE""}, {""epoch_time"": 1756269000, ""event"": ""DOCK_RECEIVED"", ""location"": ""WH-MUM-03"", ""exception_code"": ""NONE""}]}",PROJECT44_API,2025-01-01 01:28:00,2026-08-05 02:59:59,BATCH_202501_RAW_CARRIER_TELEMETRY
TRK-40963372,SHP-00000223,"{""status"": ""DELIVERED"", ""events"": [{""epoch_time"": 1754472600, ""event"": ""PO_CONFIRMED"", ""location"": ""Supplier ERP"", ""exception_code"": ""NONE""}, {""epoch_time"": 1755333000, ""event"": ""SUPPLIER_HANDOVER"", ""location"": ""SUP-003"", ""exception_code"": ""NONE""}, {""epoch_time"": 1755757800, ""event"": ""DESTINATION_ARRIVAL"", ""location"": ""WH-LKO-01"", ""exception_code"": ""NONE""}, {""epoch_time"": 1755765000, ""event"": ""DOCK_RECEIVED"", ""location"": ""WH-LKO-01"", ""exception_code"": ""NONE""}]}",PROJECT44_API,2025-01-01 00:58:00,2026-08-05 02:59:59,BATCH_202501_RAW_CARRIER_TELEMETRY
TRK-16245468,SHP-00000224,"{""status"": ""DELIVERED"", ""events"": [{""epoch_time"": 1754451000, ""event"": ""PO_CONFIRMED"", ""location"": ""Supplier ERP"", ""exception_code"": ""NONE""}, {""epoch_time"": 1755570600, ""event"": ""SUPPLIER_HANDOVER"", ""location"": ""SUP-005"", ""exception_code"": ""NONE""}, {""epoch_time"": 1755736200, ""event"": ""DESTINATION_ARRIVAL"", ""location"": ""WH-MUM-03"", ""exception_code"": ""NONE""}, {""epoch_time"": 1755743400, ""event"": ""DOCK_RECEIVED"", ""location"": ""WH-MUM-03"", ""exception_code"": ""NONE""}]}",PROJECT44_API,2025-01-01 00:09:00,2026-08-05 02:59:59,BATCH_202501_RAW_CARRIER_TELEMETRY
TRK-15725523,SHP-00000225,"{""status"": ""DELIVERED"", ""events"": [{""epoch_time"": 1754555400, ""event"": ""PO_CONFIRMED"", ""location"": ""Supplier ERP"", ""exception_code"": ""NONE""}, {""epoch_time"": 1755502200, ""event"": ""SUPPLIER_HANDOVER"", ""location"": ""SUP-003"", ""exception_code"": ""NONE""}, {""epoch_time"": 1756013400, ""event"": ""DESTINATION_ARRIVAL"", ""location"": ""WH-BLR-04"", ""exception_code"": ""NONE""}, {""epoch_time"": 1756020600, ""event"": ""DOCK_RECEIVED"", ""location"": ""WH-BLR-04"", ""exception_code"": ""NONE""}]}",PROJECT44_API,2025-01-01 00:56:00,2026-08-05 02:59:59,BATCH_202501_RAW_CARRIER_TELEMETRY
TRK-85974474,SHP-00000226,"{""status"": ""DELIVERED"", ""events"": [{""epoch_time"": 1754566200, ""event"": ""PO_CONFIRMED"", ""location"": ""Supplier ERP"", ""exception_code"": ""NONE""}, {""epoch_time"": 1756722600, ""event"": ""SUPPLIER_HANDOVER"", ""location"": ""SUP-004"", ""exception_code"": ""NONE""}, {""epoch_time"": 1757061000, ""event"": ""DESTINATION_ARRIVAL"", ""location"": ""WH-MUM-03"", ""exception_code"": ""NONE""}, {""epoch_time"": 1757068200, ""event"": ""DOCK_RECEIVED"", ""location"": ""WH-MUM-03"", ""exception_code"": ""NONE""}]}",PROJECT44_API,2025-01-01 01:31:00,2026-08-05 02:59:59,BATCH_202501_RAW_CARRIER_TELEMETRY
TRK-50070336,SHP-00000227,"{""status"": ""DELIVERED"", ""events"": [{""epoch_time"": 1754551800, ""event"": ""PO_CONFIRMED"", ""location"": ""Supplier ERP"", ""exception_code"": ""NONE""}, {""epoch_time"": 1755325800, ""event"": ""SUPPLIER_HANDOVER"", ""location"": ""SUP-001"", ""exception_code"": ""NONE""}, {""epoch_time"": 1755837000, ""event"": ""DESTINATION_ARRIVAL"", ""location"": ""WH-DEL-02"", ""exception_code"": ""NONE""}, {""epoch_time"": 1755844200, ""event"": ""DOCK_RECEIVED"", ""location"": ""WH-DEL-02"", ""exception_code"": ""NONE""}]}",PROJECT44_API,2025-01-01 00:05:00,2026-08-05 02:59:59,BATCH_202501_RAW_CARRIER_TELEMETRY
TRK-71745677,SHP-00000228,"{""status"": ""DELIVERED"", ""events"": [{""epoch_time"": 1754638200, ""event"": ""PO_CONFIRMED"", ""location"": ""Supplier ERP"", ""exception_code"": ""NONE""}, {""epoch_time"": 1755844200, ""event"": ""SUPPLIER_HANDOVER"", ""location"": ""SUP-008"", ""exception_code"": ""NONE""}, {""epoch_time"": 1756701000, ""event"": ""DESTINATION_ARRIVAL"", ""location"": ""WH-MUM-03"", ""exception_code"": ""NONE""}, {""epoch_time"": 1756708200, ""event"": ""DOCK_RECEIVED"", ""location"": ""WH-MUM-03"", ""exception_code"": ""NONE""}]}",PROJECT44_API,2025-01-01 02:18:00,2026-08-05 02:59:59,BATCH_202501_RAW_CARRIER_TELEMETRY
TRK-97274179,SHP-00000229,"{""status"": ""DELIVERED"", ""events"": [{""epoch_time"": 1754717400, ""event"": ""PO_CONFIRMED"", ""location"": ""Supplier ERP"", ""exception_code"": ""NONE""}, {""epoch_time"": 1756614600, ""event"": ""SUPPLIER_HANDOVER"", ""location"": ""SUP-008"", ""exception_code"": ""NONE""}, {""epoch_time"": 1756693800, ""event"": ""DESTINATION_ARRIVAL"", ""location"": ""WH-MUM-03"", ""exception_code"": ""NONE""}, {""epoch_time"": 1756701000, ""event"": ""DOCK_RECEIVED"", ""location"": ""WH-MUM-03"", ""exception_code"": ""NONE""}]}",PROJECT44_API,2025-01-01 00:17:00,2026-08-05 02:59:59,BATCH_202501_RAW_CARRIER_TELEMETRY
TRK-47822750,SHP-00000230,"{""status"": ""DELIVERED"", ""events"": [{""epoch_time"": 1754739000, ""event"": ""PO_CONFIRMED"", ""location"": ""Supplier ERP"", ""exception_code"": ""NONE""}, {""epoch_time"": 1755772200, ""event"": ""SUPPLIER_HANDOVER"", ""location"": ""SUP-005"", ""exception_code"": ""NONE""}, {""epoch_time"": 1756888200, ""event"": ""DESTINATION_ARRIVAL"", ""location"": ""WH-MUM-03"", ""exception_code"": ""NONE""}, {""epoch_time"": 1756895400, ""event"": ""DOCK_RECEIVED"", ""location"": ""WH-MUM-03"", ""exception_code"": ""NONE""}]}",PROJECT44_API,2025-01-01 00:24:00,2026-08-05 02:59:59,BATCH_202501_RAW_CARRIER_TELEMETRY
TRK-59227765,SHP-00000231,"{""status"": ""DELIVERED"", ""events"": [{""epoch_time"": 1754803800, ""event"": ""PO_CONFIRMED"", ""location"": ""Supplier ERP"", ""exception_code"": ""NONE""}, {""epoch_time"": 1756096200, ""event"": ""SUPPLIER_HANDOVER"", ""location"": ""SUP-006"", ""exception_code"": ""NONE""}, {""epoch_time"": 1756175400, ""event"": ""DESTINATION_ARRIVAL"", ""location"": ""WH-MUM-03"", ""exception_code"": ""NONE""}, {""epoch_time"": 1756182600, ""event"": ""DOCK_RECEIVED"", ""location"": ""WH-MUM-03"", ""exception_code"": ""NONE""}]}",PROJECT44_API,2025-01-01 02:19:00,2026-08-05 02:59:59,BATCH_202501_RAW_CARRIER_TELEMETRY
TRK-11507048,SHP-00000232,"{""status"": ""DELIVERED"", ""events"": [{""epoch_time"": 1754814600, ""event"": ""PO_CONFIRMED"", ""location"": ""Supplier ERP"", ""exception_code"": ""NONE""}, {""epoch_time"": 1755934200, ""event"": ""SUPPLIER_HANDOVER"", ""location"": ""SUP-004"", ""exception_code"": ""NONE""}, {""epoch_time"": 1756186200, ""event"": ""DESTINATION_ARRIVAL"", ""location"": ""WH-BLR-04"", ""exception_code"": ""NONE""}, {""epoch_time"": 1756193400, ""event"": ""DOCK_RECEIVED"", ""location"": ""WH-BLR-04"", ""exception_code"": ""NONE""}]}",PROJECT44_API,2025-01-01 00:21:00,2026-08-05 02:59:59,BATCH_202501_RAW_CARRIER_TELEMETRY
TRK-56946613,SHP-00000233,"{""status"": ""DELIVERED"", ""events"": [{""epoch_time"": 1754800200, ""event"": ""PO_CONFIRMED"", ""location"": ""Supplier ERP"", ""exception_code"": ""NONE""}, {""epoch_time"": 1756351800, ""event"": ""SUPPLIER_HANDOVER"", ""location"": ""SUP-001"", ""exception_code"": ""NONE""}, {""epoch_time"": 1757640600, ""event"": ""DESTINATION_ARRIVAL"", ""location"": ""WH-LKO-01"", ""exception_code"": ""NONE""}, {""epoch_time"": 1757647800, ""event"": ""DOCK_RECEIVED"", ""location"": ""WH-LKO-01"", ""exception_code"": ""NONE""}]}",PROJECT44_API,2025-01-01 02:42:00,2026-08-05 02:59:59,BATCH_202501_RAW_CARRIER_TELEMETRY
TRK-38135307,SHP-00000234,"{""status"": ""DELIVERED"", ""events"": [{""epoch_time"": 1754803800, ""event"": ""PO_CONFIRMED"", ""location"": ""Supplier ERP"", ""exception_code"": ""NONE""}, {""epoch_time"": 1756528200, ""event"": ""SUPPLIER_HANDOVER"", ""location"": ""SUP-002"", ""exception_code"": ""NONE""}, {""epoch_time"": 1756866600, ""event"": ""DESTINATION_ARRIVAL"", ""location"": ""WH-BLR-04"", ""exception_code"": ""NONE""}, {""epoch_time"": 1756873800, ""event"": ""DOCK_RECEIVED"", ""location"": ""WH-BLR-04"", ""exception_code"": ""NONE""}]}",PROJECT44_API,2025-01-01 02:23:00,2026-08-05 02:59:59,BATCH_202501_RAW_CARRIER_TELEMETRY
TRK-85613951,SHP-00000235,"{""status"": ""DELIVERED"", ""events"": [{""epoch_time"": 1754883000, ""event"": ""PO_CONFIRMED"", ""location"": ""Supplier ERP"", ""exception_code"": ""NONE""}, {""epoch_time"": 1756261800, ""event"": ""SUPPLIER_HANDOVER"", ""location"": ""SUP-002"", ""exception_code"": ""NONE""}, {""epoch_time"": 1756341000, ""event"": ""DESTINATION_ARRIVAL"", ""location"": ""WH-LKO-01"", ""exception_code"": ""NONE""}, {""epoch_time"": 1756348200, ""event"": ""DOCK_RECEIVED"", ""location"": ""WH-LKO-01"", ""exception_code"": ""NONE""}]}",PROJECT44_API,2025-01-01 01:55:00,2026-08-05 02:59:59,BATCH_202501_RAW_CARRIER_TELEMETRY
TRK-32276297,SHP-00000236,"{""status"": ""DELIVERED"", ""events"": [{""epoch_time"": 1754883000, ""event"": ""PO_CONFIRMED"", ""location"": ""Supplier ERP"", ""exception_code"": ""NONE""}, {""epoch_time"": 1756002600, ""event"": ""SUPPLIER_HANDOVER"", ""location"": ""SUP-006"", ""exception_code"": ""NONE""}, {""epoch_time"": 1756089000, ""event"": ""CUSTOMS_HOLD"", ""location"": ""Transshipment Hub"", ""exception_code"": ""CUSTOMS_HOLD""}, {""epoch_time"": 1756348200, ""event"": ""CUSTOMS_CLEARED"", ""location"": ""Transshipment Hub"", ""exception_code"": ""NONE""}, {""epoch_time"": 1756513800, ""event"": ""DESTINATION_ARRIVAL"", ""location"": ""WH-BLR-04"", ""exception_code"": ""NONE""}, {""epoch_time"": 1756521000, ""event"": ""DOCK_RECEIVED"", ""location"": ""WH-BLR-04"", ""exception_code"": ""NONE""}]}",PROJECT44_API,2025-01-01 01:28:00,2026-08-05 02:59:59,BATCH_202501_RAW_CARRIER_TELEMETRY
TRK-48242903,SHP-00000237,"{""status"": ""DELIVERED"", ""events"": [{""epoch_time"": 1754983800, ""event"": ""PO_CONFIRMED"", ""location"": ""Supplier ERP"", ""exception_code"": ""NONE""}, {""epoch_time"": 1756362600, ""event"": ""SUPPLIER_HANDOVER"", ""location"": ""SUP-003"", ""exception_code"": ""NONE""}, {""epoch_time"": 1756535400, ""event"": ""CUSTOMS_HOLD"", ""location"": ""Transshipment Hub"", ""exception_code"": ""CUSTOMS_HOLD""}, {""epoch_time"": 1756708200, ""event"": ""CUSTOMS_CLEARED"", ""location"": ""Transshipment Hub"", ""exception_code"": ""NONE""}, {""epoch_time"": 1757046600, ""event"": ""DESTINATION_ARRIVAL"", ""location"": ""WH-BLR-04"", ""exception_code"": ""NONE""}, {""epoch_time"": 1757053800, ""event"": ""DOCK_RECEIVED"", ""location"": ""WH-BLR-04"", ""exception_code"": ""NONE""}]}",PROJECT44_API,2025-01-01 02:51:00,2026-08-05 02:59:59,BATCH_202501_RAW_CARRIER_TELEMETRY
TRK-81617235,SHP-00000238,"{""status"": ""DELIVERED"", ""events"": [{""epoch_time"": 1754976600, ""event"": ""PO_CONFIRMED"", ""location"": ""Supplier ERP"", ""exception_code"": ""NONE""}, {""epoch_time"": 1756009800, ""event"": ""SUPPLIER_HANDOVER"", ""location"": ""SUP-001"", ""exception_code"": ""NONE""}, {""epoch_time"": 1756348200, ""event"": ""DESTINATION_ARRIVAL"", ""location"": ""WH-LKO-01"", ""exception_code"": ""NONE""}, {""epoch_time"": 1756355400, ""event"": ""DOCK_RECEIVED"", ""location"": ""WH-LKO-01"", ""exception_code"": ""NONE""}]}",PROJECT44_API,2025-01-01 00:13:00,2026-08-05 02:59:59,BATCH_202501_RAW_CARRIER_TELEMETRY
TRK-98104552,SHP-00000239,"{""status"": ""DELIVERED"", ""events"": [{""epoch_time"": 1755077400, ""event"": ""PO_CONFIRMED"", ""location"": ""Supplier ERP"", ""exception_code"": ""NONE""}, {""epoch_time"": 1756629000, ""event"": ""SUPPLIER_HANDOVER"", ""location"": ""SUP-001"", ""exception_code"": ""NONE""}, {""epoch_time"": 1757658600, ""event"": ""DESTINATION_ARRIVAL"", ""location"": ""WH-LKO-01"", ""exception_code"": ""NONE""}, {""epoch_time"": 1757665800, ""event"": ""DOCK_RECEIVED"", ""location"": ""WH-LKO-01"", ""exception_code"": ""NONE""}]}",PROJECT44_API,2025-01-01 01:55:00,2026-08-05 02:59:59,BATCH_202501_RAW_CARRIER_TELEMETRY
TRK-52611167,SHP-00000240,"{""status"": ""DELIVERED"", ""events"": [{""epoch_time"": 1755059400, ""event"": ""PO_CONFIRMED"", ""location"": ""Supplier ERP"", ""exception_code"": ""NONE""}, {""epoch_time"": 1756265400, ""event"": ""SUPPLIER_HANDOVER"", ""location"": ""SUP-004"", ""exception_code"": ""NONE""}, {""epoch_time"": 1756517400, ""event"": ""DESTINATION_ARRIVAL"", ""location"": ""WH-MUM-03"", ""exception_code"": ""NONE""}, {""epoch_time"": 1756524600, ""event"": ""DOCK_RECEIVED"", ""location"": ""WH-MUM-03"", ""exception_code"": ""NONE""}]}",PROJECT44_API,2025-01-01 00:26:00,2026-08-05 02:59:59,BATCH_202501_RAW_CARRIER_TELEMETRY
TRK-73305235,SHP-00000241,"{""status"": ""DELIVERED"", ""events"": [{""epoch_time"": 1755055800, ""event"": ""PO_CONFIRMED"", ""location"": ""Supplier ERP"", ""exception_code"": ""NONE""}, {""epoch_time"": 1756521000, ""event"": ""SUPPLIER_HANDOVER"", ""location"": ""SUP-006"", ""exception_code"": ""NONE""}, {""epoch_time"": 1757032200, ""event"": ""DESTINATION_ARRIVAL"", ""location"": ""WH-LKO-01"", ""exception_code"": ""NONE""}, {""epoch_time"": 1757039400, ""event"": ""DOCK_RECEIVED"", ""location"": ""WH-LKO-01"", ""exception_code"": ""NONE""}]}",PROJECT44_API,2025-01-01 00:03:00,2026-08-05 02:59:59,BATCH_202501_RAW_CARRIER_TELEMETRY
TRK-69435161,SHP-00000242,"{""status"": ""DELIVERED"", ""events"": [{""epoch_time"": 1755171000, ""event"": ""PO_CONFIRMED"", ""location"": ""Supplier ERP"", ""exception_code"": ""NONE""}, {""epoch_time"": 1757068200, ""event"": ""SUPPLIER_HANDOVER"", ""location"": ""SUP-008"", ""exception_code"": ""NONE""}, {""epoch_time"": 1757406600, ""event"": ""DESTINATION_ARRIVAL"", ""location"": ""WH-BLR-04"", ""exception_code"": ""NONE""}, {""epoch_time"": 1757413800, ""event"": ""DOCK_RECEIVED"", ""location"": ""WH-BLR-04"", ""exception_code"": ""NONE""}]}",PROJECT44_API,2025-01-01 01:38:00,2026-08-05 02:59:59,BATCH_202501_RAW_CARRIER_TELEMETRY
TRK-17908236,SHP-00000243,"{""status"": ""DELIVERED"", ""events"": [{""epoch_time"": 1755156600, ""event"": ""PO_CONFIRMED"", ""location"": ""Supplier ERP"", ""exception_code"": ""NONE""}, {""epoch_time"": 1756189800, ""event"": ""SUPPLIER_HANDOVER"", ""location"": ""SUP-006"", ""exception_code"": ""NONE""}, {""epoch_time"": 1756355400, ""event"": ""DESTINATION_ARRIVAL"", ""location"": ""WH-MUM-03"", ""exception_code"": ""NONE""}, {""epoch_time"": 1756362600, ""event"": ""DOCK_RECEIVED"", ""location"": ""WH-MUM-03"", ""exception_code"": ""NONE""}]}",PROJECT44_API,2025-01-01 00:33:00,2026-08-05 02:59:59,BATCH_202501_RAW_CARRIER_TELEMETRY
TRK-34487101,SHP-00000244,"{""status"": ""DELIVERED"", ""events"": [{""epoch_time"": 1755340200, ""event"": ""PO_CONFIRMED"", ""location"": ""Supplier ERP"", ""exception_code"": ""NONE""}, {""epoch_time"": 1756459800, ""event"": ""SUPPLIER_HANDOVER"", ""location"": ""SUP-002"", ""exception_code"": ""NONE""}, {""epoch_time"": 1757316600, ""event"": ""DESTINATION_ARRIVAL"", ""location"": ""WH-BLR-04"", ""exception_code"": ""NONE""}, {""epoch_time"": 1757323800, ""event"": ""DOCK_RECEIVED"", ""location"": ""WH-BLR-04"", ""exception_code"": ""NONE""}]}",PROJECT44_API,2025-01-01 01:44:00,2026-08-05 02:59:59,BATCH_202501_RAW_CARRIER_TELEMETRY
TRK-51472933,SHP-00000245,"{""status"": ""DELIVERED"", ""events"": [{""epoch_time"": 1755329400, ""event"": ""PO_CONFIRMED"", ""location"": ""Supplier ERP"", ""exception_code"": ""NONE""}, {""epoch_time"": 1756276200, ""event"": ""SUPPLIER_HANDOVER"", ""location"": ""SUP-006"", ""exception_code"": ""NONE""}, {""epoch_time"": 1756441800, ""event"": ""DESTINATION_ARRIVAL"", ""location"": ""WH-LKO-01"", ""exception_code"": ""NONE""}, {""epoch_time"": 1756449000, ""event"": ""DOCK_RECEIVED"", ""location"": ""WH-LKO-01"", ""exception_code"": ""NONE""}]}",PROJECT44_API,2025-01-01 01:13:00,2026-08-05 02:59:59,BATCH_202501_RAW_CARRIER_TELEMETRY
TRK-58205425,SHP-00000246,"{""status"": ""DELIVERED"", ""events"": [{""epoch_time"": 1755412200, ""event"": ""PO_CONFIRMED"", ""location"": ""Supplier ERP"", ""exception_code"": ""NONE""}, {""epoch_time"": 1756704600, ""event"": ""SUPPLIER_HANDOVER"", ""location"": ""SUP-003"", ""exception_code"": ""NONE""}, {""epoch_time"": 1756870200, ""event"": ""DESTINATION_ARRIVAL"", ""location"": ""WH-LKO-01"", ""exception_code"": ""NONE""}, {""epoch_time"": 1756877400, ""event"": ""DOCK_RECEIVED"", ""location"": ""WH-LKO-01"", ""exception_code"": ""NONE""}]}",PROJECT44_API,2025-01-01 01:05:00,2026-08-05 02:59:59,BATCH_202501_RAW_CARRIER_TELEMETRY
TRK-14817330,SHP-00000247,"{""status"": ""DELIVERED"", ""events"": [{""epoch_time"": 1755412200, ""event"": ""PO_CONFIRMED"", ""location"": ""Supplier ERP"", ""exception_code"": ""NONE""}, {""epoch_time"": 1756791000, ""event"": ""SUPPLIER_HANDOVER"", ""location"": ""SUP-006"", ""exception_code"": ""NONE""}, {""epoch_time"": 1757734200, ""event"": ""DESTINATION_ARRIVAL"", ""location"": ""WH-DEL-02"", ""exception_code"": ""NONE""}, {""epoch_time"": 1757741400, ""event"": ""DOCK_RECEIVED"", ""location"": ""WH-DEL-02"", ""exception_code"": ""NONE""}]}",PROJECT44_API,2025-01-01 00:41:00,2026-08-05 02:59:59,BATCH_202501_RAW_CARRIER_TELEMETRY
TRK-59984471,SHP-00000248,"{""status"": ""DELIVERED"", ""events"": [{""epoch_time"": 1755426600, ""event"": ""PO_CONFIRMED"", ""location"": ""Supplier ERP"", ""exception_code"": ""NONE""}, {""epoch_time"": 1757151000, ""event"": ""SUPPLIER_HANDOVER"", ""location"": ""SUP-005"", ""exception_code"": ""NONE""}, {""epoch_time"": 1757230200, ""event"": ""DESTINATION_ARRIVAL"", ""location"": ""WH-DEL-02"", ""exception_code"": ""NONE""}, {""epoch_time"": 1757237400, ""event"": ""DOCK_RECEIVED"", ""location"": ""WH-DEL-02"", ""exception_code"": ""NONE""}]}",PROJECT44_API,2025-01-01 01:26:00,2026-08-05 02:59:59,BATCH_202501_RAW_CARRIER_TELEMETRY
TRK-10981191,SHP-00000249,"{""status"": ""DELIVERED"", ""events"": [{""epoch_time"": 1755430200, ""event"": ""PO_CONFIRMED"", ""location"": ""Supplier ERP"", ""exception_code"": ""NONE""}, {""epoch_time"": 1756809000, ""event"": ""SUPPLIER_HANDOVER"", ""location"": ""SUP-008"", ""exception_code"": ""NONE""}, {""epoch_time"": 1757925000, ""event"": ""DESTINATION_ARRIVAL"", ""location"": ""WH-MUM-03"", ""exception_code"": ""NONE""}, {""epoch_time"": 1757932200, ""event"": ""DOCK_RECEIVED"", ""location"": ""WH-MUM-03"", ""exception_code"": ""NONE""}]}",PROJECT44_API,2025-01-01 02:50:00,2026-08-05 02:59:59,BATCH_202501_RAW_CARRIER_TELEMETRY
TRK-57303511,SHP-00000250,"{""status"": ""DELIVERED"", ""events"": [{""epoch_time"": 1755408600, ""event"": ""PO_CONFIRMED"", ""location"": ""Supplier ERP"", ""exception_code"": ""NONE""}, {""epoch_time"": 1756960200, ""event"": ""SUPPLIER_HANDOVER"", ""location"": ""SUP-005"", ""exception_code"": ""NONE""}, {""epoch_time"": 1757557800, ""event"": ""DESTINATION_ARRIVAL"", ""location"": ""WH-BLR-04"", ""exception_code"": ""NONE""}, {""epoch_time"": 1757565000, ""event"": ""DOCK_RECEIVED"", ""location"": ""WH-BLR-04"", ""exception_code"": ""NONE""}]}",PROJECT44_API,2025-01-01 02:17:00,2026-08-05 02:59:59,BATCH_202501_RAW_CARRIER_TELEMETRY
TRK-75403216,SHP-00000251,"{""status"": ""DELIVERED"", ""events"": [{""epoch_time"": 1755502200, ""event"": ""PO_CONFIRMED"", ""location"": ""Supplier ERP"", ""exception_code"": ""NONE""}, {""epoch_time"": 1757053800, ""event"": ""SUPPLIER_HANDOVER"", ""location"": ""SUP-002"", ""exception_code"": ""NONE""}, {""epoch_time"": 1757140200, ""event"": ""CUSTOMS_HOLD"", ""location"": ""Transshipment Hub"", ""exception_code"": ""CUSTOMS_HOLD""}, {""epoch_time"": 1757485800, ""event"": ""CUSTOMS_CLEARED"", ""location"": ""Transshipment Hub"", ""exception_code"": ""NONE""}, {""epoch_time"": 1757392200, ""event"": ""DESTINATION_ARRIVAL"", ""location"": ""WH-LKO-01"", ""exception_code"": ""NONE""}, {""epoch_time"": 1757399400, ""event"": ""DOCK_RECEIVED"", ""location"": ""WH-LKO-01"", ""exception_code"": ""NONE""}]}",PROJECT44_API,2025-01-01 00:49:00,2026-08-05 02:59:59,BATCH_202501_RAW_CARRIER_TELEMETRY
TRK-60727635,SHP-00000252,"{""status"": ""DELIVERED"", ""events"": [{""epoch_time"": 1755595800, ""event"": ""PO_CONFIRMED"", ""location"": ""Supplier ERP"", ""exception_code"": ""NONE""}, {""epoch_time"": 1757061000, ""event"": ""SUPPLIER_HANDOVER"", ""location"": ""SUP-003"", ""exception_code"": ""NONE""}, {""epoch_time"": 1757140200, ""event"": ""DESTINATION_ARRIVAL"", ""location"": ""WH-DEL-02"", ""exception_code"": ""NONE""}, {""epoch_time"": 1757147400, ""event"": ""DOCK_RECEIVED"", ""location"": ""WH-DEL-02"", ""exception_code"": ""NONE""}]}",PROJECT44_API,2025-01-01 01:03:00,2026-08-05 02:59:59,BATCH_202501_RAW_CARRIER_TELEMETRY
TRK-55094970,SHP-00000253,"{""status"": ""DELIVERED"", ""events"": [{""epoch_time"": 1755585000, ""event"": ""PO_CONFIRMED"", ""location"": ""Supplier ERP"", ""exception_code"": ""NONE""}, {""epoch_time"": 1756531800, ""event"": ""SUPPLIER_HANDOVER"", ""location"": ""SUP-001"", ""exception_code"": ""NONE""}, {""epoch_time"": 1756783800, ""event"": ""DESTINATION_ARRIVAL"", ""location"": ""WH-MUM-03"", ""exception_code"": ""NONE""}, {""epoch_time"": 1756791000, ""event"": ""DOCK_RECEIVED"", ""location"": ""WH-MUM-03"", ""exception_code"": ""NONE""}]}",PROJECT44_API,2025-01-01 02:12:00,2026-08-05 02:59:59,BATCH_202501_RAW_CARRIER_TELEMETRY
TRK-39807069,SHP-00000254,"{""status"": ""DELIVERED"", ""events"": [{""epoch_time"": 1755664200, ""event"": ""PO_CONFIRMED"", ""location"": ""Supplier ERP"", ""exception_code"": ""NONE""}, {""epoch_time"": 1756956600, ""event"": ""SUPPLIER_HANDOVER"", ""location"": ""SUP-008"", ""exception_code"": ""NONE""}, {""epoch_time"": 1757381400, ""event"": ""DESTINATION_ARRIVAL"", ""location"": ""WH-LKO-01"", ""exception_code"": ""NONE""}, {""epoch_time"": 1757388600, ""event"": ""DOCK_RECEIVED"", ""location"": ""WH-LKO-01"", ""exception_code"": ""NONE""}]}",PROJECT44_API,2025-01-01 01:41:00,2026-08-05 02:59:59,BATCH_202501_RAW_CARRIER_TELEMETRY
TRK-94123427,SHP-00000255,"{""status"": ""DELIVERED"", ""events"": [{""epoch_time"": 1755671400, ""event"": ""PO_CONFIRMED"", ""location"": ""Supplier ERP"", ""exception_code"": ""NONE""}, {""epoch_time"": 1757050200, ""event"": ""SUPPLIER_HANDOVER"", ""location"": ""SUP-001"", ""exception_code"": ""NONE""}, {""epoch_time"": 1757136600, ""event"": ""CUSTOMS_HOLD"", ""location"": ""Transshipment Hub"", ""exception_code"": ""CUSTOMS_HOLD""}, {""epoch_time"": 1757395800, ""event"": ""CUSTOMS_CLEARED"", ""location"": ""Transshipment Hub"", ""exception_code"": ""NONE""}, {""epoch_time"": 1757302200, ""event"": ""DESTINATION_ARRIVAL"", ""location"": ""WH-LKO-01"", ""exception_code"": ""NONE""}, {""epoch_time"": 1757309400, ""event"": ""DOCK_RECEIVED"", ""location"": ""WH-LKO-01"", ""exception_code"": ""NONE""}]}",PROJECT44_API,2025-01-01 00:07:00,2026-08-05 02:59:59,BATCH_202501_RAW_CARRIER_TELEMETRY
TRK-22854050,SHP-00000256,"{""status"": ""DELIVERED"", ""events"": [{""epoch_time"": 1755685800, ""event"": ""PO_CONFIRMED"", ""location"": ""Supplier ERP"", ""exception_code"": ""NONE""}, {""epoch_time"": 1756978200, ""event"": ""SUPPLIER_HANDOVER"", ""location"": ""SUP-006"", ""exception_code"": ""NONE""}, {""epoch_time"": 1757835000, ""event"": ""DESTINATION_ARRIVAL"", ""location"": ""WH-BLR-04"", ""exception_code"": ""NONE""}, {""epoch_time"": 1757842200, ""event"": ""DOCK_RECEIVED"", ""location"": ""WH-BLR-04"", ""exception_code"": ""NONE""}]}",PROJECT44_API,2025-01-01 02:15:00,2026-08-05 02:59:59,BATCH_202501_RAW_CARRIER_TELEMETRY
TRK-74742547,SHP-00000257,"{""status"": ""DELIVERED"", ""events"": [{""epoch_time"": 1755660600, ""event"": ""PO_CONFIRMED"", ""location"": ""Supplier ERP"", ""exception_code"": ""NONE""}, {""epoch_time"": 1756953000, ""event"": ""SUPPLIER_HANDOVER"", ""location"": ""SUP-007"", ""exception_code"": ""NONE""}, {""epoch_time"": 1757118600, ""event"": ""DESTINATION_ARRIVAL"", ""location"": ""WH-BLR-04"", ""exception_code"": ""NONE""}, {""epoch_time"": 1757125800, ""event"": ""DOCK_RECEIVED"", ""location"": ""WH-BLR-04"", ""exception_code"": ""NONE""}]}",PROJECT44_API,2025-01-01 00:23:00,2026-08-05 02:59:59,BATCH_202501_RAW_CARRIER_TELEMETRY
TRK-57943881,SHP-00000258,"{""status"": ""DELIVERED"", ""events"": [{""epoch_time"": 1755671400, ""event"": ""PO_CONFIRMED"", ""location"": ""Supplier ERP"", ""exception_code"": ""NONE""}, {""epoch_time"": 1756791000, ""event"": ""SUPPLIER_HANDOVER"", ""location"": ""SUP-002"", ""exception_code"": ""NONE""}, {""epoch_time"": 1757215800, ""event"": ""DESTINATION_ARRIVAL"", ""location"": ""WH-BLR-04"", ""exception_code"": ""NONE""}, {""epoch_time"": 1757223000, ""event"": ""DOCK_RECEIVED"", ""location"": ""WH-BLR-04"", ""exception_code"": ""NONE""}]}",PROJECT44_API,2025-01-01 00:21:00,2026-08-05 02:59:59,BATCH_202501_RAW_CARRIER_TELEMETRY
TRK-86340899,SHP-00000259,"{""status"": ""DELIVERED"", ""events"": [{""epoch_time"": 1755775800, ""event"": ""PO_CONFIRMED"", ""location"": ""Supplier ERP"", ""exception_code"": ""NONE""}, {""epoch_time"": 1756981800, ""event"": ""SUPPLIER_HANDOVER"", ""location"": ""SUP-006"", ""exception_code"": ""NONE""}, {""epoch_time"": 1757061000, ""event"": ""DESTINATION_ARRIVAL"", ""location"": ""WH-LKO-01"", ""exception_code"": ""NONE""}, {""epoch_time"": 1757068200, ""event"": ""DOCK_RECEIVED"", ""location"": ""WH-LKO-01"", ""exception_code"": ""NONE""}]}",PROJECT44_API,2025-01-01 02:38:00,2026-08-05 02:59:59,BATCH_202501_RAW_CARRIER_TELEMETRY
TRK-86326900,SHP-00000260,"{""status"": ""DELIVERED"", ""events"": [{""epoch_time"": 1755747000, ""event"": ""PO_CONFIRMED"", ""location"": ""Supplier ERP"", ""exception_code"": ""NONE""}, {""epoch_time"": 1757039400, ""event"": ""SUPPLIER_HANDOVER"", ""location"": ""SUP-001"", ""exception_code"": ""NONE""}, {""epoch_time"": 1757464200, ""event"": ""DESTINATION_ARRIVAL"", ""location"": ""WH-MUM-03"", ""exception_code"": ""NONE""}, {""epoch_time"": 1757471400, ""event"": ""DOCK_RECEIVED"", ""location"": ""WH-MUM-03"", ""exception_code"": ""NONE""}]}",PROJECT44_API,2025-01-01 00:21:00,2026-08-05 02:59:59,BATCH_202501_RAW_CARRIER_TELEMETRY
TRK-70975314,SHP-00000261,"{""status"": ""DELIVERED"", ""events"": [{""epoch_time"": 1755757800, ""event"": ""PO_CONFIRMED"", ""location"": ""Supplier ERP"", ""exception_code"": ""NONE""}, {""epoch_time"": 1757309400, ""event"": ""SUPPLIER_HANDOVER"", ""location"": ""SUP-003"", ""exception_code"": ""NONE""}, {""epoch_time"": 1757475000, ""event"": ""DESTINATION_ARRIVAL"", ""location"": ""WH-MUM-03"", ""exception_code"": ""NONE""}, {""epoch_time"": 1757482200, ""event"": ""DOCK_RECEIVED"", ""location"": ""WH-MUM-03"", ""exception_code"": ""NONE""}]}",PROJECT44_API,2025-01-01 01:05:00,2026-08-05 02:59:59,BATCH_202501_RAW_CARRIER_TELEMETRY
TRK-11856593,SHP-00000262,"{""status"": ""DELIVERED"", ""events"": [{""epoch_time"": 1755747000, ""event"": ""PO_CONFIRMED"", ""location"": ""Supplier ERP"", ""exception_code"": ""NONE""}, {""epoch_time"": 1757125800, ""event"": ""SUPPLIER_HANDOVER"", ""location"": ""SUP-005"", ""exception_code"": ""NONE""}, {""epoch_time"": 1757377800, ""event"": ""DESTINATION_ARRIVAL"", ""location"": ""WH-BLR-04"", ""exception_code"": ""NONE""}, {""epoch_time"": 1757385000, ""event"": ""DOCK_RECEIVED"", ""location"": ""WH-BLR-04"", ""exception_code"": ""NONE""}]}",PROJECT44_API,2025-01-01 01:18:00,2026-08-05 02:59:59,BATCH_202501_RAW_CARRIER_TELEMETRY
TRK-22567027,SHP-00000263,"{""status"": ""DELIVERED"", ""events"": [{""epoch_time"": 1755844200, ""event"": ""PO_CONFIRMED"", ""location"": ""Supplier ERP"", ""exception_code"": ""NONE""}, {""epoch_time"": 1756791000, ""event"": ""SUPPLIER_HANDOVER"", ""location"": ""SUP-003"", ""exception_code"": ""NONE""}, {""epoch_time"": 1757475000, ""event"": ""DESTINATION_ARRIVAL"", ""location"": ""WH-LKO-01"", ""exception_code"": ""NONE""}, {""epoch_time"": 1757482200, ""event"": ""DOCK_RECEIVED"", ""location"": ""WH-LKO-01"", ""exception_code"": ""NONE""}]}",PROJECT44_API,2025-01-01 00:17:00,2026-08-05 02:59:59,BATCH_202501_RAW_CARRIER_TELEMETRY
TRK-22196678,SHP-00000264,"{""status"": ""DELIVERED"", ""events"": [{""epoch_time"": 1755840600, ""event"": ""PO_CONFIRMED"", ""location"": ""Supplier ERP"", ""exception_code"": ""NONE""}, {""epoch_time"": 1757133000, ""event"": ""SUPPLIER_HANDOVER"", ""location"": ""SUP-006"", ""exception_code"": ""NONE""}, {""epoch_time"": 1757644200, ""event"": ""DESTINATION_ARRIVAL"", ""location"": ""WH-LKO-01"", ""exception_code"": ""NONE""}, {""epoch_time"": 1757651400, ""event"": ""DOCK_RECEIVED"", ""location"": ""WH-LKO-01"", ""exception_code"": ""NONE""}]}",PROJECT44_API,2025-01-01 01:06:00,2026-08-05 02:59:59,BATCH_202501_RAW_CARRIER_TELEMETRY
TRK-37564580,SHP-00000265,"{""status"": ""DELIVERED"", ""events"": [{""epoch_time"": 1755837000, ""event"": ""PO_CONFIRMED"", ""location"": ""Supplier ERP"", ""exception_code"": ""NONE""}, {""epoch_time"": 1757388600, ""event"": ""SUPPLIER_HANDOVER"", ""location"": ""SUP-006"", ""exception_code"": ""NONE""}, {""epoch_time"": 1757640600, ""event"": ""DESTINATION_ARRIVAL"", ""location"": ""WH-MUM-03"", ""exception_code"": ""NONE""}, {""epoch_time"": 1757647800, ""event"": ""DOCK_RECEIVED"", ""location"": ""WH-MUM-03"", ""exception_code"": ""NONE""}]}",PROJECT44_API,2025-01-01 00:30:00,2026-08-05 02:59:59,BATCH_202501_RAW_CARRIER_TELEMETRY
TRK-72636486,SHP-00000266,"{""status"": ""DELIVERED"", ""events"": [{""epoch_time"": 1755862200, ""event"": ""PO_CONFIRMED"", ""location"": ""Supplier ERP"", ""exception_code"": ""NONE""}, {""epoch_time"": 1757241000, ""event"": ""SUPPLIER_HANDOVER"", ""location"": ""SUP-005"", ""exception_code"": ""NONE""}, {""epoch_time"": 1757320200, ""event"": ""DESTINATION_ARRIVAL"", ""location"": ""WH-MUM-03"", ""exception_code"": ""NONE""}, {""epoch_time"": 1757327400, ""event"": ""DOCK_RECEIVED"", ""location"": ""WH-MUM-03"", ""exception_code"": ""NONE""}]}",PROJECT44_API,2025-01-01 00:26:00,2026-08-05 02:59:59,BATCH_202501_RAW_CARRIER_TELEMETRY
TRK-88086227,SHP-00000267,"{""status"": ""DELIVERED"", ""events"": [{""epoch_time"": 1755862200, ""event"": ""PO_CONFIRMED"", ""location"": ""Supplier ERP"", ""exception_code"": ""NONE""}, {""epoch_time"": 1757154600, ""event"": ""SUPPLIER_HANDOVER"", ""location"": ""SUP-005"", ""exception_code"": ""NONE""}, {""epoch_time"": 1757665800, ""event"": ""DESTINATION_ARRIVAL"", ""location"": ""WH-MUM-03"", ""exception_code"": ""NONE""}, {""epoch_time"": 1757673000, ""event"": ""DOCK_RECEIVED"", ""location"": ""WH-MUM-03"", ""exception_code"": ""NONE""}]}",PROJECT44_API,2025-01-01 00:57:00,2026-08-05 02:59:59,BATCH_202501_RAW_CARRIER_TELEMETRY
TRK-37201143,SHP-00000268,"{""status"": ""DELIVERED"", ""events"": [{""epoch_time"": 1755945000, ""event"": ""PO_CONFIRMED"", ""location"": ""Supplier ERP"", ""exception_code"": ""NONE""}, {""epoch_time"": 1757496600, ""event"": ""SUPPLIER_HANDOVER"", ""location"": ""SUP-002"", ""exception_code"": ""NONE""}, {""epoch_time"": 1758180600, ""event"": ""DESTINATION_ARRIVAL"", ""location"": ""WH-BLR-04"", ""exception_code"": ""NONE""}, {""epoch_time"": 1758187800, ""event"": ""DOCK_RECEIVED"", ""location"": ""WH-BLR-04"", ""exception_code"": ""NONE""}]}",PROJECT44_API,2025-01-01 01:09:00,2026-08-05 02:59:59,BATCH_202501_RAW_CARRIER_TELEMETRY
TRK-54259205,SHP-00000269,"{""status"": ""DELIVERED"", ""events"": [{""epoch_time"": 1755923400, ""event"": ""PO_CONFIRMED"", ""location"": ""Supplier ERP"", ""exception_code"": ""NONE""}, {""epoch_time"": 1756783800, ""event"": ""SUPPLIER_HANDOVER"", ""location"": ""SUP-001"", ""exception_code"": ""NONE""}, {""epoch_time"": 1757035800, ""event"": ""DESTINATION_ARRIVAL"", ""location"": ""WH-DEL-02"", ""exception_code"": ""NONE""}, {""epoch_time"": 1757043000, ""event"": ""DOCK_RECEIVED"", ""location"": ""WH-DEL-02"", ""exception_code"": ""NONE""}]}",PROJECT44_API,2025-01-01 00:55:00,2026-08-05 02:59:59,BATCH_202501_RAW_CARRIER_TELEMETRY
TRK-19943835,SHP-00000270,"{""status"": ""DELIVERED"", ""events"": [{""epoch_time"": 1755934200, ""event"": ""PO_CONFIRMED"", ""location"": ""Supplier ERP"", ""exception_code"": ""NONE""}, {""epoch_time"": 1756708200, ""event"": ""SUPPLIER_HANDOVER"", ""location"": ""SUP-007"", ""exception_code"": ""NONE""}, {""epoch_time"": 1757046600, ""event"": ""DESTINATION_ARRIVAL"", ""location"": ""WH-BLR-04"", ""exception_code"": ""NONE""}, {""epoch_time"": 1757053800, ""event"": ""DOCK_RECEIVED"", ""location"": ""WH-BLR-04"", ""exception_code"": ""NONE""}]}",PROJECT44_API,2025-01-01 01:21:00,2026-08-05 02:59:59,BATCH_202501_RAW_CARRIER_TELEMETRY
TRK-54886150,SHP-00000271,"{""status"": ""DELIVERED"", ""events"": [{""epoch_time"": 1756024200, ""event"": ""PO_CONFIRMED"", ""location"": ""Supplier ERP"", ""exception_code"": ""NONE""}, {""epoch_time"": 1756798200, ""event"": ""SUPPLIER_HANDOVER"", ""location"": ""SUP-005"", ""exception_code"": ""NONE""}, {""epoch_time"": 1756884600, ""event"": ""CUSTOMS_HOLD"", ""location"": ""Transshipment Hub"", ""exception_code"": ""CUSTOMS_HOLD""}, {""epoch_time"": 1757143800, ""event"": ""CUSTOMS_CLEARED"", ""location"": ""Transshipment Hub"", ""exception_code"": ""NONE""}, {""epoch_time"": 1757223000, ""event"": ""DESTINATION_ARRIVAL"", ""location"": ""WH-DEL-02"", ""exception_code"": ""NONE""}, {""epoch_time"": 1757230200, ""event"": ""DOCK_RECEIVED"", ""location"": ""WH-DEL-02"", ""exception_code"": ""NONE""}]}",PROJECT44_API,2025-01-01 01:38:00,2026-08-05 02:59:59,BATCH_202501_RAW_CARRIER_TELEMETRY
TRK-86214545,SHP-00000272,"{""status"": ""DELIVERED"", ""events"": [{""epoch_time"": 1756107000, ""event"": ""PO_CONFIRMED"", ""location"": ""Supplier ERP"", ""exception_code"": ""NONE""}, {""epoch_time"": 1757313000, ""event"": ""SUPPLIER_HANDOVER"", ""location"": ""SUP-001"", ""exception_code"": ""NONE""}, {""epoch_time"": 1757737800, ""event"": ""DESTINATION_ARRIVAL"", ""location"": ""WH-LKO-01"", ""exception_code"": ""NONE""}, {""epoch_time"": 1757745000, ""event"": ""DOCK_RECEIVED"", ""location"": ""WH-LKO-01"", ""exception_code"": ""NONE""}]}",PROJECT44_API,2025-01-01 01:53:00,2026-08-05 02:59:59,BATCH_202501_RAW_CARRIER_TELEMETRY
TRK-97689269,SHP-00000273,"{""status"": ""DELIVERED"", ""events"": [{""epoch_time"": 1756269000, ""event"": ""PO_CONFIRMED"", ""location"": ""Supplier ERP"", ""exception_code"": ""NONE""}, {""epoch_time"": 1757561400, ""event"": ""SUPPLIER_HANDOVER"", ""location"": ""SUP-006"", ""exception_code"": ""NONE""}, {""epoch_time"": 1757899800, ""event"": ""DESTINATION_ARRIVAL"", ""location"": ""WH-MUM-03"", ""exception_code"": ""NONE""}, {""epoch_time"": 1757907000, ""event"": ""DOCK_RECEIVED"", ""location"": ""WH-MUM-03"", ""exception_code"": ""NONE""}]}",PROJECT44_API,2025-01-01 02:13:00,2026-08-05 02:59:59,BATCH_202501_RAW_CARRIER_TELEMETRY
TRK-51571913,SHP-00000274,"{""status"": ""DELIVERED"", ""events"": [{""epoch_time"": 1756287000, ""event"": ""PO_CONFIRMED"", ""location"": ""Supplier ERP"", ""exception_code"": ""NONE""}, {""epoch_time"": 1757320200, ""event"": ""SUPPLIER_HANDOVER"", ""location"": ""SUP-004"", ""exception_code"": ""NONE""}, {""epoch_time"": 1757917800, ""event"": ""DESTINATION_ARRIVAL"", ""location"": ""WH-BLR-04"", ""exception_code"": ""NONE""}, {""epoch_time"": 1757925000, ""event"": ""DOCK_RECEIVED"", ""location"": ""WH-BLR-04"", ""exception_code"": ""NONE""}]}",PROJECT44_API,2025-01-01 02:36:00,2026-08-05 02:59:59,BATCH_202501_RAW_CARRIER_TELEMETRY
TRK-11436072,SHP-00000275,"{""status"": ""DELIVERED"", ""events"": [{""epoch_time"": 1756269000, ""event"": ""PO_CONFIRMED"", ""location"": ""Supplier ERP"", ""exception_code"": ""NONE""}, {""epoch_time"": 1758252600, ""event"": ""SUPPLIER_HANDOVER"", ""location"": ""SUP-004"", ""exception_code"": ""NONE""}, {""epoch_time"": 1758677400, ""event"": ""DESTINATION_ARRIVAL"", ""location"": ""WH-BLR-04"", ""exception_code"": ""NONE""}, {""epoch_time"": 1758684600, ""event"": ""DOCK_RECEIVED"", ""location"": ""WH-BLR-04"", ""exception_code"": ""NONE""}]}",PROJECT44_API,2025-01-01 01:09:00,2026-08-05 02:59:59,BATCH_202501_RAW_CARRIER_TELEMETRY
TRK-74827477,SHP-00000276,"{""status"": ""DELIVERED"", ""events"": [{""epoch_time"": 1756290600, ""event"": ""PO_CONFIRMED"", ""location"": ""Supplier ERP"", ""exception_code"": ""NONE""}, {""epoch_time"": 1757064600, ""event"": ""SUPPLIER_HANDOVER"", ""location"": ""SUP-003"", ""exception_code"": ""NONE""}, {""epoch_time"": 1757316600, ""event"": ""DESTINATION_ARRIVAL"", ""location"": ""WH-BLR-04"", ""exception_code"": ""NONE""}, {""epoch_time"": 1757323800, ""event"": ""DOCK_RECEIVED"", ""location"": ""WH-BLR-04"", ""exception_code"": ""NONE""}]}",PROJECT44_API,2025-01-01 00:22:00,2026-08-05 02:59:59,BATCH_202501_RAW_CARRIER_TELEMETRY
TRK-36286516,SHP-00000277,"{""status"": ""DELIVERED"", ""events"": [{""epoch_time"": 1756380600, ""event"": ""PO_CONFIRMED"", ""location"": ""Supplier ERP"", ""exception_code"": ""NONE""}, {""epoch_time"": 1758709800, ""event"": ""SUPPLIER_HANDOVER"", ""location"": ""SUP-007"", ""exception_code"": ""NONE""}, {""epoch_time"": 1759048200, ""event"": ""DESTINATION_ARRIVAL"", ""location"": ""WH-MUM-03"", ""exception_code"": ""NONE""}, {""epoch_time"": 1759055400, ""event"": ""DOCK_RECEIVED"", ""location"": ""WH-MUM-03"", ""exception_code"": ""NONE""}]}",PROJECT44_API,2025-01-01 01:37:00,2026-08-05 02:59:59,BATCH_202501_RAW_CARRIER_TELEMETRY
TRK-54224291,SHP-00000278,"{""status"": ""DELIVERED"", ""events"": [{""epoch_time"": 1756369800, ""event"": ""PO_CONFIRMED"", ""location"": ""Supplier ERP"", ""exception_code"": ""NONE""}, {""epoch_time"": 1757748600, ""event"": ""SUPPLIER_HANDOVER"", ""location"": ""SUP-007"", ""exception_code"": ""NONE""}, {""epoch_time"": 1758000600, ""event"": ""DESTINATION_ARRIVAL"", ""location"": ""WH-LKO-01"", ""exception_code"": ""NONE""}, {""epoch_time"": 1758007800, ""event"": ""DOCK_RECEIVED"", ""location"": ""WH-LKO-01"", ""exception_code"": ""NONE""}]}",PROJECT44_API,2025-01-01 01:24:00,2026-08-05 02:59:59,BATCH_202501_RAW_CARRIER_TELEMETRY
TRK-36604808,SHP-00000279,"{""status"": ""DELIVERED"", ""events"": [{""epoch_time"": 1756463400, ""event"": ""PO_CONFIRMED"", ""location"": ""Supplier ERP"", ""exception_code"": ""NONE""}, {""epoch_time"": 1758447000, ""event"": ""SUPPLIER_HANDOVER"", ""location"": ""SUP-007"", ""exception_code"": ""NONE""}, {""epoch_time"": 1758619800, ""event"": ""CUSTOMS_HOLD"", ""location"": ""Transshipment Hub"", ""exception_code"": ""CUSTOMS_HOLD""}, {""epoch_time"": 1758879000, ""event"": ""CUSTOMS_CLEARED"", ""location"": ""Transshipment Hub"", ""exception_code"": ""NONE""}, {""epoch_time"": 1759131000, ""event"": ""DESTINATION_ARRIVAL"", ""location"": ""WH-LKO-01"", ""exception_code"": ""NONE""}, {""epoch_time"": 1759138200, ""event"": ""DOCK_RECEIVED"", ""location"": ""WH-LKO-01"", ""exception_code"": ""NONE""}]}",PROJECT44_API,2025-01-01 00:12:00,2026-08-05 02:59:59,BATCH_202501_RAW_CARRIER_TELEMETRY
TRK-28261779,SHP-00000280,"{""status"": ""DELIVERED"", ""events"": [{""epoch_time"": 1756524600, ""event"": ""PO_CONFIRMED"", ""location"": ""Supplier ERP"", ""exception_code"": ""NONE""}, {""epoch_time"": 1757471400, ""event"": ""SUPPLIER_HANDOVER"", ""location"": ""SUP-008"", ""exception_code"": ""NONE""}, {""epoch_time"": 1758328200, ""event"": ""DESTINATION_ARRIVAL"", ""location"": ""WH-DEL-02"", ""exception_code"": ""NONE""}, {""epoch_time"": 1758335400, ""event"": ""DOCK_RECEIVED"", ""location"": ""WH-DEL-02"", ""exception_code"": ""NONE""}]}",PROJECT44_API,2025-01-01 02:21:00,2026-08-05 02:59:59,BATCH_202501_RAW_CARRIER_TELEMETRY
TRK-68965449,SHP-00000281,"{""status"": ""DELIVERED"", ""events"": [{""epoch_time"": 1756542600, ""event"": ""PO_CONFIRMED"", ""location"": ""Supplier ERP"", ""exception_code"": ""NONE""}, {""epoch_time"": 1757748600, ""event"": ""SUPPLIER_HANDOVER"", ""location"": ""SUP-007"", ""exception_code"": ""NONE""}, {""epoch_time"": 1758173400, ""event"": ""DESTINATION_ARRIVAL"", ""location"": ""WH-DEL-02"", ""exception_code"": ""NONE""}, {""epoch_time"": 1758180600, ""event"": ""DOCK_RECEIVED"", ""location"": ""WH-DEL-02"", ""exception_code"": ""NONE""}]}",PROJECT44_API,2025-01-01 02:04:00,2026-08-05 02:59:59,BATCH_202501_RAW_CARRIER_TELEMETRY
TRK-71022865,SHP-00000282,"{""status"": ""DELIVERED"", ""events"": [{""epoch_time"": 1756618200, ""event"": ""PO_CONFIRMED"", ""location"": ""Supplier ERP"", ""exception_code"": ""NONE""}, {""epoch_time"": 1758429000, ""event"": ""SUPPLIER_HANDOVER"", ""location"": ""SUP-004"", ""exception_code"": ""NONE""}, {""epoch_time"": 1758767400, ""event"": ""DESTINATION_ARRIVAL"", ""location"": ""WH-MUM-03"", ""exception_code"": ""NONE""}, {""epoch_time"": 1758774600, ""event"": ""DOCK_RECEIVED"", ""location"": ""WH-MUM-03"", ""exception_code"": ""NONE""}]}",PROJECT44_API,2025-01-15 00:10:00,2026-08-05 02:59:59,BATCH_202501_RAW_CARRIER_TELEMETRY
TRK-36572643,SHP-00000283,"{""status"": ""DELIVERED"", ""events"": [{""epoch_time"": 1756629000, ""event"": ""PO_CONFIRMED"", ""location"": ""Supplier ERP"", ""exception_code"": ""NONE""}, {""epoch_time"": 1757835000, ""event"": ""SUPPLIER_HANDOVER"", ""location"": ""SUP-007"", ""exception_code"": ""NONE""}, {""epoch_time"": 1758173400, ""event"": ""DESTINATION_ARRIVAL"", ""location"": ""WH-MUM-03"", ""exception_code"": ""NONE""}, {""epoch_time"": 1758180600, ""event"": ""DOCK_RECEIVED"", ""location"": ""WH-MUM-03"", ""exception_code"": ""NONE""}]}",PROJECT44_API,2025-01-01 00:05:00,2026-08-05 02:59:59,BATCH_202501_RAW_CARRIER_TELEMETRY
TRK-81296082,SHP-00000284,"{""status"": ""DELIVERED"", ""events"": [{""epoch_time"": 1756621800, ""event"": ""PO_CONFIRMED"", ""location"": ""Supplier ERP"", ""exception_code"": ""NONE""}, {""epoch_time"": 1758000600, ""event"": ""SUPPLIER_HANDOVER"", ""location"": ""SUP-006"", ""exception_code"": ""NONE""}, {""epoch_time"": 1758173400, ""event"": ""CUSTOMS_HOLD"", ""location"": ""Transshipment Hub"", ""exception_code"": ""CUSTOMS_HOLD""}, {""epoch_time"": 1758432600, ""event"": ""CUSTOMS_CLEARED"", ""location"": ""Transshipment Hub"", ""exception_code"": ""NONE""}, {""epoch_time"": 1758684600, ""event"": ""DESTINATION_ARRIVAL"", ""location"": ""WH-BLR-04"", ""exception_code"": ""NONE""}, {""epoch_time"": 1758691800, ""event"": ""DOCK_RECEIVED"", ""location"": ""WH-BLR-04"", ""exception_code"": ""NONE""}]}",PROJECT44_API,2025-01-03 01:12:00,2026-08-05 02:59:59,BATCH_202501_RAW_CARRIER_TELEMETRY
TRK-45834517,SHP-00000285,"{""status"": ""DELIVERED"", ""events"": [{""epoch_time"": 1756701000, ""event"": ""PO_CONFIRMED"", ""location"": ""Supplier ERP"", ""exception_code"": ""NONE""}, {""epoch_time"": 1757561400, ""event"": ""SUPPLIER_HANDOVER"", ""location"": ""SUP-001"", ""exception_code"": ""NONE""}, {""epoch_time"": 1757640600, ""event"": ""DESTINATION_ARRIVAL"", ""location"": ""WH-LKO-01"", ""exception_code"": ""NONE""}, {""epoch_time"": 1757647800, ""event"": ""DOCK_RECEIVED"", ""location"": ""WH-LKO-01"", ""exception_code"": ""NONE""}]}",PROJECT44_API,2025-01-01 01:17:00,2026-08-05 02:59:59,BATCH_202501_RAW_CARRIER_TELEMETRY
TRK-25848380,SHP-00000286,"{""status"": ""DELIVERED"", ""events"": [{""epoch_time"": 1756711800, ""event"": ""PO_CONFIRMED"", ""location"": ""Supplier ERP"", ""exception_code"": ""NONE""}, {""epoch_time"": 1757917800, ""event"": ""SUPPLIER_HANDOVER"", ""location"": ""SUP-001"", ""exception_code"": ""NONE""}, {""epoch_time"": 1758083400, ""event"": ""DESTINATION_ARRIVAL"", ""location"": ""WH-MUM-03"", ""exception_code"": ""NONE""}, {""epoch_time"": 1758090600, ""event"": ""DOCK_RECEIVED"", ""location"": ""WH-MUM-03"", ""exception_code"": ""NONE""}]}",PROJECT44_API,2025-01-01 02:53:00,2026-08-05 02:59:59,BATCH_202501_RAW_CARRIER_TELEMETRY
TRK-44191906,SHP-00000287,"{""status"": ""DELIVERED"", ""events"": [{""epoch_time"": 1756956600, ""event"": ""PO_CONFIRMED"", ""location"": ""Supplier ERP"", ""exception_code"": ""NONE""}, {""epoch_time"": 1758162600, ""event"": ""SUPPLIER_HANDOVER"", ""location"": ""SUP-003"", ""exception_code"": ""NONE""}, {""epoch_time"": 1758328200, ""event"": ""DESTINATION_ARRIVAL"", ""location"": ""WH-LKO-01"", ""exception_code"": ""NONE""}, {""epoch_time"": 1758335400, ""event"": ""DOCK_RECEIVED"", ""location"": ""WH-LKO-01"", ""exception_code"": ""NONE""}]}",PROJECT44_API,2025-01-01 02:30:00,2026-08-05 02:59:59,BATCH_202501_RAW_CARRIER_TELEMETRY
TRK-56927939,SHP-00000288,"{""status"": ""DELIVERED"", ""events"": [{""epoch_time"": 1756985400, ""event"": ""PO_CONFIRMED"", ""location"": ""Supplier ERP"", ""exception_code"": ""NONE""}, {""epoch_time"": 1758709800, ""event"": ""SUPPLIER_HANDOVER"", ""location"": ""SUP-002"", ""exception_code"": ""NONE""}, {""epoch_time"": 1758789000, ""event"": ""DESTINATION_ARRIVAL"", ""location"": ""WH-BLR-04"", ""exception_code"": ""NONE""}, {""epoch_time"": 1758796200, ""event"": ""DOCK_RECEIVED"", ""location"": ""WH-BLR-04"", ""exception_code"": ""NONE""}]}",PROJECT44_API,2025-01-01 00:34:00,2026-08-05 02:59:59,BATCH_202501_RAW_CARRIER_TELEMETRY
TRK-61218679,SHP-00000289,"{""status"": ""DELIVERED"", ""events"": [{""epoch_time"": 1757140200, ""event"": ""PO_CONFIRMED"", ""location"": ""Supplier ERP"", ""exception_code"": ""NONE""}, {""epoch_time"": 1757914200, ""event"": ""SUPPLIER_HANDOVER"", ""location"": ""SUP-007"", ""exception_code"": ""NONE""}, {""epoch_time"": 1757993400, ""event"": ""DESTINATION_ARRIVAL"", ""location"": ""WH-BLR-04"", ""exception_code"": ""NONE""}, {""epoch_time"": 1758000600, ""event"": ""DOCK_RECEIVED"", ""location"": ""WH-BLR-04"", ""exception_code"": ""NONE""}]}",PROJECT44_API,2025-01-01 02:45:00,2026-08-05 02:59:59,BATCH_202501_RAW_CARRIER_TELEMETRY
TRK-87291179,SHP-00000290,"{""status"": ""DELIVERED"", ""events"": [{""epoch_time"": 1757233800, ""event"": ""PO_CONFIRMED"", ""location"": ""Supplier ERP"", ""exception_code"": ""NONE""}, {""epoch_time"": 1759044600, ""event"": ""SUPPLIER_HANDOVER"", ""location"": ""SUP-004"", ""exception_code"": ""NONE""}, {""epoch_time"": 1759296600, ""event"": ""DESTINATION_ARRIVAL"", ""location"": ""WH-MUM-03"", ""exception_code"": ""NONE""}, {""epoch_time"": 1759303800, ""event"": ""DOCK_RECEIVED"", ""location"": ""WH-MUM-03"", ""exception_code"": ""NONE""}]}",PROJECT44_API,2025-01-01 02:48:00,2026-08-05 02:59:59,BATCH_202501_RAW_CARRIER_TELEMETRY
TRK-45477846,SHP-00000291,"{""status"": ""DELIVERED"", ""events"": [{""epoch_time"": 1757320200, ""event"": ""PO_CONFIRMED"", ""location"": ""Supplier ERP"", ""exception_code"": ""NONE""}, {""epoch_time"": 1758180600, ""event"": ""SUPPLIER_HANDOVER"", ""location"": ""SUP-005"", ""exception_code"": ""NONE""}, {""epoch_time"": 1758259800, ""event"": ""DESTINATION_ARRIVAL"", ""location"": ""WH-DEL-02"", ""exception_code"": ""NONE""}, {""epoch_time"": 1758267000, ""event"": ""DOCK_RECEIVED"", ""location"": ""WH-DEL-02"", ""exception_code"": ""NONE""}]}",PROJECT44_API,2025-01-01 02:43:00,2026-08-05 02:59:59,BATCH_202501_RAW_CARRIER_TELEMETRY
TRK-47881163,SHP-00000292,"{""status"": ""DELIVERED"", ""events"": [{""epoch_time"": 1757313000, ""event"": ""PO_CONFIRMED"", ""location"": ""Supplier ERP"", ""exception_code"": ""NONE""}, {""epoch_time"": 1758432600, ""event"": ""SUPPLIER_HANDOVER"", ""location"": ""SUP-002"", ""exception_code"": ""NONE""}, {""epoch_time"": 1758598200, ""event"": ""DESTINATION_ARRIVAL"", ""location"": ""WH-BLR-04"", ""exception_code"": ""NONE""}, {""epoch_time"": 1758605400, ""event"": ""DOCK_RECEIVED"", ""location"": ""WH-BLR-04"", ""exception_code"": ""NONE""}]}",PROJECT44_API,2025-01-01 02:31:00,2026-08-05 02:59:59,BATCH_202501_RAW_CARRIER_TELEMETRY
TRK-48567464,N/A,"{""status"": ""DELIVERED"", ""events"": [{""epoch_time"": 1757388600, ""event"": ""PO_CONFIRMED"", ""location"": ""Supplier ERP"", ""exception_code"": ""NONE""}, {""epoch_time"": 1758594600, ""event"": ""SUPPLIER_HANDOVER"", ""location"": ""SUP-001"", ""exception_code"": ""NONE""}, {""epoch_time"": 1759537800, ""event"": ""DESTINATION_ARRIVAL"", ""location"": ""WH-LKO-01"", ""exception_code"": ""NONE""}, {""epoch_time"": 1759545000, ""event"": ""DOCK_RECEIVED"", ""location"": ""WH-LKO-01"", ""exception_code"": ""NONE""}]}",PROJECT44_API,2025-01-01 00:06:00,2026-08-05 02:59:59,BATCH_202501_RAW_CARRIER_TELEMETRY
TRK-14585800,SHP-00000294,"{""status"": ""DELIVERED"", ""events"": [{""epoch_time"": 1757399400, ""event"": ""PO_CONFIRMED"", ""location"": ""Supplier ERP"", ""exception_code"": ""NONE""}, {""epoch_time"": 1758173400, ""event"": ""SUPPLIER_HANDOVER"", ""location"": ""SUP-003"", ""exception_code"": ""NONE""}, {""epoch_time"": 1758511800, ""event"": ""DESTINATION_ARRIVAL"", ""location"": ""WH-BLR-04"", ""exception_code"": ""NONE""}, {""epoch_time"": 1758519000, ""event"": ""DOCK_RECEIVED"", ""location"": ""WH-BLR-04"", ""exception_code"": ""NONE""}]}",PROJECT44_API,2025-01-01 00:09:00,2026-08-05 02:59:59,BATCH_202501_RAW_CARRIER_TELEMETRY
TRK-16365694,SHP-00000295,"{""status"": ""DELIVERED"", ""events"": [{""epoch_time"": 1757500200, ""event"": ""PO_CONFIRMED"", ""location"": ""Supplier ERP"", ""exception_code"": ""NONE""}, {""epoch_time"": 1759224600, ""event"": ""SUPPLIER_HANDOVER"", ""location"": ""SUP-008"", ""exception_code"": ""NONE""}, {""epoch_time"": 1759303800, ""event"": ""DESTINATION_ARRIVAL"", ""location"": ""WH-BLR-04"", ""exception_code"": ""NONE""}, {""epoch_time"": 1759311000, ""event"": ""DOCK_RECEIVED"", ""location"": ""WH-BLR-04"", ""exception_code"": ""NONE""}]}",PROJECT44_API,2025-01-01 00:49:00,2026-08-05 02:59:59,BATCH_202501_RAW_CARRIER_TELEMETRY
TRK-88047610,N/A,"{""status"": ""DELIVERED"", ""events"": [{""epoch_time"": 1757583000, ""event"": ""PO_CONFIRMED"", ""location"": ""Supplier ERP"", ""exception_code"": ""NONE""}, {""epoch_time"": 1758529800, ""event"": ""SUPPLIER_HANDOVER"", ""location"": ""SUP-001"", ""exception_code"": ""NONE""}, {""epoch_time"": 1759905000, ""event"": ""DESTINATION_ARRIVAL"", ""location"": ""WH-DEL-02"", ""exception_code"": ""NONE""}, {""epoch_time"": 1759912200, ""event"": ""DOCK_RECEIVED"", ""location"": ""WH-DEL-02"", ""exception_code"": ""NONE""}]}",PROJECT44_API,2025-01-01 00:08:00,2026-08-05 02:59:59,BATCH_202501_RAW_CARRIER_TELEMETRY
TRK-39037760,SHP-00000297,"{""status"": ""DELIVERED"", ""events"": [{""epoch_time"": 1757673000, ""event"": ""PO_CONFIRMED"", ""location"": ""Supplier ERP"", ""exception_code"": ""NONE""}, {""epoch_time"": 1758792600, ""event"": ""SUPPLIER_HANDOVER"", ""location"": ""SUP-008"", ""exception_code"": ""NONE""}, {""epoch_time"": 1758871800, ""event"": ""DESTINATION_ARRIVAL"", ""location"": ""WH-LKO-01"", ""exception_code"": ""NONE""}, {""epoch_time"": 1758879000, ""event"": ""DOCK_RECEIVED"", ""location"": ""WH-LKO-01"", ""exception_code"": ""NONE""}]}",PROJECT44_API,2025-01-01 00:53:00,2026-08-05 02:59:59,BATCH_202501_RAW_CARRIER_TELEMETRY
TRK-95951826,SHP-00000298,"{""status"": ""DELIVERED"", ""events"": [{""epoch_time"": 1757647800, ""event"": ""PO_CONFIRMED"", ""location"": ""Supplier ERP"", ""exception_code"": ""NONE""}, {""epoch_time"": 1758940200, ""event"": ""SUPPLIER_HANDOVER"", ""location"": ""SUP-007"", ""exception_code"": ""NONE""}, {""epoch_time"": 1759710600, ""event"": ""DESTINATION_ARRIVAL"", ""location"": ""WH-MUM-03"", ""exception_code"": ""NONE""}, {""epoch_time"": 1759717800, ""event"": ""DOCK_RECEIVED"", ""location"": ""WH-MUM-03"", ""exception_code"": ""NONE""}]}",PROJECT44_API,2025-01-01 01:58:00,2026-08-05 02:59:59,BATCH_202501_RAW_CARRIER_TELEMETRY
TRK-19721084,SHP-00000299,"{""status"": ""DELIVERED"", ""events"": [{""epoch_time"": 1757748600, ""event"": ""PO_CONFIRMED"", ""location"": ""Supplier ERP"", ""exception_code"": ""NONE""}, {""epoch_time"": 1759300200, ""event"": ""SUPPLIER_HANDOVER"", ""location"": ""SUP-001"", ""exception_code"": ""NONE""}, {""epoch_time"": 1759465800, ""event"": ""DESTINATION_ARRIVAL"", ""location"": ""WH-LKO-01"", ""exception_code"": ""NONE""}, {""epoch_time"": 1759473000, ""event"": ""DOCK_RECEIVED"", ""location"": ""WH-LKO-01"", ""exception_code"": ""NONE""}]}",PROJECT44_API,2025-01-01 01:07:00,2026-08-05 02:59:59,BATCH_202501_RAW_CARRIER_TELEMETRY
TRK-91609583,SHP-00000300,"{""status"": ""DELIVERED"", ""events"": [{""epoch_time"": 1757759400, ""event"": ""PO_CONFIRMED"", ""location"": ""Supplier ERP"", ""exception_code"": ""NONE""}, {""epoch_time"": 1759397400, ""event"": ""SUPPLIER_HANDOVER"", ""location"": ""SUP-006"", ""exception_code"": ""NONE""}, {""epoch_time"": 1759735800, ""event"": ""DESTINATION_ARRIVAL"", ""location"": ""WH-MUM-03"", ""exception_code"": ""NONE""}, {""epoch_time"": 1759743000, ""event"": ""DOCK_RECEIVED"", ""location"": ""WH-MUM-03"", ""exception_code"": ""NONE""}]}",PROJECT44_API,2025-01-01 01:52:00,2026-08-05 02:59:59,BATCH_202501_RAW_CARRIER_TELEMETRY
TRK-46595238,SHP-00000301,"{""status"": ""DELIVERED"", ""events"": [{""epoch_time"": 1757759400, ""event"": ""PO_CONFIRMED"", ""location"": ""Supplier ERP"", ""exception_code"": ""NONE""}, {""epoch_time"": 1758792600, ""event"": ""SUPPLIER_HANDOVER"", ""location"": ""SUP-001"", ""exception_code"": ""NONE""}, {""epoch_time"": 1758958200, ""event"": ""DESTINATION_ARRIVAL"", ""location"": ""WH-LKO-01"", ""exception_code"": ""NONE""}, {""epoch_time"": 1758965400, ""event"": ""DOCK_RECEIVED"", ""location"": ""WH-LKO-01"", ""exception_code"": ""NONE""}]}",PROJECT44_API,2025-01-01 00:30:00,2026-08-05 02:59:59,BATCH_202501_RAW_CARRIER_TELEMETRY
TRK-82321530,SHP-00000302,"{""status"": ""DELIVERED"", ""events"": [{""epoch_time"": 1757842200, ""event"": ""PO_CONFIRMED"", ""location"": ""Supplier ERP"", ""exception_code"": ""NONE""}, {""epoch_time"": 1758789000, ""event"": ""SUPPLIER_HANDOVER"", ""location"": ""SUP-001"", ""exception_code"": ""NONE""}, {""epoch_time"": 1759645800, ""event"": ""DESTINATION_ARRIVAL"", ""location"": ""WH-LKO-01"", ""exception_code"": ""NONE""}, {""epoch_time"": 1759653000, ""event"": ""DOCK_RECEIVED"", ""location"": ""WH-LKO-01"", ""exception_code"": ""NONE""}]}",PROJECT44_API,2025-01-01 02:06:00,2026-08-05 02:59:59,BATCH_202501_RAW_CARRIER_TELEMETRY
TRK-23688841,SHP-00000303,"{""status"": ""DELIVERED"", ""events"": [{""epoch_time"": 1758022200, ""event"": ""PO_CONFIRMED"", ""location"": ""Supplier ERP"", ""exception_code"": ""NONE""}, {""epoch_time"": 1759141800, ""event"": ""SUPPLIER_HANDOVER"", ""location"": ""SUP-008"", ""exception_code"": ""NONE""}, {""epoch_time"": 1759221000, ""event"": ""DESTINATION_ARRIVAL"", ""location"": ""WH-LKO-01"", ""exception_code"": ""NONE""}, {""epoch_time"": 1759228200, ""event"": ""DOCK_RECEIVED"", ""location"": ""WH-LKO-01"", ""exception_code"": ""NONE""}]}",PROJECT44_API,2025-01-01 01:18:00,2026-08-05 02:59:59,BATCH_202501_RAW_CARRIER_TELEMETRY
TRK-27465395, SHP-00000304 ,"{""status"": ""DELIVERED"", ""events"": [{""epoch_time"": 1758180600, ""event"": ""PO_CONFIRMED"", ""location"": ""Supplier ERP"", ""exception_code"": ""NONE""}, {""epoch_time"": 1759473000, ""event"": ""SUPPLIER_HANDOVER"", ""location"": ""SUP-001"", ""exception_code"": ""NONE""}, {""epoch_time"": 1759638600, ""event"": ""DESTINATION_ARRIVAL"", ""location"": ""WH-MUM-03"", ""exception_code"": ""NONE""}, {""epoch_time"": 1759645800, ""event"": ""DOCK_RECEIVED"", ""location"": ""WH-MUM-03"", ""exception_code"": ""NONE""}]}",PROJECT44_API,2025-01-01 02:55:00,2026-08-05 02:59:59,BATCH_202501_RAW_CARRIER_TELEMETRY
trk-46209929,SHP-00000305,"{""status"": ""DELIVERED"", ""events"": [{""epoch_time"": 1758267000, ""event"": ""PO_CONFIRMED"", ""location"": ""Supplier ERP"", ""exception_code"": ""NONE""}, {""epoch_time"": 1760077800, ""event"": ""SUPPLIER_HANDOVER"", ""location"": ""SUP-002"", ""exception_code"": ""NONE""}, {""epoch_time"": 1760243400, ""event"": ""DESTINATION_ARRIVAL"", ""location"": ""WH-BLR-04"", ""exception_code"": ""NONE""}, {""epoch_time"": 1760250600, ""event"": ""DOCK_RECEIVED"", ""location"": ""WH-BLR-04"", ""exception_code"": ""NONE""}]}",PROJECT44_API,2025-01-01 00:22:00,2026-08-05 02:59:59,BATCH_202501_RAW_CARRIER_TELEMETRY
TRK-26356635,SHP-00000306,"{""status"": ""DELIVERED"", ""events"": [{""epoch_time"": 1758432600, ""event"": ""PO_CONFIRMED"", ""location"": ""Supplier ERP"", ""exception_code"": ""NONE""}, {""epoch_time"": 1759379400, ""event"": ""SUPPLIER_HANDOVER"", ""location"": ""SUP-008"", ""exception_code"": ""NONE""}, {""epoch_time"": 1759458600, ""event"": ""DESTINATION_ARRIVAL"", ""location"": ""WH-DEL-02"", ""exception_code"": ""NONE""}, {""epoch_time"": 1759465800, ""event"": ""DOCK_RECEIVED"", ""location"": ""WH-DEL-02"", ""exception_code"": ""NONE""}]}",PROJECT44_API,2025-01-01 00:15:00,2026-08-05 02:59:59,BATCH_202501_RAW_CARRIER_TELEMETRY
TRK-69675019,SHP-00000307,"{""status"": ""DELIVERED"", ""events"": [{""epoch_time"": 1758436200, ""event"": ""PO_CONFIRMED"", ""location"": ""Supplier ERP"", ""exception_code"": ""NONE""}, {""epoch_time"": 1759642200, ""event"": ""SUPPLIER_HANDOVER"", ""location"": ""SUP-005"", ""exception_code"": ""NONE""}, {""epoch_time"": 1759894200, ""event"": ""DESTINATION_ARRIVAL"", ""location"": ""WH-MUM-03"", ""exception_code"": ""NONE""}, {""epoch_time"": 1759901400, ""event"": ""DOCK_RECEIVED"", ""location"": ""WH-MUM-03"", ""exception_code"": ""NONE""}]}",PROJECT44_API,2025-01-01 02:10:00,2026-08-05 02:59:59,BATCH_202501_RAW_CARRIER_TELEMETRY
TRK-28101260,SHP-00000308,"{""status"": ""DELIVERED"", ""events"": [{""epoch_time"": 1758875400, ""event"": ""PO_CONFIRMED"", ""location"": ""Supplier ERP"", ""exception_code"": ""NONE""}, {""epoch_time"": 1759995000, ""event"": ""SUPPLIER_HANDOVER"", ""location"": ""SUP-005"", ""exception_code"": ""NONE""}, {""epoch_time"": 1760679000, ""event"": ""DESTINATION_ARRIVAL"", ""location"": ""WH-MUM-03"", ""exception_code"": ""NONE""}, {""epoch_time"": 1760686200, ""event"": ""DOCK_RECEIVED"", ""location"": ""WH-MUM-03"", ""exception_code"": ""NONE""}]}",PROJECT44_API,2025-01-01 01:26:00,2026-08-05 02:59:59,BATCH_202501_RAW_CARRIER_TELEMETRY
TRK-45235486,SHP-00000309,"{""status"": ""DELIVERED"", ""events"": [{""epoch_time"": 1759116600, ""event"": ""PO_CONFIRMED"", ""location"": ""Supplier ERP"", ""exception_code"": ""NONE""}, {""epoch_time"": 1760409000, ""event"": ""SUPPLIER_HANDOVER"", ""location"": ""SUP-003"", ""exception_code"": ""NONE""}, {""epoch_time"": 1760574600, ""event"": ""DESTINATION_ARRIVAL"", ""location"": ""WH-DEL-02"", ""exception_code"": ""NONE""}, {""epoch_time"": 1760581800, ""event"": ""DOCK_RECEIVED"", ""location"": ""WH-DEL-02"", ""exception_code"": ""NONE""}]}",PROJECT44_API,2025-01-01 00:39:00,2026-08-05 02:59:59,BATCH_202501_RAW_CARRIER_TELEMETRY
TRK-81810107,SHP-00000310,"{""status"": ""DELIVERED"", ""events"": [{""epoch_time"": 1759224600, ""event"": ""PO_CONFIRMED"", ""location"": ""Supplier ERP"", ""exception_code"": ""NONE""}, {""epoch_time"": 1760257800, ""event"": ""SUPPLIER_HANDOVER"", ""location"": ""SUP-005"", ""exception_code"": ""NONE""}, {""epoch_time"": 1760344200, ""event"": ""CUSTOMS_HOLD"", ""location"": ""Transshipment Hub"", ""exception_code"": ""CUSTOMS_HOLD""}, {""epoch_time"": 1760517000, ""event"": ""CUSTOMS_CLEARED"", ""location"": ""Transshipment Hub"", ""exception_code"": ""NONE""}, {""epoch_time"": 1760769000, ""event"": ""DESTINATION_ARRIVAL"", ""location"": ""WH-DEL-02"", ""exception_code"": ""NONE""}, {""epoch_time"": 1760776200, ""event"": ""DOCK_RECEIVED"", ""location"": ""WH-DEL-02"", ""exception_code"": ""NONE""}]}",PROJECT44_API,2025-01-01 02:59:00,2026-08-05 02:59:59,BATCH_202501_RAW_CARRIER_TELEMETRY
TRK-31709279,SHP-00000311,"{""status"": ""DELIVERED"", ""events"": [{""epoch_time"": 1759217400, ""event"": ""PO_CONFIRMED"", ""location"": ""Supplier ERP"", ""exception_code"": ""NONE""}, {""epoch_time"": 1760769000, ""event"": ""SUPPLIER_HANDOVER"", ""location"": ""SUP-003"", ""exception_code"": ""NONE""}, {""epoch_time"": 1760934600, ""event"": ""DESTINATION_ARRIVAL"", ""location"": ""WH-DEL-02"", ""exception_code"": ""NONE""}, {""epoch_time"": 1760941800, ""event"": ""DOCK_RECEIVED"", ""location"": ""WH-DEL-02"", ""exception_code"": ""NONE""}]}",PROJECT44_API,2025-01-01 00:35:00,2026-08-05 02:59:59,BATCH_202501_RAW_CARRIER_TELEMETRY
TRK-66189326,SHP-00000312,"{""status"": ""DELIVERED"", ""events"": [{""epoch_time"": 1759300200, ""event"": ""PO_CONFIRMED"", ""location"": ""Supplier ERP"", ""exception_code"": ""NONE""}, {""epoch_time"": 1760419800, ""event"": ""SUPPLIER_HANDOVER"", ""location"": ""SUP-008"", ""exception_code"": ""NONE""}, {""epoch_time"": 1762054200, ""event"": ""DESTINATION_ARRIVAL"", ""location"": ""WH-LKO-01"", ""exception_code"": ""NONE""}, {""epoch_time"": 1762061400, ""event"": ""DOCK_RECEIVED"", ""location"": ""WH-LKO-01"", ""exception_code"": ""NONE""}]}",PROJECT44_API,2025-01-01 02:24:00,2026-08-05 02:59:59,BATCH_202501_RAW_CARRIER_TELEMETRY
TRK-73869031,SHP-00000313,"{""status"": ""DELIVERED"", ""events"": [{""epoch_time"": 1759480200, ""event"": ""PO_CONFIRMED"", ""location"": ""Supplier ERP"", ""exception_code"": ""NONE""}, {""epoch_time"": 1760772600, ""event"": ""SUPPLIER_HANDOVER"", ""location"": ""SUP-007"", ""exception_code"": ""NONE""}, {""epoch_time"": 1761802200, ""event"": ""DESTINATION_ARRIVAL"", ""location"": ""WH-MUM-03"", ""exception_code"": ""NONE""}, {""epoch_time"": 1761809400, ""event"": ""DOCK_RECEIVED"", ""location"": ""WH-MUM-03"", ""exception_code"": ""NONE""}]}",PROJECT44_API,2025-01-01 00:29:00,2026-08-05 02:59:59,BATCH_202501_RAW_CARRIER_TELEMETRY
TRK-51741117,SHP-00000314,"{""status"": ""DELIVERED"", ""events"": [{""epoch_time"": 1759635000, ""event"": ""PO_CONFIRMED"", ""location"": ""Supplier ERP"", ""exception_code"": ""NONE""}, {""epoch_time"": 1760927400, ""event"": ""SUPPLIER_HANDOVER"", ""location"": ""SUP-001"", ""exception_code"": ""NONE""}, {""epoch_time"": 1761179400, ""event"": ""DESTINATION_ARRIVAL"", ""location"": ""WH-LKO-01"", ""exception_code"": ""NONE""}, {""epoch_time"": 1761186600, ""event"": ""DOCK_RECEIVED"", ""location"": ""WH-LKO-01"", ""exception_code"": ""NONE""}]}",PROJECT44_API,2025-01-01 01:15:00,2026-08-05 02:59:59,BATCH_202501_RAW_CARRIER_TELEMETRY
N/A,SHP-00000315,"{""status"": ""DELIVERED"", ""events"": [{""epoch_time"": 1759660200, ""event"": ""PO_CONFIRMED"", ""location"": ""Supplier ERP"", ""exception_code"": ""NONE""}, {""epoch_time"": 1760866200, ""event"": ""SUPPLIER_HANDOVER"", ""location"": ""SUP-001"", ""exception_code"": ""NONE""}, {""epoch_time"": 1761118200, ""event"": ""DESTINATION_ARRIVAL"", ""location"": ""WH-DEL-02"", ""exception_code"": ""NONE""}, {""epoch_time"": 1761125400, ""event"": ""DOCK_RECEIVED"", ""location"": ""WH-DEL-02"", ""exception_code"": ""NONE""}]}",PROJECT44_API,2025-01-01 01:52:00,2026-08-05 02:59:59,BATCH_202501_RAW_CARRIER_TELEMETRY
TRK-56246992,SHP-00000316,"{""status"": ""DELIVERED"", ""events"": [{""epoch_time"": 1759656600, ""event"": ""PO_CONFIRMED"", ""location"": ""Supplier ERP"", ""exception_code"": ""NONE""}, {""epoch_time"": 1761035400, ""event"": ""SUPPLIER_HANDOVER"", ""location"": ""SUP-005"", ""exception_code"": ""NONE""}, {""epoch_time"": 1761287400, ""event"": ""DESTINATION_ARRIVAL"", ""location"": ""WH-DEL-02"", ""exception_code"": ""NONE""}, {""epoch_time"": 1761294600, ""event"": ""DOCK_RECEIVED"", ""location"": ""WH-DEL-02"", ""exception_code"": ""NONE""}]}",PROJECT44_API,2025-01-01 02:00:00,2026-08-05 02:59:59,BATCH_202501_RAW_CARRIER_TELEMETRY
TRK-69134426,SHP-00000317,"{""status"": ""DELIVERED"", ""events"": [{""epoch_time"": 1759656600, ""event"": ""PO_CONFIRMED"", ""location"": ""Supplier ERP"", ""exception_code"": ""NONE""}, {""epoch_time"": 1761035400, ""event"": ""SUPPLIER_HANDOVER"", ""location"": ""SUP-006"", ""exception_code"": ""NONE""}, {""epoch_time"": 1761201000, ""event"": ""DESTINATION_ARRIVAL"", ""location"": ""WH-LKO-01"", ""exception_code"": ""NONE""}, {""epoch_time"": 1761208200, ""event"": ""DOCK_RECEIVED"", ""location"": ""WH-LKO-01"", ""exception_code"": ""NONE""}]}",PROJECT44_API,2025-01-01 01:37:00,2026-08-05 02:59:59,BATCH_202501_RAW_CARRIER_TELEMETRY
TRK-44839090,SHP-00000318,"{""status"": ""DELIVERED"", ""events"": [{""epoch_time"": 1759905000, ""event"": ""PO_CONFIRMED"", ""location"": ""Supplier ERP"", ""exception_code"": ""NONE""}, {""epoch_time"": 1760765400, ""event"": ""SUPPLIER_HANDOVER"", ""location"": ""SUP-003"", ""exception_code"": ""NONE""}, {""epoch_time"": 1761363000, ""event"": ""DESTINATION_ARRIVAL"", ""location"": ""WH-DEL-02"", ""exception_code"": ""NONE""}, {""epoch_time"": 1761370200, ""event"": ""DOCK_RECEIVED"", ""location"": ""WH-DEL-02"", ""exception_code"": ""NONE""}]}",PROJECT44_API,2025-01-01 01:56:00,2026-08-05 02:59:59,BATCH_202501_RAW_CARRIER_TELEMETRY
TRK-85833107,SHP-00000319,"{""status"": ""DELIVERED"", ""events"": [{""epoch_time"": 1760509800, ""event"": ""PO_CONFIRMED"", ""location"": ""Supplier ERP"", ""exception_code"": ""NONE""}, {""epoch_time"": 1761629400, ""event"": ""SUPPLIER_HANDOVER"", ""location"": ""SUP-005"", ""exception_code"": ""NONE""}, {""epoch_time"": 1761795000, ""event"": ""DESTINATION_ARRIVAL"", ""location"": ""WH-LKO-01"", ""exception_code"": ""NONE""}, {""epoch_time"": 1761802200, ""event"": ""DOCK_RECEIVED"", ""location"": ""WH-LKO-01"", ""exception_code"": ""NONE""}]}",PROJECT44_API,2025-01-01 01:41:00,2026-08-05 02:59:59,BATCH_202501_RAW_CARRIER_TELEMETRY
TRK-69497195,SHP-00000320,"{""status"": ""DELIVERED"", ""events"": [{""epoch_time"": 1760585400, ""event"": ""PO_CONFIRMED"", ""location"": ""Supplier ERP"", ""exception_code"": ""NONE""}, {""epoch_time"": 1761877800, ""event"": ""SUPPLIER_HANDOVER"", ""location"": ""SUP-003"", ""exception_code"": ""NONE""}, {""epoch_time"": 1762821000, ""event"": ""DESTINATION_ARRIVAL"", ""location"": ""WH-DEL-02"", ""exception_code"": ""NONE""}, {""epoch_time"": 1762828200, ""event"": ""DOCK_RECEIVED"", ""location"": ""WH-DEL-02"", ""exception_code"": ""NONE""}]}",PROJECT44_API,2025-01-01 01:58:00,2026-08-05 02:59:59,BATCH_202501_RAW_CARRIER_TELEMETRY
TRK-68677028,SHP-00000321,"{""status"": ""DELIVERED"", ""events"": [{""epoch_time"": 1760689800, ""event"": ""PO_CONFIRMED"", ""location"": ""Supplier ERP"", ""exception_code"": ""NONE""}, {""epoch_time"": 1761982200, ""event"": ""SUPPLIER_HANDOVER"", ""location"": ""SUP-003"", ""exception_code"": ""NONE""}, {""epoch_time"": 1762839000, ""event"": ""DESTINATION_ARRIVAL"", ""location"": ""WH-DEL-02"", ""exception_code"": ""NONE""}, {""epoch_time"": 1762846200, ""event"": ""DOCK_RECEIVED"", ""location"": ""WH-DEL-02"", ""exception_code"": ""NONE""}]}",PROJECT44_API,2025-01-01 01:34:00,2026-08-05 02:59:59,BATCH_202501_RAW_CARRIER_TELEMETRY
TRK-65193089,SHP-00000322,"{""status"": ""DELIVERED"", ""events"": [{""epoch_time"": 1760779800, ""event"": ""PO_CONFIRMED"", ""location"": ""Supplier ERP"", ""exception_code"": ""NONE""}, {""epoch_time"": 1761985800, ""event"": ""SUPPLIER_HANDOVER"", ""location"": ""SUP-005"", ""exception_code"": ""NONE""}, {""epoch_time"": 1762237800, ""event"": ""DESTINATION_ARRIVAL"", ""location"": ""WH-MUM-03"", ""exception_code"": ""NONE""}, {""epoch_time"": 1762245000, ""event"": ""DOCK_RECEIVED"", ""location"": ""WH-MUM-03"", ""exception_code"": ""NONE""}]}",PROJECT44_API,2025-01-01 02:13:00,2026-08-05 02:59:59,BATCH_202501_RAW_CARRIER_TELEMETRY
TRK-59582210,SHP-00000323,"{""status"": ""DELIVERED"", ""events"": [{""epoch_time"": 1760956200, ""event"": ""PO_CONFIRMED"", ""location"": ""Supplier ERP"", ""exception_code"": ""NONE""}, {""epoch_time"": 1761989400, ""event"": ""SUPPLIER_HANDOVER"", ""location"": ""SUP-003"", ""exception_code"": ""NONE""}, {""epoch_time"": 1762068600, ""event"": ""DESTINATION_ARRIVAL"", ""location"": ""WH-BLR-04"", ""exception_code"": ""NONE""}, {""epoch_time"": 1762075800, ""event"": ""DOCK_RECEIVED"", ""location"": ""WH-BLR-04"", ""exception_code"": ""NONE""}]}",PROJECT44_API,2025-01-01 01:06:00,2026-08-05 02:59:59,BATCH_202501_RAW_CARRIER_TELEMETRY
TRK-12991715,SHP-00000324,"{""status"": ""DELIVERED"", ""events"": [{""epoch_time"": 1761039000, ""event"": ""PO_CONFIRMED"", ""location"": ""Supplier ERP"", ""exception_code"": ""NONE""}, {""epoch_time"": 1762590600, ""event"": ""SUPPLIER_HANDOVER"", ""location"": ""SUP-003"", ""exception_code"": ""NONE""}, {""epoch_time"": 1762842600, ""event"": ""DESTINATION_ARRIVAL"", ""location"": ""WH-DEL-02"", ""exception_code"": ""NONE""}, {""epoch_time"": 1762849800, ""event"": ""DOCK_RECEIVED"", ""location"": ""WH-DEL-02"", ""exception_code"": ""NONE""}]}",PROJECT44_API,2025-01-28 01:55:00,2026-08-05 02:59:59,BATCH_202501_RAW_CARRIER_TELEMETRY
TRK-55945523,SHP-00000325,"{""status"": ""DELIVERED"", ""events"": [{""epoch_time"": 1761219000, ""event"": ""PO_CONFIRMED"", ""location"": ""Supplier ERP"", ""exception_code"": ""NONE""}, {""epoch_time"": 1762511400, ""event"": ""SUPPLIER_HANDOVER"", ""location"": ""SUP-001"", ""exception_code"": ""NONE""}, {""epoch_time"": 1762849800, ""event"": ""DESTINATION_ARRIVAL"", ""location"": ""WH-DEL-02"", ""exception_code"": ""NONE""}, {""epoch_time"": 1762857000, ""event"": ""DOCK_RECEIVED"", ""location"": ""WH-DEL-02"", ""exception_code"": ""NONE""}]}",PROJECT44_API,2025-01-01 00:32:00,2026-08-05 02:59:59,BATCH_202501_RAW_CARRIER_TELEMETRY
TRK-56872957,SHP-00000326,"{""status"": ""DELIVERED"", ""events"": [{""epoch_time"": 1761373800, ""event"": ""PO_CONFIRMED"", ""location"": ""Supplier ERP"", ""exception_code"": ""NONE""}, {""epoch_time"": 1762579800, ""event"": ""SUPPLIER_HANDOVER"", ""location"": ""SUP-005"", ""exception_code"": ""NONE""}, {""epoch_time"": 1762831800, ""event"": ""DESTINATION_ARRIVAL"", ""location"": ""WH-DEL-02"", ""exception_code"": ""NONE""}, {""epoch_time"": 1762839000, ""event"": ""DOCK_RECEIVED"", ""location"": ""WH-DEL-02"", ""exception_code"": ""NONE""}]}",PROJECT44_API,2025-01-01 02:14:00,2026-08-05 02:59:59,BATCH_202501_RAW_CARRIER_TELEMETRY
TRK-25870086,SHP-00000327,"{""status"": ""DELIVERED"", ""events"": [{""epoch_time"": 1761381000, ""event"": ""PO_CONFIRMED"", ""location"": ""Supplier ERP"", ""exception_code"": ""NONE""}, {""epoch_time"": 1762327800, ""event"": ""SUPPLIER_HANDOVER"", ""location"": ""SUP-006"", ""exception_code"": ""NONE""}, {""epoch_time"": 1762579800, ""event"": ""DESTINATION_ARRIVAL"", ""location"": ""WH-DEL-02"", ""exception_code"": ""NONE""}, {""epoch_time"": 1762587000, ""event"": ""DOCK_RECEIVED"", ""location"": ""WH-DEL-02"", ""exception_code"": ""NONE""}]}",PROJECT44_API,2025-01-01 00:14:00,2026-08-05 02:59:59,BATCH_202501_RAW_CARRIER_TELEMETRY
TRK-96076148,SHP-00000328,"{""status"": ""DELIVERED"", ""events"": [{""epoch_time"": 1761478200, ""event"": ""PO_CONFIRMED"", ""location"": ""Supplier ERP"", ""exception_code"": ""NONE""}, {""epoch_time"": 1763375400, ""event"": ""SUPPLIER_HANDOVER"", ""location"": ""SUP-004"", ""exception_code"": ""NONE""}, {""epoch_time"": 1763627400, ""event"": ""DESTINATION_ARRIVAL"", ""location"": ""WH-LKO-01"", ""exception_code"": ""NONE""}, {""epoch_time"": 1763634600, ""event"": ""DOCK_RECEIVED"", ""location"": ""WH-LKO-01"", ""exception_code"": ""NONE""}]}",PROJECT44_API,2025-01-01 02:46:00,2026-08-05 02:59:59,BATCH_202501_RAW_CARRIER_TELEMETRY
TRK-85789805,SHP-00000329,"{""status"": ""DELIVERED"", ""events"": [{""epoch_time"": 1761474600, ""event"": ""PO_CONFIRMED"", ""location"": ""Supplier ERP"", ""exception_code"": ""NONE""}, {""epoch_time"": 1762421400, ""event"": ""SUPPLIER_HANDOVER"", ""location"": ""SUP-002"", ""exception_code"": ""NONE""}, {""epoch_time"": 1762673400, ""event"": ""DESTINATION_ARRIVAL"", ""location"": ""WH-DEL-02"", ""exception_code"": ""NONE""}, {""epoch_time"": 1762680600, ""event"": ""DOCK_RECEIVED"", ""location"": ""WH-DEL-02"", ""exception_code"": ""NONE""}]}",PROJECT44_API,2025-01-28 02:57:00,2026-08-05 02:59:59,BATCH_202501_RAW_CARRIER_TELEMETRY
TRK-83502377,SHP-00000330,"{""status"": ""DELIVERED"", ""events"": [{""epoch_time"": 1761453000, ""event"": ""PO_CONFIRMED"", ""location"": ""Supplier ERP"", ""exception_code"": ""NONE""}, {""epoch_time"": 1763004600, ""event"": ""SUPPLIER_HANDOVER"", ""location"": ""SUP-002"", ""exception_code"": ""NONE""}, {""epoch_time"": 1764207000, ""event"": ""DESTINATION_ARRIVAL"", ""location"": ""WH-LKO-01"", ""exception_code"": ""NONE""}, {""epoch_time"": 1764214200, ""event"": ""DOCK_RECEIVED"", ""location"": ""WH-LKO-01"", ""exception_code"": ""NONE""}]}",PROJECT44_API,2025-01-01 02:12:00,2026-08-05 02:59:59,BATCH_202501_RAW_CARRIER_TELEMETRY
TRK-12782961,SHP-00000331,"{""status"": ""DELIVERED"", ""events"": [{""epoch_time"": 1761460200, ""event"": ""PO_CONFIRMED"", ""location"": ""Supplier ERP"", ""exception_code"": ""NONE""}, {""epoch_time"": 1762320600, ""event"": ""SUPPLIER_HANDOVER"", ""location"": ""SUP-003"", ""exception_code"": ""NONE""}, {""epoch_time"": 1762831800, ""event"": ""DESTINATION_ARRIVAL"", ""location"": ""WH-DEL-02"", ""exception_code"": ""NONE""}, {""epoch_time"": 1762839000, ""event"": ""DOCK_RECEIVED"", ""location"": ""WH-DEL-02"", ""exception_code"": ""NONE""}]}",PROJECT44_API,2025-01-01 02:25:00,2026-08-05 02:59:59,BATCH_202501_RAW_CARRIER_TELEMETRY
TRK-46097030,SHP-00000332,"{""status"": ""DELIVERED"", ""events"": [{""epoch_time"": 1761557400, ""event"": ""PO_CONFIRMED"", ""location"": ""Supplier ERP"", ""exception_code"": ""NONE""}, {""epoch_time"": 1763195400, ""event"": ""SUPPLIER_HANDOVER"", ""location"": ""SUP-004"", ""exception_code"": ""NONE""}, {""epoch_time"": 1763281800, ""event"": ""CUSTOMS_HOLD"", ""location"": ""Transshipment Hub"", ""exception_code"": ""CUSTOMS_HOLD""}, {""epoch_time"": 1763541000, ""event"": ""CUSTOMS_CLEARED"", ""location"": ""Transshipment Hub"", ""exception_code"": ""NONE""}, {""epoch_time"": 1763447400, ""event"": ""DESTINATION_ARRIVAL"", ""location"": ""WH-DEL-02"", ""exception_code"": ""NONE""}, {""epoch_time"": 1763454600, ""event"": ""DOCK_RECEIVED"", ""location"": ""WH-DEL-02"", ""exception_code"": ""NONE""}]}",PROJECT44_API,2025-01-01 02:41:00,2026-08-05 02:59:59,BATCH_202501_RAW_CARRIER_TELEMETRY
TRK-29781954,SHP-00000333,"{""status"": ""DELIVERED"", ""events"": [{""epoch_time"": 1761539400, ""event"": ""PO_CONFIRMED"", ""location"": ""Supplier ERP"", ""exception_code"": ""NONE""}, {""epoch_time"": 1763609400, ""event"": ""SUPPLIER_HANDOVER"", ""location"": ""SUP-007"", ""exception_code"": ""NONE""}, {""epoch_time"": 1763775000, ""event"": ""DESTINATION_ARRIVAL"", ""location"": ""WH-DEL-02"", ""exception_code"": ""NONE""}, {""epoch_time"": 1763782200, ""event"": ""DOCK_RECEIVED"", ""location"": ""WH-DEL-02"", ""exception_code"": ""NONE""}]}",PROJECT44_API,2025-01-01 02:47:00,2026-08-05 02:59:59,BATCH_202501_RAW_CARRIER_TELEMETRY
TRK-98206134,SHP-00000334,"{""status"": ""DELIVERED"", ""events"": [{""epoch_time"": 1761823800, ""event"": ""PO_CONFIRMED"", ""location"": ""Supplier ERP"", ""exception_code"": ""NONE""}, {""epoch_time"": 1763029800, ""event"": ""SUPPLIER_HANDOVER"", ""location"": ""SUP-001"", ""exception_code"": ""NONE""}, {""epoch_time"": 1764145800, ""event"": ""DESTINATION_ARRIVAL"", ""location"": ""WH-LKO-01"", ""exception_code"": ""NONE""}, {""epoch_time"": 1764153000, ""event"": ""DOCK_RECEIVED"", ""location"": ""WH-LKO-01"", ""exception_code"": ""NONE""}]}",PROJECT44_API,2025-01-01 02:09:00,2026-08-05 02:59:59,BATCH_202501_RAW_CARRIER_TELEMETRY
TRK-81762882,SHP-00000335,"{""status"": ""DELIVERED"", ""events"": [{""epoch_time"": 1761892200, ""event"": ""PO_CONFIRMED"", ""location"": ""Supplier ERP"", ""exception_code"": ""NONE""}, {""epoch_time"": 1763184600, ""event"": ""SUPPLIER_HANDOVER"", ""location"": ""SUP-007"", ""exception_code"": ""NONE""}, {""epoch_time"": 1764214200, ""event"": ""DESTINATION_ARRIVAL"", ""location"": ""WH-MUM-03"", ""exception_code"": ""NONE""}, {""epoch_time"": 1764221400, ""event"": ""DOCK_RECEIVED"", ""location"": ""WH-MUM-03"", ""exception_code"": ""NONE""}]}",PROJECT44_API,2025-01-01 02:28:00,2026-08-05 02:59:59,BATCH_202501_RAW_CARRIER_TELEMETRY
TRK-58593669,SHP-00000336,"{""status"": ""DELIVERED"", ""events"": [{""epoch_time"": 1762162200, ""event"": ""PO_CONFIRMED"", ""location"": ""Supplier ERP"", ""exception_code"": ""NONE""}, {""epoch_time"": 1763022600, ""event"": ""SUPPLIER_HANDOVER"", ""location"": ""SUP-006"", ""exception_code"": ""NONE""}, {""epoch_time"": 1763188200, ""event"": ""DESTINATION_ARRIVAL"", ""location"": ""WH-BLR-04"", ""exception_code"": ""NONE""}, {""epoch_time"": 1763195400, ""event"": ""DOCK_RECEIVED"", ""location"": ""WH-BLR-04"", ""exception_code"": ""NONE""}]}",PROJECT44_API,2025-01-01 01:57:00,2026-08-05 02:59:59,BATCH_202501_RAW_CARRIER_TELEMETRY
TRK-48991677,SHP-00000337,"{""status"": ""DELIVERED"", ""events"": [{""epoch_time"": 1762399800, ""event"": ""PO_CONFIRMED"", ""location"": ""Supplier ERP"", ""exception_code"": ""NONE""}, {""epoch_time"": 1763865000, ""event"": ""SUPPLIER_HANDOVER"", ""location"": ""SUP-006"", ""exception_code"": ""NONE""}, {""epoch_time"": 1764289800, ""event"": ""DESTINATION_ARRIVAL"", ""location"": ""WH-MUM-03"", ""exception_code"": ""NONE""}, {""epoch_time"": 1764297000, ""event"": ""DOCK_RECEIVED"", ""location"": ""WH-MUM-03"", ""exception_code"": ""NONE""}]}",PROJECT44_API,2025-01-01 00:54:00,2026-08-05 02:59:59,BATCH_202501_RAW_CARRIER_TELEMETRY
TRK-10558267,SHP-00000338,"{""status"": ""DELIVERED"", ""events"": [{""epoch_time"": 1762515000, ""event"": ""PO_CONFIRMED"", ""location"": ""Supplier ERP"", ""exception_code"": ""NONE""}, {""epoch_time"": 1763807400, ""event"": ""SUPPLIER_HANDOVER"", ""location"": ""SUP-008"", ""exception_code"": ""NONE""}, {""epoch_time"": 1765096200, ""event"": ""DESTINATION_ARRIVAL"", ""location"": ""WH-MUM-03"", ""exception_code"": ""NONE""}, {""epoch_time"": 1765103400, ""event"": ""DOCK_RECEIVED"", ""location"": ""WH-MUM-03"", ""exception_code"": ""NONE""}]}",PROJECT44_API,2025-01-01 02:45:00,2026-08-05 02:59:59,BATCH_202501_RAW_CARRIER_TELEMETRY
TRK-70707187,SHP-00000339,"{""status"": ""DELIVERED"", ""events"": [{""epoch_time"": 1762677000, ""event"": ""PO_CONFIRMED"", ""location"": ""Supplier ERP"", ""exception_code"": ""NONE""}, {""epoch_time"": 1763710200, ""event"": ""SUPPLIER_HANDOVER"", ""location"": ""SUP-006"", ""exception_code"": ""NONE""}, {""epoch_time"": 1764048600, ""event"": ""DESTINATION_ARRIVAL"", ""location"": ""WH-BLR-04"", ""exception_code"": ""NONE""}, {""epoch_time"": 1764055800, ""event"": ""DOCK_RECEIVED"", ""location"": ""WH-BLR-04"", ""exception_code"": ""NONE""}]}",PROJECT44_API,2025-01-01 00:22:00,2026-08-05 02:59:59,BATCH_202501_RAW_CARRIER_TELEMETRY
TRK-40454803,SHP-00000340,"{""status"": ""DELIVERED"", ""events"": [{""epoch_time"": 1762662600, ""event"": ""PO_CONFIRMED"", ""location"": ""Supplier ERP"", ""exception_code"": ""NONE""}, {""epoch_time"": 1763523000, ""event"": ""SUPPLIER_HANDOVER"", ""location"": ""SUP-006"", ""exception_code"": ""NONE""}, {""epoch_time"": 1764207000, ""event"": ""DESTINATION_ARRIVAL"", ""location"": ""WH-DEL-02"", ""exception_code"": ""NONE""}, {""epoch_time"": 1764214200, ""event"": ""DOCK_RECEIVED"", ""location"": ""WH-DEL-02"", ""exception_code"": ""NONE""}]}",PROJECT44_API,2025-01-01 01:07:00,2026-08-05 02:59:59,BATCH_202501_RAW_CARRIER_TELEMETRY
TRK-90532520,SHP-00000341,"{""status"": ""DELIVERED"", ""events"": [{""epoch_time"": 1762752600, ""event"": ""PO_CONFIRMED"", ""location"": ""Supplier ERP"", ""exception_code"": ""NONE""}, {""epoch_time"": 1763613000, ""event"": ""SUPPLIER_HANDOVER"", ""location"": ""SUP-002"", ""exception_code"": ""NONE""}, {""epoch_time"": 1763778600, ""event"": ""DESTINATION_ARRIVAL"", ""location"": ""WH-DEL-02"", ""exception_code"": ""NONE""}, {""epoch_time"": 1763785800, ""event"": ""DOCK_RECEIVED"", ""location"": ""WH-DEL-02"", ""exception_code"": ""NONE""}]}",PROJECT44_API,2025-01-01 02:54:00,2026-08-05 02:59:59,BATCH_202501_RAW_CARRIER_TELEMETRY
TRK-56460881,SHP-00000342,"{""status"": ""DELIVERED"", ""events"": [{""epoch_time"": 1762929000, ""event"": ""PO_CONFIRMED"", ""location"": ""Supplier ERP"", ""exception_code"": ""NONE""}, {""epoch_time"": 1764221400, ""event"": ""SUPPLIER_HANDOVER"", ""location"": ""SUP-003"", ""exception_code"": ""NONE""}, {""epoch_time"": 1765337400, ""event"": ""DESTINATION_ARRIVAL"", ""location"": ""WH-DEL-02"", ""exception_code"": ""NONE""}, {""epoch_time"": 1765344600, ""event"": ""DOCK_RECEIVED"", ""location"": ""WH-DEL-02"", ""exception_code"": ""NONE""}]}",PROJECT44_API,2025-01-01 02:46:00,2026-08-05 02:59:59,BATCH_202501_RAW_CARRIER_TELEMETRY
 TRK-51227841 ,SHP-00000343,"{""status"": ""DELIVERED"", ""events"": [{""epoch_time"": 1762947000, ""event"": ""PO_CONFIRMED"", ""location"": ""Supplier ERP"", ""exception_code"": ""NONE""}, {""epoch_time"": 1763807400, ""event"": ""SUPPLIER_HANDOVER"", ""location"": ""SUP-003"", ""exception_code"": ""NONE""}, {""epoch_time"": 1764059400, ""event"": ""DESTINATION_ARRIVAL"", ""location"": ""WH-DEL-02"", ""exception_code"": ""NONE""}, {""epoch_time"": 1764066600, ""event"": ""DOCK_RECEIVED"", ""location"": ""WH-DEL-02"", ""exception_code"": ""NONE""}]}",PROJECT44_API,2025-01-01 01:18:00,2026-08-05 02:59:59,BATCH_202501_RAW_CARRIER_TELEMETRY
TRK-48736036,SHP-00000344,"{""status"": ""DELIVERED"", ""events"": [{""epoch_time"": 1763015400, ""event"": ""PO_CONFIRMED"", ""location"": ""Supplier ERP"", ""exception_code"": ""NONE""}, {""epoch_time"": 1764135000, ""event"": ""SUPPLIER_HANDOVER"", ""location"": ""SUP-002"", ""exception_code"": ""NONE""}, {""epoch_time"": 1764214200, ""event"": ""DESTINATION_ARRIVAL"", ""location"": ""WH-BLR-04"", ""exception_code"": ""NONE""}, {""epoch_time"": 1764221400, ""event"": ""DOCK_RECEIVED"", ""location"": ""WH-BLR-04"", ""exception_code"": ""NONE""}]}",PROJECT44_API,2025-01-01 02:50:00,2026-08-05 02:59:59,BATCH_202501_RAW_CARRIER_TELEMETRY
TRK-82769878,SHP-00000345,"{""status"": ""DELIVERED"", ""events"": [{""epoch_time"": 1763537400, ""event"": ""PO_CONFIRMED"", ""location"": ""Supplier ERP"", ""exception_code"": ""NONE""}, {""epoch_time"": 1765175400, ""event"": ""SUPPLIER_HANDOVER"", ""location"": ""SUP-004"", ""exception_code"": ""NONE""}, {""epoch_time"": 1766982600, ""event"": ""DESTINATION_ARRIVAL"", ""location"": ""WH-DEL-02"", ""exception_code"": ""NONE""}, {""epoch_time"": 1766989800, ""event"": ""DOCK_RECEIVED"", ""location"": ""WH-DEL-02"", ""exception_code"": ""NONE""}]}",PROJECT44_API,2025-01-01 02:25:00,2026-08-05 02:59:59,BATCH_202501_RAW_CARRIER_TELEMETRY
TRK-55765180,SHP-00000346,"{""status"": ""DELIVERED"", ""events"": [{""epoch_time"": 1763634600, ""event"": ""PO_CONFIRMED"", ""location"": ""Supplier ERP"", ""exception_code"": ""NONE""}, {""epoch_time"": 1765013400, ""event"": ""SUPPLIER_HANDOVER"", ""location"": ""SUP-007"", ""exception_code"": ""NONE""}, {""epoch_time"": 1765092600, ""event"": ""DESTINATION_ARRIVAL"", ""location"": ""WH-BLR-04"", ""exception_code"": ""NONE""}, {""epoch_time"": 1765099800, ""event"": ""DOCK_RECEIVED"", ""location"": ""WH-BLR-04"", ""exception_code"": ""NONE""}]}",PROJECT44_API,2025-01-01 00:42:00,2026-08-05 02:59:59,BATCH_202501_RAW_CARRIER_TELEMETRY
TRK-54199740,SHP-00000347,"{""status"": ""DELIVERED"", ""events"": [{""epoch_time"": 1763721000, ""event"": ""PO_CONFIRMED"", ""location"": ""Supplier ERP"", ""exception_code"": ""NONE""}, {""epoch_time"": 1765186200, ""event"": ""SUPPLIER_HANDOVER"", ""location"": ""SUP-004"", ""exception_code"": ""NONE""}, {""epoch_time"": 1765351800, ""event"": ""DESTINATION_ARRIVAL"", ""location"": ""WH-LKO-01"", ""exception_code"": ""NONE""}, {""epoch_time"": 1765359000, ""event"": ""DOCK_RECEIVED"", ""location"": ""WH-LKO-01"", ""exception_code"": ""NONE""}]}",PROJECT44_API,2025-01-01 01:55:00,2026-08-05 02:59:59,BATCH_202501_RAW_CARRIER_TELEMETRY
trk-65736662,SHP-00000348,"{""status"": ""DELIVERED"", ""events"": [{""epoch_time"": 1764149400, ""event"": ""PO_CONFIRMED"", ""location"": ""Supplier ERP"", ""exception_code"": ""NONE""}, {""epoch_time"": 1765269000, ""event"": ""SUPPLIER_HANDOVER"", ""location"": ""SUP-006"", ""exception_code"": ""NONE""}, {""epoch_time"": 1766039400, ""event"": ""DESTINATION_ARRIVAL"", ""location"": ""WH-BLR-04"", ""exception_code"": ""NONE""}, {""epoch_time"": 1766046600, ""event"": ""DOCK_RECEIVED"", ""location"": ""WH-BLR-04"", ""exception_code"": ""NONE""}]}",PROJECT44_API,2025-01-01 02:11:00,2026-08-05 02:59:59,BATCH_202501_RAW_CARRIER_TELEMETRY
TRK-98839430,SHP-00000349,"{""status"": ""DELIVERED"", ""events"": [{""epoch_time"": 1764243000, ""event"": ""PO_CONFIRMED"", ""location"": ""Supplier ERP"", ""exception_code"": ""NONE""}, {""epoch_time"": 1765535400, ""event"": ""SUPPLIER_HANDOVER"", ""location"": ""SUP-001"", ""exception_code"": ""NONE""}, {""epoch_time"": 1765614600, ""event"": ""DESTINATION_ARRIVAL"", ""location"": ""WH-LKO-01"", ""exception_code"": ""NONE""}, {""epoch_time"": 1765621800, ""event"": ""DOCK_RECEIVED"", ""location"": ""WH-LKO-01"", ""exception_code"": ""NONE""}]}",PROJECT44_API,2025-01-01 02:46:00,2026-08-05 02:59:59,BATCH_202501_RAW_CARRIER_TELEMETRY
TRK-68437495,SHP-00000350,"{""status"": ""DELIVERED"", ""events"": [{""epoch_time"": 1764315000, ""event"": ""PO_CONFIRMED"", ""location"": ""Supplier ERP"", ""exception_code"": ""NONE""}, {""epoch_time"": 1766730600, ""event"": ""SUPPLIER_HANDOVER"", ""location"": ""SUP-004"", ""exception_code"": ""NONE""}, {""epoch_time"": 1766896200, ""event"": ""DESTINATION_ARRIVAL"", ""location"": ""WH-BLR-04"", ""exception_code"": ""NONE""}, {""epoch_time"": 1766903400, ""event"": ""DOCK_RECEIVED"", ""location"": ""WH-BLR-04"", ""exception_code"": ""NONE""}]}",PROJECT44_API,2025-01-01 02:14:00,2026-08-05 02:59:59,BATCH_202501_RAW_CARRIER_TELEMETRY
TRK-49594189,SHP-00000351,"{""status"": ""DELIVERED"", ""events"": [{""epoch_time"": 1764300600, ""event"": ""PO_CONFIRMED"", ""location"": ""Supplier ERP"", ""exception_code"": ""NONE""}, {""epoch_time"": 1766284200, ""event"": ""SUPPLIER_HANDOVER"", ""location"": ""SUP-008"", ""exception_code"": ""NONE""}, {""epoch_time"": 1766536200, ""event"": ""DESTINATION_ARRIVAL"", ""location"": ""WH-LKO-01"", ""exception_code"": ""NONE""}, {""epoch_time"": 1766543400, ""event"": ""DOCK_RECEIVED"", ""location"": ""WH-LKO-01"", ""exception_code"": ""NONE""}]}",PROJECT44_API,2025-01-01 01:35:00,2026-08-05 02:59:59,BATCH_202501_RAW_CARRIER_TELEMETRY
TRK-48053988,SHP-00000352,"{""status"": ""DELIVERED"", ""events"": [{""epoch_time"": 1764405000, ""event"": ""PO_CONFIRMED"", ""location"": ""Supplier ERP"", ""exception_code"": ""NONE""}, {""epoch_time"": 1765697400, ""event"": ""SUPPLIER_HANDOVER"", ""location"": ""SUP-006"", ""exception_code"": ""NONE""}, {""epoch_time"": 1766554200, ""event"": ""DESTINATION_ARRIVAL"", ""location"": ""WH-MUM-03"", ""exception_code"": ""NONE""}, {""epoch_time"": 1766561400, ""event"": ""DOCK_RECEIVED"", ""location"": ""WH-MUM-03"", ""exception_code"": ""NONE""}]}",PROJECT44_API,2025-01-01 01:48:00,2026-08-05 02:59:59,BATCH_202501_RAW_CARRIER_TELEMETRY
TRK-57766601,SHP-00000353,"{""status"": ""DELIVERED"", ""events"": [{""epoch_time"": 1764657000, ""event"": ""PO_CONFIRMED"", ""location"": ""Supplier ERP"", ""exception_code"": ""NONE""}, {""epoch_time"": 1765863000, ""event"": ""SUPPLIER_HANDOVER"", ""location"": ""SUP-004"", ""exception_code"": ""NONE""}, {""epoch_time"": 1766115000, ""event"": ""DESTINATION_ARRIVAL"", ""location"": ""WH-LKO-01"", ""exception_code"": ""NONE""}, {""epoch_time"": 1766122200, ""event"": ""DOCK_RECEIVED"", ""location"": ""WH-LKO-01"", ""exception_code"": ""NONE""}]}",PROJECT44_API,2025-01-01 02:12:00,2026-08-05 02:59:59,BATCH_202501_RAW_CARRIER_TELEMETRY
TRK-89416534,SHP-00000354,"{""status"": ""DELIVERED"", ""events"": [{""epoch_time"": 1764747000, ""event"": ""PO_CONFIRMED"", ""location"": ""Supplier ERP"", ""exception_code"": ""NONE""}, {""epoch_time"": 1765780200, ""event"": ""SUPPLIER_HANDOVER"", ""location"": ""SUP-008"", ""exception_code"": ""NONE""}, {""epoch_time"": 1766550600, ""event"": ""DESTINATION_ARRIVAL"", ""location"": ""WH-MUM-03"", ""exception_code"": ""NONE""}, {""epoch_time"": 1766557800, ""event"": ""DOCK_RECEIVED"", ""location"": ""WH-MUM-03"", ""exception_code"": ""NONE""}]}",PROJECT44_API,2025-01-01 00:20:00,2026-08-05 02:59:59,BATCH_202501_RAW_CARRIER_TELEMETRY
TRK-70788729,SHP-00000355,"{""status"": ""DELIVERED"", ""events"": [{""epoch_time"": 1764847800, ""event"": ""PO_CONFIRMED"", ""location"": ""Supplier ERP"", ""exception_code"": ""NONE""}, {""epoch_time"": 1765621800, ""event"": ""SUPPLIER_HANDOVER"", ""location"": ""SUP-004"", ""exception_code"": ""NONE""}, {""epoch_time"": 1766392200, ""event"": ""DESTINATION_ARRIVAL"", ""location"": ""WH-LKO-01"", ""exception_code"": ""NONE""}, {""epoch_time"": 1766399400, ""event"": ""DOCK_RECEIVED"", ""location"": ""WH-LKO-01"", ""exception_code"": ""NONE""}]}",PROJECT44_API,2025-01-01 00:10:00,2026-08-05 02:59:59,BATCH_202501_RAW_CARRIER_TELEMETRY
TRK-53214696,SHP-00000356,"{""status"": ""DELIVERED"", ""events"": [{""epoch_time"": 1765078200, ""event"": ""PO_CONFIRMED"", ""location"": ""Supplier ERP"", ""exception_code"": ""NONE""}, {""epoch_time"": 1766629800, ""event"": ""SUPPLIER_HANDOVER"", ""location"": ""SUP-005"", ""exception_code"": ""NONE""}, {""epoch_time"": 1766795400, ""event"": ""DESTINATION_ARRIVAL"", ""location"": ""WH-BLR-04"", ""exception_code"": ""NONE""}, {""epoch_time"": 1766802600, ""event"": ""DOCK_RECEIVED"", ""location"": ""WH-BLR-04"", ""exception_code"": ""NONE""}]}",PROJECT44_API,2025-01-01 02:52:00,2026-08-05 02:59:59,BATCH_202501_RAW_CARRIER_TELEMETRY
TRK-96398968,SHP-00000357,"{""status"": ""DELIVERED"", ""events"": [{""epoch_time"": 1765168200, ""event"": ""PO_CONFIRMED"", ""location"": ""Supplier ERP"", ""exception_code"": ""NONE""}, {""epoch_time"": 1766633400, ""event"": ""SUPPLIER_HANDOVER"", ""location"": ""SUP-007"", ""exception_code"": ""NONE""}, {""epoch_time"": 1766712600, ""event"": ""DESTINATION_ARRIVAL"", ""location"": ""WH-BLR-04"", ""exception_code"": ""NONE""}, {""epoch_time"": 1766719800, ""event"": ""DOCK_RECEIVED"", ""location"": ""WH-BLR-04"", ""exception_code"": ""NONE""}]}",PROJECT44_API,2025-01-01 01:03:00,2026-08-05 02:59:59,BATCH_202501_RAW_CARRIER_TELEMETRY
TRK-45872947,SHP-00000358,"{""status"": ""DELIVERED"", ""events"": [{""epoch_time"": 1765423800, ""event"": ""PO_CONFIRMED"", ""location"": ""Supplier ERP"", ""exception_code"": ""NONE""}, {""epoch_time"": 1766629800, ""event"": ""SUPPLIER_HANDOVER"", ""location"": ""SUP-006"", ""exception_code"": ""NONE""}, {""epoch_time"": 1767400200, ""event"": ""DESTINATION_ARRIVAL"", ""location"": ""WH-LKO-01"", ""exception_code"": ""NONE""}, {""epoch_time"": 1767407400, ""event"": ""DOCK_RECEIVED"", ""location"": ""WH-LKO-01"", ""exception_code"": ""NONE""}]}",PROJECT44_API,2025-01-01 00:17:00,2026-08-05 02:59:59,BATCH_202501_RAW_CARRIER_TELEMETRY
TRK-70697600,SHP-00000359,"{""status"": ""DELIVERED"", ""events"": [{""epoch_time"": 1765445400, ""event"": ""PO_CONFIRMED"", ""location"": ""Supplier ERP"", ""exception_code"": ""NONE""}, {""epoch_time"": 1766824200, ""event"": ""SUPPLIER_HANDOVER"", ""location"": ""SUP-004"", ""exception_code"": ""NONE""}, {""epoch_time"": 1766989800, ""event"": ""DESTINATION_ARRIVAL"", ""location"": ""WH-LKO-01"", ""exception_code"": ""NONE""}, {""epoch_time"": 1766997000, ""event"": ""DOCK_RECEIVED"", ""location"": ""WH-LKO-01"", ""exception_code"": ""NONE""}]}",PROJECT44_API,2025-01-01 02:25:00,2026-08-05 02:59:59,BATCH_202501_RAW_CARRIER_TELEMETRY
TRK-47997099,SHP-00000360,"{""status"": ""DELIVERED"", ""events"": [{""epoch_time"": 1766043000, ""event"": ""PO_CONFIRMED"", ""location"": ""Supplier ERP"", ""exception_code"": ""NONE""}, {""epoch_time"": 1766989800, ""event"": ""SUPPLIER_HANDOVER"", ""location"": ""SUP-003"", ""exception_code"": ""NONE""}, {""epoch_time"": 1768278600, ""event"": ""DESTINATION_ARRIVAL"", ""location"": ""WH-LKO-01"", ""exception_code"": ""NONE""}, {""epoch_time"": 1768285800, ""event"": ""DOCK_RECEIVED"", ""location"": ""WH-LKO-01"", ""exception_code"": ""NONE""}]}",PROJECT44_API,2025-01-01 00:07:00,2026-08-05 02:59:59,BATCH_202501_RAW_CARRIER_TELEMETRY
TRK-57363922,SHP-00000361,"{""status"": ""DELIVERED"", ""events"": [{""epoch_time"": 1766230200, ""event"": ""PO_CONFIRMED"", ""location"": ""Supplier ERP"", ""exception_code"": ""NONE""}, {""epoch_time"": 1767177000, ""event"": ""SUPPLIER_HANDOVER"", ""location"": ""SUP-004"", ""exception_code"": ""NONE""}, {""epoch_time"": 1768725000, ""event"": ""DESTINATION_ARRIVAL"", ""location"": ""WH-LKO-01"", ""exception_code"": ""NONE""}, {""epoch_time"": 1768732200, ""event"": ""DOCK_RECEIVED"", ""location"": ""WH-LKO-01"", ""exception_code"": ""NONE""}]}",PROJECT44_API,2025-01-01 01:47:00,2026-08-05 02:59:59,BATCH_202501_RAW_CARRIER_TELEMETRY
TRK-67357531,SHP-00000362,"{""status"": ""DELIVERED"", ""events"": [{""epoch_time"": 1766478600, ""event"": ""PO_CONFIRMED"", ""location"": ""Supplier ERP"", ""exception_code"": ""NONE""}, {""epoch_time"": 1767943800, ""event"": ""SUPPLIER_HANDOVER"", ""location"": ""SUP-004"", ""exception_code"": ""NONE""}, {""epoch_time"": 1769232600, ""event"": ""DESTINATION_ARRIVAL"", ""location"": ""WH-LKO-01"", ""exception_code"": ""NONE""}, {""epoch_time"": 1769239800, ""event"": ""DOCK_RECEIVED"", ""location"": ""WH-LKO-01"", ""exception_code"": ""NONE""}]}",PROJECT44_API,2025-01-01 01:07:00,2026-08-05 02:59:59,BATCH_202501_RAW_CARRIER_TELEMETRY
TRK-49272691,SHP-00000363,"{""status"": ""DELIVERED"", ""events"": [{""epoch_time"": 1766561400, ""event"": ""PO_CONFIRMED"", ""location"": ""Supplier ERP"", ""exception_code"": ""NONE""}, {""epoch_time"": 1768026600, ""event"": ""SUPPLIER_HANDOVER"", ""location"": ""SUP-006"", ""exception_code"": ""NONE""}, {""epoch_time"": 1768537800, ""event"": ""DESTINATION_ARRIVAL"", ""location"": ""WH-DEL-02"", ""exception_code"": ""NONE""}, {""epoch_time"": 1768545000, ""event"": ""DOCK_RECEIVED"", ""location"": ""WH-DEL-02"", ""exception_code"": ""NONE""}]}",PROJECT44_API,2025-01-01 00:46:00,2026-08-05 02:59:59,BATCH_202501_RAW_CARRIER_TELEMETRY
TRK-15412018,SHP-00000364,"{""status"": ""DELIVERED"", ""events"": [{""epoch_time"": 1766662200, ""event"": ""PO_CONFIRMED"", ""location"": ""Supplier ERP"", ""exception_code"": ""NONE""}, {""epoch_time"": 1767781800, ""event"": ""SUPPLIER_HANDOVER"", ""location"": ""SUP-008"", ""exception_code"": ""NONE""}, {""epoch_time"": 1768120200, ""event"": ""DESTINATION_ARRIVAL"", ""location"": ""WH-MUM-03"", ""exception_code"": ""NONE""}, {""epoch_time"": 1768127400, ""event"": ""DOCK_RECEIVED"", ""location"": ""WH-MUM-03"", ""exception_code"": ""NONE""}]}",PROJECT44_API,2025-01-01 02:13:00,2026-08-05 02:59:59,BATCH_202501_RAW_CARRIER_TELEMETRY
TRK-13067502,SHP-00000365,"{""status"": ""DELIVERED"", ""events"": [{""epoch_time"": 1766903400, ""event"": ""PO_CONFIRMED"", ""location"": ""Supplier ERP"", ""exception_code"": ""NONE""}, {""epoch_time"": 1768627800, ""event"": ""SUPPLIER_HANDOVER"", ""location"": ""SUP-002"", ""exception_code"": ""NONE""}, {""epoch_time"": 1768793400, ""event"": ""DESTINATION_ARRIVAL"", ""location"": ""WH-LKO-01"", ""exception_code"": ""NONE""}, {""epoch_time"": 1768800600, ""event"": ""DOCK_RECEIVED"", ""location"": ""WH-LKO-01"", ""exception_code"": ""NONE""}]}",PROJECT44_API,2025-01-01 02:25:00,2026-08-05 02:59:59,BATCH_202501_RAW_CARRIER_TELEMETRY
TRK-79876902,SHP-00000366,"{""status"": ""DELIVERED"", ""events"": [{""epoch_time"": 1766903400, ""event"": ""PO_CONFIRMED"", ""location"": ""Supplier ERP"", ""exception_code"": ""NONE""}, {""epoch_time"": 1767763800, ""event"": ""SUPPLIER_HANDOVER"", ""location"": ""SUP-006"", ""exception_code"": ""NONE""}, {""epoch_time"": 1767929400, ""event"": ""DESTINATION_ARRIVAL"", ""location"": ""WH-DEL-02"", ""exception_code"": ""NONE""}, {""epoch_time"": 1767936600, ""event"": ""DOCK_RECEIVED"", ""location"": ""WH-DEL-02"", ""exception_code"": ""NONE""}]}",PROJECT44_API,2025-01-01 00:58:00,2026-08-05 02:59:59,BATCH_202501_RAW_CARRIER_TELEMETRY
TRK-85092073,SHP-00000367,"{""status"": ""DELIVERED"", ""events"": [{""epoch_time"": 1766921400, ""event"": ""PO_CONFIRMED"", ""location"": ""Supplier ERP"", ""exception_code"": ""NONE""}, {""epoch_time"": 1768386600, ""event"": ""SUPPLIER_HANDOVER"", ""location"": ""SUP-005"", ""exception_code"": ""NONE""}, {""epoch_time"": 1768552200, ""event"": ""DESTINATION_ARRIVAL"", ""location"": ""WH-BLR-04"", ""exception_code"": ""NONE""}, {""epoch_time"": 1768559400, ""event"": ""DOCK_RECEIVED"", ""location"": ""WH-BLR-04"", ""exception_code"": ""NONE""}]}",PROJECT44_API,2025-01-01 02:55:00,2026-08-05 02:59:59,BATCH_202501_RAW_CARRIER_TELEMETRY
TRK-65918415,SHP-00000368,"{""status"": ""DELIVERED"", ""events"": [{""epoch_time"": 1767000600, ""event"": ""PO_CONFIRMED"", ""location"": ""Supplier ERP"", ""exception_code"": ""NONE""}, {""epoch_time"": 1768552200, ""event"": ""SUPPLIER_HANDOVER"", ""location"": ""SUP-004"", ""exception_code"": ""NONE""}, {""epoch_time"": 1768638600, ""event"": ""CUSTOMS_HOLD"", ""location"": ""Transshipment Hub"", ""exception_code"": ""CUSTOMS_HOLD""}, {""epoch_time"": 1768725000, ""event"": ""CUSTOMS_CLEARED"", ""location"": ""Transshipment Hub"", ""exception_code"": ""NONE""}, {""epoch_time"": 1768977000, ""event"": ""DESTINATION_ARRIVAL"", ""location"": ""WH-BLR-04"", ""exception_code"": ""NONE""}, {""epoch_time"": 1768984200, ""event"": ""DOCK_RECEIVED"", ""location"": ""WH-BLR-04"", ""exception_code"": ""NONE""}]}",PROJECT44_API,2025-01-01 01:52:00,2026-08-05 02:59:59,BATCH_202501_RAW_CARRIER_TELEMETRY
TRK-28938522,SHP-00000369,"{""status"": ""DELIVERED"", ""events"": [{""epoch_time"": 1767522600, ""event"": ""PO_CONFIRMED"", ""location"": ""Supplier ERP"", ""exception_code"": ""NONE""}, {""epoch_time"": 1768901400, ""event"": ""SUPPLIER_HANDOVER"", ""location"": ""SUP-006"", ""exception_code"": ""NONE""}, {""epoch_time"": 1769671800, ""event"": ""DESTINATION_ARRIVAL"", ""location"": ""WH-LKO-01"", ""exception_code"": ""NONE""}, {""epoch_time"": 1769679000, ""event"": ""DOCK_RECEIVED"", ""location"": ""WH-LKO-01"", ""exception_code"": ""NONE""}]}",PROJECT44_API,2025-01-01 02:56:00,2026-08-05 02:59:59,BATCH_202501_RAW_CARRIER_TELEMETRY
TRK-52443146,SHP-00000370,"{""status"": ""DELIVERED"", ""events"": [{""epoch_time"": 1767864600, ""event"": ""PO_CONFIRMED"", ""location"": ""Supplier ERP"", ""exception_code"": ""NONE""}, {""epoch_time"": 1769157000, ""event"": ""SUPPLIER_HANDOVER"", ""location"": ""SUP-004"", ""exception_code"": ""NONE""}, {""epoch_time"": 1769841000, ""event"": ""DESTINATION_ARRIVAL"", ""location"": ""WH-MUM-03"", ""exception_code"": ""NONE""}, {""epoch_time"": 1769848200, ""event"": ""DOCK_RECEIVED"", ""location"": ""WH-MUM-03"", ""exception_code"": ""NONE""}]}",PROJECT44_API,2025-01-01 01:35:00,2026-08-05 02:59:59,BATCH_202501_RAW_CARRIER_TELEMETRY
TRK-99970576,SHP-00000371,"{""status"": ""DELIVERED"", ""events"": [{""epoch_time"": 1768023000, ""event"": ""PO_CONFIRMED"", ""location"": ""Supplier ERP"", ""exception_code"": ""NONE""}, {""epoch_time"": 1769056200, ""event"": ""SUPPLIER_HANDOVER"", ""location"": ""SUP-006"", ""exception_code"": ""NONE""}, {""epoch_time"": 1769135400, ""event"": ""DESTINATION_ARRIVAL"", ""location"": ""WH-DEL-02"", ""exception_code"": ""NONE""}, {""epoch_time"": 1769142600, ""event"": ""DOCK_RECEIVED"", ""location"": ""WH-DEL-02"", ""exception_code"": ""NONE""}]}",PROJECT44_API,2025-01-01 01:45:00,2026-08-05 02:59:59,BATCH_202501_RAW_CARRIER_TELEMETRY
TRK-12264475,SHP-00000372,"{""status"": ""DELIVERED"", ""events"": [{""epoch_time"": 1768127400, ""event"": ""PO_CONFIRMED"", ""location"": ""Supplier ERP"", ""exception_code"": ""NONE""}, {""epoch_time"": 1769592600, ""event"": ""SUPPLIER_HANDOVER"", ""location"": ""SUP-007"", ""exception_code"": ""NONE""}, {""epoch_time"": 1770363000, ""event"": ""DESTINATION_ARRIVAL"", ""location"": ""WH-LKO-01"", ""exception_code"": ""NONE""}, {""epoch_time"": 1770370200, ""event"": ""DOCK_RECEIVED"", ""location"": ""WH-LKO-01"", ""exception_code"": ""NONE""}]}",PROJECT44_API,2025-01-01 02:52:00,2026-08-05 02:59:59,BATCH_202501_RAW_CARRIER_TELEMETRY
TRK-15342972,SHP-00000373,"{""status"": ""DELIVERED"", ""events"": [{""epoch_time"": 1768386600, ""event"": ""PO_CONFIRMED"", ""location"": ""Supplier ERP"", ""exception_code"": ""NONE""}, {""epoch_time"": 1769506200, ""event"": ""SUPPLIER_HANDOVER"", ""location"": ""SUP-003"", ""exception_code"": ""NONE""}, {""epoch_time"": 1769931000, ""event"": ""DESTINATION_ARRIVAL"", ""location"": ""WH-LKO-01"", ""exception_code"": ""NONE""}, {""epoch_time"": 1769938200, ""event"": ""DOCK_RECEIVED"", ""location"": ""WH-LKO-01"", ""exception_code"": ""NONE""}]}",PROJECT44_API,2025-01-01 00:10:00,2026-08-05 02:59:59,BATCH_202501_RAW_CARRIER_TELEMETRY
TRK-40139078,SHP-00000374,"{""status"": ""DELIVERED"", ""events"": [{""epoch_time"": 1768455000, ""event"": ""PO_CONFIRMED"", ""location"": ""Supplier ERP"", ""exception_code"": ""NONE""}, {""epoch_time"": 1769488200, ""event"": ""SUPPLIER_HANDOVER"", ""location"": ""SUP-003"", ""exception_code"": ""NONE""}, {""epoch_time"": 1770345000, ""event"": ""DESTINATION_ARRIVAL"", ""location"": ""WH-BLR-04"", ""exception_code"": ""NONE""}, {""epoch_time"": 1770352200, ""event"": ""DOCK_RECEIVED"", ""location"": ""WH-BLR-04"", ""exception_code"": ""NONE""}]}",PROJECT44_API,2025-01-01 02:32:00,2026-08-05 02:59:59,BATCH_202501_RAW_CARRIER_TELEMETRY
TRK-40177498,SHP-00000375,"{""status"": ""DELIVERED"", ""events"": [{""epoch_time"": 1768476600, ""event"": ""PO_CONFIRMED"", ""location"": ""Supplier ERP"", ""exception_code"": ""NONE""}, {""epoch_time"": 1769250600, ""event"": ""SUPPLIER_HANDOVER"", ""location"": ""SUP-007"", ""exception_code"": ""NONE""}, {""epoch_time"": 1769589000, ""event"": ""DESTINATION_ARRIVAL"", ""location"": ""WH-DEL-02"", ""exception_code"": ""NONE""}, {""epoch_time"": 1769596200, ""event"": ""DOCK_RECEIVED"", ""location"": ""WH-DEL-02"", ""exception_code"": ""NONE""}]}",PROJECT44_API,2025-01-01 00:01:00,2026-08-05 02:59:59,BATCH_202501_RAW_CARRIER_TELEMETRY
TRK-81643859,SHP-00000376,"{""status"": ""DELIVERED"", ""events"": [{""epoch_time"": 1768800600, ""event"": ""PO_CONFIRMED"", ""location"": ""Supplier ERP"", ""exception_code"": ""NONE""}, {""epoch_time"": 1770179400, ""event"": ""SUPPLIER_HANDOVER"", ""location"": ""SUP-004"", ""exception_code"": ""NONE""}, {""epoch_time"": 1770258600, ""event"": ""DESTINATION_ARRIVAL"", ""location"": ""WH-MUM-03"", ""exception_code"": ""NONE""}, {""epoch_time"": 1770265800, ""event"": ""DOCK_RECEIVED"", ""location"": ""WH-MUM-03"", ""exception_code"": ""NONE""}]}",PROJECT44_API,2025-01-01 00:29:00,2026-08-05 02:59:59,BATCH_202501_RAW_CARRIER_TELEMETRY
TRK-37053799,SHP-00000377,"{""status"": ""DELIVERED"", ""events"": [{""epoch_time"": 1768987800, ""event"": ""PO_CONFIRMED"", ""location"": ""Supplier ERP"", ""exception_code"": ""NONE""}, {""epoch_time"": 1770366600, ""event"": ""SUPPLIER_HANDOVER"", ""location"": ""SUP-001"", ""exception_code"": ""NONE""}, {""epoch_time"": 1770532200, ""event"": ""DESTINATION_ARRIVAL"", ""location"": ""WH-MUM-03"", ""exception_code"": ""NONE""}, {""epoch_time"": 1770539400, ""event"": ""DOCK_RECEIVED"", ""location"": ""WH-MUM-03"", ""exception_code"": ""NONE""}]}",PROJECT44_API,2025-01-01 02:09:00,2026-08-05 02:59:59,BATCH_202501_RAW_CARRIER_TELEMETRY
TRK-93723394,SHP-00000378,"{""status"": ""DELIVERED"", ""events"": [{""epoch_time"": 1769225400, ""event"": ""PO_CONFIRMED"", ""location"": ""Supplier ERP"", ""exception_code"": ""NONE""}, {""epoch_time"": 1770345000, ""event"": ""SUPPLIER_HANDOVER"", ""location"": ""SUP-006"", ""exception_code"": ""NONE""}, {""epoch_time"": 1770769800, ""event"": ""DESTINATION_ARRIVAL"", ""location"": ""WH-DEL-02"", ""exception_code"": ""NONE""}, {""epoch_time"": 1770777000, ""event"": ""DOCK_RECEIVED"", ""location"": ""WH-DEL-02"", ""exception_code"": ""NONE""}]}",PROJECT44_API,2025-01-01 01:17:00,2026-08-05 02:59:59,BATCH_202501_RAW_CARRIER_TELEMETRY
TRK-28596102,SHP-00000379,"{""status"": ""DELIVERED"", ""events"": [{""epoch_time"": 1769247000, ""event"": ""PO_CONFIRMED"", ""location"": ""Supplier ERP"", ""exception_code"": ""NONE""}, {""epoch_time"": 1771057800, ""event"": ""SUPPLIER_HANDOVER"", ""location"": ""SUP-004"", ""exception_code"": ""NONE""}, {""epoch_time"": 1771137000, ""event"": ""DESTINATION_ARRIVAL"", ""location"": ""WH-MUM-03"", ""exception_code"": ""NONE""}, {""epoch_time"": 1771144200, ""event"": ""DOCK_RECEIVED"", ""location"": ""WH-MUM-03"", ""exception_code"": ""NONE""}]}",PROJECT44_API,2025-01-01 00:55:00,2026-08-05 02:59:59,BATCH_202501_RAW_CARRIER_TELEMETRY
TRK-72478438,SHP-00000380,"{""status"": ""DELIVERED"", ""events"": [{""epoch_time"": 1769405400, ""event"": ""PO_CONFIRMED"", ""location"": ""Supplier ERP"", ""exception_code"": ""NONE""}, {""epoch_time"": 1770438600, ""event"": ""SUPPLIER_HANDOVER"", ""location"": ""SUP-003"", ""exception_code"": ""NONE""}, {""epoch_time"": 1770517800, ""event"": ""DESTINATION_ARRIVAL"", ""location"": ""WH-LKO-01"", ""exception_code"": ""NONE""}, {""epoch_time"": 1770525000, ""event"": ""DOCK_RECEIVED"", ""location"": ""WH-LKO-01"", ""exception_code"": ""NONE""}]}",PROJECT44_API,2025-01-01 02:03:00,2026-08-05 02:59:59,BATCH_202501_RAW_CARRIER_TELEMETRY
TRK-88120670,SHP-00000381,"{""status"": ""DELIVERED"", ""events"": [{""epoch_time"": 1769571000, ""event"": ""PO_CONFIRMED"", ""location"": ""Supplier ERP"", ""exception_code"": ""NONE""}, {""epoch_time"": 1770949800, ""event"": ""SUPPLIER_HANDOVER"", ""location"": ""SUP-007"", ""exception_code"": ""NONE""}, {""epoch_time"": 1771115400, ""event"": ""DESTINATION_ARRIVAL"", ""location"": ""WH-MUM-03"", ""exception_code"": ""NONE""}, {""epoch_time"": 1771122600, ""event"": ""DOCK_RECEIVED"", ""location"": ""WH-MUM-03"", ""exception_code"": ""NONE""}]}",PROJECT44_API,2025-01-26 01:34:00,2026-08-05 02:59:59,BATCH_202501_RAW_CARRIER_TELEMETRY
TRK-26196302,SHP-00000382,"{""status"": ""DELIVERED"", ""events"": [{""epoch_time"": 1770363000, ""event"": ""PO_CONFIRMED"", ""location"": ""Supplier ERP"", ""exception_code"": ""NONE""}, {""epoch_time"": 1771741800, ""event"": ""SUPPLIER_HANDOVER"", ""location"": ""SUP-004"", ""exception_code"": ""NONE""}, {""epoch_time"": 1771907400, ""event"": ""DESTINATION_ARRIVAL"", ""location"": ""WH-MUM-03"", ""exception_code"": ""NONE""}, {""epoch_time"": 1771914600, ""event"": ""DOCK_RECEIVED"", ""location"": ""WH-MUM-03"", ""exception_code"": ""NONE""}]}",PROJECT44_API,2025-01-01 02:15:00,2026-08-05 02:59:59,BATCH_202501_RAW_CARRIER_TELEMETRY
TRK-77113906,SHP-00000383,"{""status"": ""DELIVERED"", ""events"": [{""epoch_time"": 1770442200, ""event"": ""PO_CONFIRMED"", ""location"": ""Supplier ERP"", ""exception_code"": ""NONE""}, {""epoch_time"": 1771475400, ""event"": ""SUPPLIER_HANDOVER"", ""location"": ""SUP-003"", ""exception_code"": ""NONE""}, {""epoch_time"": 1771986600, ""event"": ""DESTINATION_ARRIVAL"", ""location"": ""WH-BLR-04"", ""exception_code"": ""NONE""}, {""epoch_time"": 1771993800, ""event"": ""DOCK_RECEIVED"", ""location"": ""WH-BLR-04"", ""exception_code"": ""NONE""}]}",PROJECT44_API,2025-01-01 02:07:00,2026-08-05 02:59:59,BATCH_202501_RAW_CARRIER_TELEMETRY
TRK-68514479,SHP-00000384,"{""status"": ""DELIVERED"", ""events"": [{""epoch_time"": 1770442200, ""event"": ""PO_CONFIRMED"", ""location"": ""Supplier ERP"", ""exception_code"": ""NONE""}, {""epoch_time"": 1772166600, ""event"": ""SUPPLIER_HANDOVER"", ""location"": ""SUP-007"", ""exception_code"": ""NONE""}, {""epoch_time"": 1772418600, ""event"": ""DESTINATION_ARRIVAL"", ""location"": ""WH-LKO-01"", ""exception_code"": ""NONE""}, {""epoch_time"": 1772425800, ""event"": ""DOCK_RECEIVED"", ""location"": ""WH-LKO-01"", ""exception_code"": ""NONE""}]}",PROJECT44_API,2025-01-01 00:38:00,2026-08-05 02:59:59,BATCH_202501_RAW_CARRIER_TELEMETRY
TRK-98832794,SHP-00000385,"{""status"": ""DELIVERED"", ""events"": [{""epoch_time"": 1770463800, ""event"": ""PO_CONFIRMED"", ""location"": ""Supplier ERP"", ""exception_code"": ""NONE""}, {""epoch_time"": 1771497000, ""event"": ""SUPPLIER_HANDOVER"", ""location"": ""SUP-004"", ""exception_code"": ""NONE""}, {""epoch_time"": 1772699400, ""event"": ""DESTINATION_ARRIVAL"", ""location"": ""WH-DEL-02"", ""exception_code"": ""NONE""}, {""epoch_time"": 1772706600, ""event"": ""DOCK_RECEIVED"", ""location"": ""WH-DEL-02"", ""exception_code"": ""NONE""}]}",PROJECT44_API,2025-01-01 02:00:00,2026-08-05 02:59:59,BATCH_202501_RAW_CARRIER_TELEMETRY
TRK-41451766,SHP-00000386,"{""status"": ""DELIVERED"", ""events"": [{""epoch_time"": 1770611400, ""event"": ""PO_CONFIRMED"", ""location"": ""Supplier ERP"", ""exception_code"": ""NONE""}, {""epoch_time"": 1772163000, ""event"": ""SUPPLIER_HANDOVER"", ""location"": ""SUP-001"", ""exception_code"": ""NONE""}, {""epoch_time"": 1772328600, ""event"": ""DESTINATION_ARRIVAL"", ""location"": ""WH-MUM-03"", ""exception_code"": ""NONE""}, {""epoch_time"": 1772335800, ""event"": ""DOCK_RECEIVED"", ""location"": ""WH-MUM-03"", ""exception_code"": ""NONE""}]}",PROJECT44_API,2025-01-01 00:59:00,2026-08-05 02:59:59,BATCH_202501_RAW_CARRIER_TELEMETRY
TRK-49087945,SHP-00000387,"{""status"": ""DELIVERED"", ""events"": [{""epoch_time"": 1770625800, ""event"": ""PO_CONFIRMED"", ""location"": ""Supplier ERP"", ""exception_code"": ""NONE""}, {""epoch_time"": 1771572600, ""event"": ""SUPPLIER_HANDOVER"", ""location"": ""SUP-003"", ""exception_code"": ""NONE""}, {""epoch_time"": 1771911000, ""event"": ""DESTINATION_ARRIVAL"", ""location"": ""WH-LKO-01"", ""exception_code"": ""NONE""}, {""epoch_time"": 1771918200, ""event"": ""DOCK_RECEIVED"", ""location"": ""WH-LKO-01"", ""exception_code"": ""NONE""}]}",PROJECT44_API,2025-01-01 00:15:00,2026-08-05 02:59:59,BATCH_202501_RAW_CARRIER_TELEMETRY
TRK-11203118,SHP-00000388,"{""status"": ""DELIVERED"", ""events"": [{""epoch_time"": 1770895800, ""event"": ""PO_CONFIRMED"", ""location"": ""Supplier ERP"", ""exception_code"": ""NONE""}, {""epoch_time"": 1772188200, ""event"": ""SUPPLIER_HANDOVER"", ""location"": ""SUP-001"", ""exception_code"": ""NONE""}, {""epoch_time"": 1772353800, ""event"": ""DESTINATION_ARRIVAL"", ""location"": ""WH-LKO-01"", ""exception_code"": ""NONE""}, {""epoch_time"": 1772361000, ""event"": ""DOCK_RECEIVED"", ""location"": ""WH-LKO-01"", ""exception_code"": ""NONE""}]}",PROJECT44_API,2025-01-01 02:00:00,2026-08-05 02:59:59,BATCH_202501_RAW_CARRIER_TELEMETRY
TRK-65029433,SHP-00000389,"{""status"": ""DELIVERED"", ""events"": [{""epoch_time"": 1770881400, ""event"": ""PO_CONFIRMED"", ""location"": ""Supplier ERP"", ""exception_code"": ""NONE""}, {""epoch_time"": 1771741800, ""event"": ""SUPPLIER_HANDOVER"", ""location"": ""SUP-006"", ""exception_code"": ""NONE""}, {""epoch_time"": 1772080200, ""event"": ""DESTINATION_ARRIVAL"", ""location"": ""WH-DEL-02"", ""exception_code"": ""NONE""}, {""epoch_time"": 1772087400, ""event"": ""DOCK_RECEIVED"", ""location"": ""WH-DEL-02"", ""exception_code"": ""NONE""}]}",PROJECT44_API,2025-01-01 01:22:00,2026-08-05 02:59:59,BATCH_202501_RAW_CARRIER_TELEMETRY
TRK-33460328,SHP-00000390,"{""status"": ""DELIVERED"", ""events"": [{""epoch_time"": 1770867000, ""event"": ""PO_CONFIRMED"", ""location"": ""Supplier ERP"", ""exception_code"": ""NONE""}, {""epoch_time"": 1771727400, ""event"": ""SUPPLIER_HANDOVER"", ""location"": ""SUP-002"", ""exception_code"": ""NONE""}, {""epoch_time"": 1771806600, ""event"": ""DESTINATION_ARRIVAL"", ""location"": ""WH-LKO-01"", ""exception_code"": ""NONE""}, {""epoch_time"": 1771813800, ""event"": ""DOCK_RECEIVED"", ""location"": ""WH-LKO-01"", ""exception_code"": ""NONE""}]}",PROJECT44_API,2025-01-01 01:30:00,2026-08-05 02:59:59,BATCH_202501_RAW_CARRIER_TELEMETRY
TRK-59245831,SHP-00000391,"{""status"": ""DELIVERED"", ""events"": [{""epoch_time"": 1770953400, ""event"": ""PO_CONFIRMED"", ""location"": ""Supplier ERP"", ""exception_code"": ""NONE""}, {""epoch_time"": 1771986600, ""event"": ""SUPPLIER_HANDOVER"", ""location"": ""SUP-001"", ""exception_code"": ""NONE""}, {""epoch_time"": 1772073000, ""event"": ""CUSTOMS_HOLD"", ""location"": ""Transshipment Hub"", ""exception_code"": ""CUSTOMS_HOLD""}, {""epoch_time"": 1772332200, ""event"": ""CUSTOMS_CLEARED"", ""location"": ""Transshipment Hub"", ""exception_code"": ""NONE""}, {""epoch_time"": 1772497800, ""event"": ""DESTINATION_ARRIVAL"", ""location"": ""WH-BLR-04"", ""exception_code"": ""NONE""}, {""epoch_time"": 1772505000, ""event"": ""DOCK_RECEIVED"", ""location"": ""WH-BLR-04"", ""exception_code"": ""NONE""}]}",PROJECT44_API,2025-01-01 02:39:00,2026-08-05 02:59:59,BATCH_202501_RAW_CARRIER_TELEMETRY
TRK-19101321,SHP-00000392,"{""status"": ""DELIVERED"", ""events"": [{""epoch_time"": 1771043400, ""event"": ""PO_CONFIRMED"", ""location"": ""Supplier ERP"", ""exception_code"": ""NONE""}, {""epoch_time"": 1771990200, ""event"": ""SUPPLIER_HANDOVER"", ""location"": ""SUP-003"", ""exception_code"": ""NONE""}, {""epoch_time"": 1772933400, ""event"": ""DESTINATION_ARRIVAL"", ""location"": ""WH-LKO-01"", ""exception_code"": ""NONE""}, {""epoch_time"": 1772940600, ""event"": ""DOCK_RECEIVED"", ""location"": ""WH-LKO-01"", ""exception_code"": ""NONE""}]}",PROJECT44_API,2025-01-01 02:09:00,2026-08-05 02:59:59,BATCH_202501_RAW_CARRIER_TELEMETRY
TRK-48529549,SHP-00000393,"{""status"": ""DELIVERED"", ""events"": [{""epoch_time"": 1771147800, ""event"": ""PO_CONFIRMED"", ""location"": ""Supplier ERP"", ""exception_code"": ""NONE""}, {""epoch_time"": 1772008200, ""event"": ""SUPPLIER_HANDOVER"", ""location"": ""SUP-001"", ""exception_code"": ""NONE""}, {""epoch_time"": 1772260200, ""event"": ""DESTINATION_ARRIVAL"", ""location"": ""WH-MUM-03"", ""exception_code"": ""NONE""}, {""epoch_time"": 1772267400, ""event"": ""DOCK_RECEIVED"", ""location"": ""WH-MUM-03"", ""exception_code"": ""NONE""}]}",PROJECT44_API,2025-01-01 02:24:00,2026-08-05 02:59:59,BATCH_202501_RAW_CARRIER_TELEMETRY
TRK-31111453,SHP-00000394,"{""status"": ""DELIVERED"", ""events"": [{""epoch_time"": 1771241400, ""event"": ""PO_CONFIRMED"", ""location"": ""Supplier ERP"", ""exception_code"": ""NONE""}, {""epoch_time"": 1772706600, ""event"": ""SUPPLIER_HANDOVER"", ""location"": ""SUP-003"", ""exception_code"": ""NONE""}, {""epoch_time"": 1772785800, ""event"": ""DESTINATION_ARRIVAL"", ""location"": ""WH-MUM-03"", ""exception_code"": ""NONE""}, {""epoch_time"": 1772793000, ""event"": ""DOCK_RECEIVED"", ""location"": ""WH-MUM-03"", ""exception_code"": ""NONE""}]}",PROJECT44_API,2025-01-01 00:15:00,2026-08-05 02:59:59,BATCH_202501_RAW_CARRIER_TELEMETRY
TRK-98184148,SHP-00000395,"{""status"": ""DELIVERED"", ""events"": [{""epoch_time"": 1771234200, ""event"": ""PO_CONFIRMED"", ""location"": ""Supplier ERP"", ""exception_code"": ""NONE""}, {""epoch_time"": 1772958600, ""event"": ""SUPPLIER_HANDOVER"", ""location"": ""SUP-002"", ""exception_code"": ""NONE""}, {""epoch_time"": 1773037800, ""event"": ""DESTINATION_ARRIVAL"", ""location"": ""WH-MUM-03"", ""exception_code"": ""NONE""}, {""epoch_time"": 1773045000, ""event"": ""DOCK_RECEIVED"", ""location"": ""WH-MUM-03"", ""exception_code"": ""NONE""}]}",PROJECT44_API,2025-01-01 00:41:00,2026-08-05 02:59:59,BATCH_202501_RAW_CARRIER_TELEMETRY
TRK-75952272,SHP-00000396,"{""status"": ""DELIVERED"", ""events"": [{""epoch_time"": 1771237800, ""event"": ""PO_CONFIRMED"", ""location"": ""Supplier ERP"", ""exception_code"": ""NONE""}, {""epoch_time"": 1774171800, ""event"": ""SUPPLIER_HANDOVER"", ""location"": ""SUP-004"", ""exception_code"": ""NONE""}, {""epoch_time"": 1775547000, ""event"": ""DESTINATION_ARRIVAL"", ""location"": ""WH-MUM-03"", ""exception_code"": ""NONE""}, {""epoch_time"": 1775554200, ""event"": ""DOCK_RECEIVED"", ""location"": ""WH-MUM-03"", ""exception_code"": ""NONE""}]}",PROJECT44_API,2025-01-01 00:35:00,2026-08-05 02:59:59,BATCH_202501_RAW_CARRIER_TELEMETRY
TRK-94273701,SHP-00000397,"{""status"": ""DELIVERED"", ""events"": [{""epoch_time"": 1771410600, ""event"": ""PO_CONFIRMED"", ""location"": ""Supplier ERP"", ""exception_code"": ""NONE""}, {""epoch_time"": 1773307800, ""event"": ""SUPPLIER_HANDOVER"", ""location"": ""SUP-004"", ""exception_code"": ""NONE""}, {""epoch_time"": 1773905400, ""event"": ""DESTINATION_ARRIVAL"", ""location"": ""WH-DEL-02"", ""exception_code"": ""NONE""}, {""epoch_time"": 1773912600, ""event"": ""DOCK_RECEIVED"", ""location"": ""WH-DEL-02"", ""exception_code"": ""NONE""}]}",PROJECT44_API,2025-01-01 00:13:00,2026-08-05 02:59:59,BATCH_202501_RAW_CARRIER_TELEMETRY
TRK-28594293,SHP-00000398,"{""status"": ""DELIVERED"", ""events"": [{""epoch_time"": 1771993800, ""event"": ""PO_CONFIRMED"", ""location"": ""Supplier ERP"", ""exception_code"": ""NONE""}, {""epoch_time"": 1772940600, ""event"": ""SUPPLIER_HANDOVER"", ""location"": ""SUP-003"", ""exception_code"": ""NONE""}, {""epoch_time"": 1773019800, ""event"": ""DESTINATION_ARRIVAL"", ""location"": ""WH-BLR-04"", ""exception_code"": ""NONE""}, {""epoch_time"": 1773027000, ""event"": ""DOCK_RECEIVED"", ""location"": ""WH-BLR-04"", ""exception_code"": ""NONE""}]}",PROJECT44_API,2025-01-01 00:56:00,2026-08-05 02:59:59,BATCH_202501_RAW_CARRIER_TELEMETRY
TRK-13480706,SHP-00000399,"{""status"": ""DELIVERED"", ""events"": [{""epoch_time"": 1772249400, ""event"": ""PO_CONFIRMED"", ""location"": ""Supplier ERP"", ""exception_code"": ""NONE""}, {""epoch_time"": 1773023400, ""event"": ""SUPPLIER_HANDOVER"", ""location"": ""SUP-001"", ""exception_code"": ""NONE""}, {""epoch_time"": 1773102600, ""event"": ""DESTINATION_ARRIVAL"", ""location"": ""WH-LKO-01"", ""exception_code"": ""NONE""}, {""epoch_time"": 1773109800, ""event"": ""DOCK_RECEIVED"", ""location"": ""WH-LKO-01"", ""exception_code"": ""NONE""}]}",PROJECT44_API,2025-01-01 01:30:00,2026-08-05 02:59:59,BATCH_202501_RAW_CARRIER_TELEMETRY
TRK-85232766,SHP-00000400,"{""status"": ""DELIVERED"", ""events"": [{""epoch_time"": 1772278200, ""event"": ""PO_CONFIRMED"", ""location"": ""Supplier ERP"", ""exception_code"": ""NONE""}, {""epoch_time"": 1773484200, ""event"": ""SUPPLIER_HANDOVER"", ""location"": ""SUP-006"", ""exception_code"": ""NONE""}, {""epoch_time"": 1773649800, ""event"": ""DESTINATION_ARRIVAL"", ""location"": ""WH-BLR-04"", ""exception_code"": ""NONE""}, {""epoch_time"": 1773657000, ""event"": ""DOCK_RECEIVED"", ""location"": ""WH-BLR-04"", ""exception_code"": ""NONE""}]}",PROJECT44_API,2025-01-01 00:17:00,2026-08-05 02:59:59,BATCH_202501_RAW_CARRIER_TELEMETRY
TRK-20037909,SHP-00000401,"{""status"": ""DELIVERED"", ""events"": [{""epoch_time"": 1772357400, ""event"": ""PO_CONFIRMED"", ""location"": ""Supplier ERP"", ""exception_code"": ""NONE""}, {""epoch_time"": 1773390600, ""event"": ""SUPPLIER_HANDOVER"", ""location"": ""SUP-001"", ""exception_code"": ""NONE""}, {""epoch_time"": 1773556200, ""event"": ""DESTINATION_ARRIVAL"", ""location"": ""WH-MUM-03"", ""exception_code"": ""NONE""}, {""epoch_time"": 1773563400, ""event"": ""DOCK_RECEIVED"", ""location"": ""WH-MUM-03"", ""exception_code"": ""NONE""}]}",PROJECT44_API,2025-01-01 00:40:00,2026-08-05 02:59:59,BATCH_202501_RAW_CARRIER_TELEMETRY
TRK-95772234,SHP-00000402,"{""status"": ""DELIVERED"", ""events"": [{""epoch_time"": 1772447400, ""event"": ""PO_CONFIRMED"", ""location"": ""Supplier ERP"", ""exception_code"": ""NONE""}, {""epoch_time"": 1773826200, ""event"": ""SUPPLIER_HANDOVER"", ""location"": ""SUP-001"", ""exception_code"": ""NONE""}, {""epoch_time"": 1774596600, ""event"": ""DESTINATION_ARRIVAL"", ""location"": ""WH-LKO-01"", ""exception_code"": ""NONE""}, {""epoch_time"": 1774603800, ""event"": ""DOCK_RECEIVED"", ""location"": ""WH-LKO-01"", ""exception_code"": ""NONE""}]}",PROJECT44_API,2025-01-01 00:05:00,2026-08-05 02:59:59,BATCH_202501_RAW_CARRIER_TELEMETRY
TRK-56696550,SHP-00000403,"{""status"": ""DELIVERED"", ""events"": [{""epoch_time"": 1772602200, ""event"": ""PO_CONFIRMED"", ""location"": ""Supplier ERP"", ""exception_code"": ""NONE""}, {""epoch_time"": 1773721800, ""event"": ""SUPPLIER_HANDOVER"", ""location"": ""SUP-001"", ""exception_code"": ""NONE""}, {""epoch_time"": 1774146600, ""event"": ""DESTINATION_ARRIVAL"", ""location"": ""WH-BLR-04"", ""exception_code"": ""NONE""}, {""epoch_time"": 1774153800, ""event"": ""DOCK_RECEIVED"", ""location"": ""WH-BLR-04"", ""exception_code"": ""NONE""}]}",PROJECT44_API,2025-01-01 00:46:00,2026-08-05 02:59:59,BATCH_202501_RAW_CARRIER_TELEMETRY
TRK-43415842,SHP-00000404,"{""status"": ""DELIVERED"", ""events"": [{""epoch_time"": 1772620200, ""event"": ""PO_CONFIRMED"", ""location"": ""Supplier ERP"", ""exception_code"": ""NONE""}, {""epoch_time"": 1773912600, ""event"": ""SUPPLIER_HANDOVER"", ""location"": ""SUP-002"", ""exception_code"": ""NONE""}, {""epoch_time"": 1774164600, ""event"": ""DESTINATION_ARRIVAL"", ""location"": ""WH-BLR-04"", ""exception_code"": ""NONE""}, {""epoch_time"": 1774171800, ""event"": ""DOCK_RECEIVED"", ""location"": ""WH-BLR-04"", ""exception_code"": ""NONE""}]}",PROJECT44_API,2025-01-01 01:59:00,2026-08-05 02:59:59,BATCH_202501_RAW_CARRIER_TELEMETRY
TRK-80853358,SHP-00000405,"{""status"": ""DELIVERED"", ""events"": [{""epoch_time"": 1772861400, ""event"": ""PO_CONFIRMED"", ""location"": ""Supplier ERP"", ""exception_code"": ""NONE""}, {""epoch_time"": 1774326600, ""event"": ""SUPPLIER_HANDOVER"", ""location"": ""SUP-003"", ""exception_code"": ""NONE""}, {""epoch_time"": 1775097000, ""event"": ""DESTINATION_ARRIVAL"", ""location"": ""WH-MUM-03"", ""exception_code"": ""NONE""}, {""epoch_time"": 1775104200, ""event"": ""DOCK_RECEIVED"", ""location"": ""WH-MUM-03"", ""exception_code"": ""NONE""}]}",PROJECT44_API,2025-01-01 02:05:00,2026-08-05 02:59:59,BATCH_202501_RAW_CARRIER_TELEMETRY
TRK-71943898,SHP-00000406,"{""status"": ""DELIVERED"", ""events"": [{""epoch_time"": 1773138600, ""event"": ""PO_CONFIRMED"", ""location"": ""Supplier ERP"", ""exception_code"": ""NONE""}, {""epoch_time"": 1774085400, ""event"": ""SUPPLIER_HANDOVER"", ""location"": ""SUP-003"", ""exception_code"": ""NONE""}, {""epoch_time"": 1774683000, ""event"": ""DESTINATION_ARRIVAL"", ""location"": ""WH-BLR-04"", ""exception_code"": ""NONE""}, {""epoch_time"": 1774690200, ""event"": ""DOCK_RECEIVED"", ""location"": ""WH-BLR-04"", ""exception_code"": ""NONE""}]}",PROJECT44_API,2025-01-01 00:58:00,2026-08-05 02:59:59,BATCH_202501_RAW_CARRIER_TELEMETRY
TRK-85838935,SHP-00000407,"{""status"": ""DELIVERED"", ""events"": [{""epoch_time"": 1773124200, ""event"": ""PO_CONFIRMED"", ""location"": ""Supplier ERP"", ""exception_code"": ""NONE""}, {""epoch_time"": 1774675800, ""event"": ""SUPPLIER_HANDOVER"", ""location"": ""SUP-002"", ""exception_code"": ""NONE""}, {""epoch_time"": 1774841400, ""event"": ""DESTINATION_ARRIVAL"", ""location"": ""WH-MUM-03"", ""exception_code"": ""NONE""}, {""epoch_time"": 1774848600, ""event"": ""DOCK_RECEIVED"", ""location"": ""WH-MUM-03"", ""exception_code"": ""NONE""}]}",PROJECT44_API,2025-01-01 01:12:00,2026-08-05 02:59:59,BATCH_202501_RAW_CARRIER_TELEMETRY
TRK-66002053,SHP-00000408,"{""status"": ""DELIVERED"", ""events"": [{""epoch_time"": 1773131400, ""event"": ""PO_CONFIRMED"", ""location"": ""Supplier ERP"", ""exception_code"": ""NONE""}, {""epoch_time"": 1774510200, ""event"": ""SUPPLIER_HANDOVER"", ""location"": ""SUP-004"", ""exception_code"": ""NONE""}, {""epoch_time"": 1774848600, ""event"": ""DESTINATION_ARRIVAL"", ""location"": ""WH-BLR-04"", ""exception_code"": ""NONE""}, {""epoch_time"": 1774855800, ""event"": ""DOCK_RECEIVED"", ""location"": ""WH-BLR-04"", ""exception_code"": ""NONE""}]}",PROJECT44_API,2025-01-05 02:33:00,2026-08-05 02:59:59,BATCH_202501_RAW_CARRIER_TELEMETRY
TRK-93836538,SHP-00000409,"{""status"": ""DELIVERED"", ""events"": [{""epoch_time"": 1773203400, ""event"": ""PO_CONFIRMED"", ""location"": ""Supplier ERP"", ""exception_code"": ""NONE""}, {""epoch_time"": 1774063800, ""event"": ""SUPPLIER_HANDOVER"", ""location"": ""SUP-001"", ""exception_code"": ""NONE""}, {""epoch_time"": 1774315800, ""event"": ""DESTINATION_ARRIVAL"", ""location"": ""WH-LKO-01"", ""exception_code"": ""NONE""}, {""epoch_time"": 1774323000, ""event"": ""DOCK_RECEIVED"", ""location"": ""WH-LKO-01"", ""exception_code"": ""NONE""}]}",PROJECT44_API,2025-01-01 02:58:00,2026-08-05 02:59:59,BATCH_202501_RAW_CARRIER_TELEMETRY
TRK-72839723,SHP-00000410,"{""status"": ""DELIVERED"", ""events"": [{""epoch_time"": 1773225000, ""event"": ""PO_CONFIRMED"", ""location"": ""Supplier ERP"", ""exception_code"": ""NONE""}, {""epoch_time"": 1774949400, ""event"": ""SUPPLIER_HANDOVER"", ""location"": ""SUP-001"", ""exception_code"": ""NONE""}, {""epoch_time"": 1775287800, ""event"": ""DESTINATION_ARRIVAL"", ""location"": ""WH-BLR-04"", ""exception_code"": ""NONE""}, {""epoch_time"": 1775295000, ""event"": ""DOCK_RECEIVED"", ""location"": ""WH-BLR-04"", ""exception_code"": ""NONE""}]}",PROJECT44_API,2025-01-01 02:10:00,2026-08-05 02:59:59,BATCH_202501_RAW_CARRIER_TELEMETRY
TRK-72400478,SHP-00000411,"{""status"": ""DELIVERED"", ""events"": [{""epoch_time"": 1773372600, ""event"": ""PO_CONFIRMED"", ""location"": ""Supplier ERP"", ""exception_code"": ""NONE""}, {""epoch_time"": 1774146600, ""event"": ""SUPPLIER_HANDOVER"", ""location"": ""SUP-003"", ""exception_code"": ""NONE""}, {""epoch_time"": 1774312200, ""event"": ""DESTINATION_ARRIVAL"", ""location"": ""WH-MUM-03"", ""exception_code"": ""NONE""}, {""epoch_time"": 1774319400, ""event"": ""DOCK_RECEIVED"", ""location"": ""WH-MUM-03"", ""exception_code"": ""NONE""}]}",PROJECT44_API,2025-01-01 00:07:00,2026-08-05 02:59:59,BATCH_202501_RAW_CARRIER_TELEMETRY
TRK-29650584,SHP-00000412,"{""status"": ""DELIVERED"", ""events"": [{""epoch_time"": 1773567000, ""event"": ""PO_CONFIRMED"", ""location"": ""Supplier ERP"", ""exception_code"": ""NONE""}, {""epoch_time"": 1774859400, ""event"": ""SUPPLIER_HANDOVER"", ""location"": ""SUP-005"", ""exception_code"": ""NONE""}, {""epoch_time"": 1775197800, ""event"": ""DESTINATION_ARRIVAL"", ""location"": ""WH-BLR-04"", ""exception_code"": ""NONE""}, {""epoch_time"": 1775205000, ""event"": ""DOCK_RECEIVED"", ""location"": ""WH-BLR-04"", ""exception_code"": ""NONE""}]}",PROJECT44_API,2025-01-01 00:12:00,2026-08-05 02:59:59,BATCH_202501_RAW_CARRIER_TELEMETRY
TRK-92570726,SHP-00000413,"{""status"": ""DELIVERED"", ""events"": [{""epoch_time"": 1773981000, ""event"": ""PO_CONFIRMED"", ""location"": ""Supplier ERP"", ""exception_code"": ""NONE""}, {""epoch_time"": 1775619000, ""event"": ""SUPPLIER_HANDOVER"", ""location"": ""SUP-004"", ""exception_code"": ""NONE""}, {""epoch_time"": 1775784600, ""event"": ""DESTINATION_ARRIVAL"", ""location"": ""WH-DEL-02"", ""exception_code"": ""NONE""}, {""epoch_time"": 1775791800, ""event"": ""DOCK_RECEIVED"", ""location"": ""WH-DEL-02"", ""exception_code"": ""NONE""}]}",PROJECT44_API,2025-01-01 00:27:00,2026-08-05 02:59:59,BATCH_202501_RAW_CARRIER_TELEMETRY
TRK-99969736,SHP-00000414,"{""status"": ""DELIVERED"", ""events"": [{""epoch_time"": 1774157400, ""event"": ""PO_CONFIRMED"", ""location"": ""Supplier ERP"", ""exception_code"": ""NONE""}, {""epoch_time"": 1775190600, ""event"": ""SUPPLIER_HANDOVER"", ""location"": ""SUP-002"", ""exception_code"": ""NONE""}, {""epoch_time"": 1775356200, ""event"": ""DESTINATION_ARRIVAL"", ""location"": ""WH-BLR-04"", ""exception_code"": ""NONE""}, {""epoch_time"": 1775363400, ""event"": ""DOCK_RECEIVED"", ""location"": ""WH-BLR-04"", ""exception_code"": ""NONE""}]}",PROJECT44_API,2025-01-01 00:30:00,2026-08-05 02:59:59,BATCH_202501_RAW_CARRIER_TELEMETRY
TRK-97128416,SHP-00000415,"{""status"": ""DELIVERED"", ""events"": [{""epoch_time"": 1774607400, ""event"": ""PO_CONFIRMED"", ""location"": ""Supplier ERP"", ""exception_code"": ""NONE""}, {""epoch_time"": 1775640600, ""event"": ""SUPPLIER_HANDOVER"", ""location"": ""SUP-005"", ""exception_code"": ""NONE""}, {""epoch_time"": 1775806200, ""event"": ""DESTINATION_ARRIVAL"", ""location"": ""WH-MUM-03"", ""exception_code"": ""NONE""}, {""epoch_time"": 1775813400, ""event"": ""DOCK_RECEIVED"", ""location"": ""WH-MUM-03"", ""exception_code"": ""NONE""}]}",PROJECT44_API,2025-01-01 01:03:00,2026-08-05 02:59:59,BATCH_202501_RAW_CARRIER_TELEMETRY
TRK-68228367,SHP-00000416,"{""status"": ""DELIVERED"", ""events"": [{""epoch_time"": 1774697400, ""event"": ""PO_CONFIRMED"", ""location"": ""Supplier ERP"", ""exception_code"": ""NONE""}, {""epoch_time"": 1777026600, ""event"": ""SUPPLIER_HANDOVER"", ""location"": ""SUP-007"", ""exception_code"": ""NONE""}, {""epoch_time"": 1777278600, ""event"": ""DESTINATION_ARRIVAL"", ""location"": ""WH-MUM-03"", ""exception_code"": ""NONE""}, {""epoch_time"": 1777285800, ""event"": ""DOCK_RECEIVED"", ""location"": ""WH-MUM-03"", ""exception_code"": ""NONE""}]}",PROJECT44_API,2025-01-01 01:14:00,2026-08-05 02:59:59,BATCH_202501_RAW_CARRIER_TELEMETRY
TRK-85628004,SHP-00000417,"{""status"": ""DELIVERED"", ""events"": [{""epoch_time"": 1774927800, ""event"": ""PO_CONFIRMED"", ""location"": ""Supplier ERP"", ""exception_code"": ""NONE""}, {""epoch_time"": 1776220200, ""event"": ""SUPPLIER_HANDOVER"", ""location"": ""SUP-004"", ""exception_code"": ""NONE""}, {""epoch_time"": 1777336200, ""event"": ""DESTINATION_ARRIVAL"", ""location"": ""WH-BLR-04"", ""exception_code"": ""NONE""}, {""epoch_time"": 1777343400, ""event"": ""DOCK_RECEIVED"", ""location"": ""WH-BLR-04"", ""exception_code"": ""NONE""}]}",PROJECT44_API,2025-01-01 00:18:00,2026-08-05 02:59:59,BATCH_202501_RAW_CARRIER_TELEMETRY
TRK-46686244,SHP-00000418,"{""status"": ""DELIVERED"", ""events"": [{""epoch_time"": 1775302200, ""event"": ""PO_CONFIRMED"", ""location"": ""Supplier ERP"", ""exception_code"": ""NONE""}, {""epoch_time"": 1776594600, ""event"": ""SUPPLIER_HANDOVER"", ""location"": ""SUP-005"", ""exception_code"": ""NONE""}, {""epoch_time"": 1776846600, ""event"": ""DESTINATION_ARRIVAL"", ""location"": ""WH-BLR-04"", ""exception_code"": ""NONE""}, {""epoch_time"": 1776853800, ""event"": ""DOCK_RECEIVED"", ""location"": ""WH-BLR-04"", ""exception_code"": ""NONE""}]}",PROJECT44_API,2025-01-01 01:22:00,2026-08-05 02:59:59,BATCH_202501_RAW_CARRIER_TELEMETRY
TRK-97579999,SHP-00000419,"{""status"": ""DELIVERED"", ""events"": [{""epoch_time"": 1775370600, ""event"": ""PO_CONFIRMED"", ""location"": ""Supplier ERP"", ""exception_code"": ""NONE""}, {""epoch_time"": 1777095000, ""event"": ""SUPPLIER_HANDOVER"", ""location"": ""SUP-001"", ""exception_code"": ""NONE""}, {""epoch_time"": 1777174200, ""event"": ""DESTINATION_ARRIVAL"", ""location"": ""WH-BLR-04"", ""exception_code"": ""NONE""}, {""epoch_time"": 1777181400, ""event"": ""DOCK_RECEIVED"", ""location"": ""WH-BLR-04"", ""exception_code"": ""NONE""}]}",PROJECT44_API,2025-01-01 01:11:00,2026-08-05 02:59:59,BATCH_202501_RAW_CARRIER_TELEMETRY
TRK-80078376,SHP-00000420,"{""status"": ""DELIVERED"", ""events"": [{""epoch_time"": 1775374200, ""event"": ""PO_CONFIRMED"", ""location"": ""Supplier ERP"", ""exception_code"": ""NONE""}, {""epoch_time"": 1776925800, ""event"": ""SUPPLIER_HANDOVER"", ""location"": ""SUP-001"", ""exception_code"": ""NONE""}, {""epoch_time"": 1777091400, ""event"": ""DESTINATION_ARRIVAL"", ""location"": ""WH-LKO-01"", ""exception_code"": ""NONE""}, {""epoch_time"": 1777098600, ""event"": ""DOCK_RECEIVED"", ""location"": ""WH-LKO-01"", ""exception_code"": ""NONE""}]}",PROJECT44_API,2025-01-01 02:06:00,2026-08-05 02:59:59,BATCH_202501_RAW_CARRIER_TELEMETRY
TRK-76994951,SHP-00000421,"{""status"": ""DELIVERED"", ""events"": [{""epoch_time"": 1775359800, ""event"": ""PO_CONFIRMED"", ""location"": ""Supplier ERP"", ""exception_code"": ""NONE""}, {""epoch_time"": 1776133800, ""event"": ""SUPPLIER_HANDOVER"", ""location"": ""SUP-005"", ""exception_code"": ""NONE""}, {""epoch_time"": 1776904200, ""event"": ""DESTINATION_ARRIVAL"", ""location"": ""WH-MUM-03"", ""exception_code"": ""NONE""}, {""epoch_time"": 1776911400, ""event"": ""DOCK_RECEIVED"", ""location"": ""WH-MUM-03"", ""exception_code"": ""NONE""}]}",PROJECT44_API,2025-01-01 02:50:00,2026-08-05 02:59:59,BATCH_202501_RAW_CARRIER_TELEMETRY
TRK-64774823,SHP-00000422,"{""status"": ""DELIVERED"", ""events"": [{""epoch_time"": 1775446200, ""event"": ""PO_CONFIRMED"", ""location"": ""Supplier ERP"", ""exception_code"": ""NONE""}, {""epoch_time"": 1776997800, ""event"": ""SUPPLIER_HANDOVER"", ""location"": ""SUP-002"", ""exception_code"": ""NONE""}, {""epoch_time"": 1777163400, ""event"": ""DESTINATION_ARRIVAL"", ""location"": ""WH-BLR-04"", ""exception_code"": ""NONE""}, {""epoch_time"": 1777170600, ""event"": ""DOCK_RECEIVED"", ""location"": ""WH-BLR-04"", ""exception_code"": ""NONE""}]}",PROJECT44_API,2025-01-01 02:10:00,2026-08-05 02:59:59,BATCH_202501_RAW_CARRIER_TELEMETRY
TRK-95735904,SHP-00000423,"{""status"": ""DELIVERED"", ""events"": [{""epoch_time"": 1775547000, ""event"": ""PO_CONFIRMED"", ""location"": ""Supplier ERP"", ""exception_code"": ""NONE""}, {""epoch_time"": 1776493800, ""event"": ""SUPPLIER_HANDOVER"", ""location"": ""SUP-005"", ""exception_code"": ""NONE""}, {""epoch_time"": 1776745800, ""event"": ""DESTINATION_ARRIVAL"", ""location"": ""WH-MUM-03"", ""exception_code"": ""NONE""}, {""epoch_time"": 1776753000, ""event"": ""DOCK_RECEIVED"", ""location"": ""WH-MUM-03"", ""exception_code"": ""NONE""}]}",PROJECT44_API,2025-01-05 01:49:00,2026-08-05 02:59:59,BATCH_202501_RAW_CARRIER_TELEMETRY
TRK-33279863,SHP-00000424,"{""status"": ""DELIVERED"", ""events"": [{""epoch_time"": 1775719800, ""event"": ""PO_CONFIRMED"", ""location"": ""Supplier ERP"", ""exception_code"": ""NONE""}, {""epoch_time"": 1776753000, ""event"": ""SUPPLIER_HANDOVER"", ""location"": ""SUP-005"", ""exception_code"": ""NONE""}, {""epoch_time"": 1777005000, ""event"": ""DESTINATION_ARRIVAL"", ""location"": ""WH-BLR-04"", ""exception_code"": ""NONE""}, {""epoch_time"": 1777012200, ""event"": ""DOCK_RECEIVED"", ""location"": ""WH-BLR-04"", ""exception_code"": ""NONE""}]}",PROJECT44_API,2025-01-01 00:09:00,2026-08-05 02:59:59,BATCH_202501_RAW_CARRIER_TELEMETRY
TRK-60927781,SHP-00000425,"{""status"": ""DELIVERED"", ""events"": [{""epoch_time"": 1775809800, ""event"": ""PO_CONFIRMED"", ""location"": ""Supplier ERP"", ""exception_code"": ""NONE""}, {""epoch_time"": 1777015800, ""event"": ""SUPPLIER_HANDOVER"", ""location"": ""SUP-002"", ""exception_code"": ""NONE""}, {""epoch_time"": 1777354200, ""event"": ""DESTINATION_ARRIVAL"", ""location"": ""WH-BLR-04"", ""exception_code"": ""NONE""}, {""epoch_time"": 1777361400, ""event"": ""DOCK_RECEIVED"", ""location"": ""WH-BLR-04"", ""exception_code"": ""NONE""}]}",PROJECT44_API,2025-01-01 00:01:00,2026-08-05 02:59:59,BATCH_202501_RAW_CARRIER_TELEMETRY
TRK-18486002,SHP-00000426,"{""status"": ""DELIVERED"", ""events"": [{""epoch_time"": 1775817000, ""event"": ""PO_CONFIRMED"", ""location"": ""Supplier ERP"", ""exception_code"": ""NONE""}, {""epoch_time"": 1777282200, ""event"": ""SUPPLIER_HANDOVER"", ""location"": ""SUP-007"", ""exception_code"": ""NONE""}, {""epoch_time"": 1777793400, ""event"": ""DESTINATION_ARRIVAL"", ""location"": ""WH-BLR-04"", ""exception_code"": ""NONE""}, {""epoch_time"": 1777800600, ""event"": ""DOCK_RECEIVED"", ""location"": ""WH-BLR-04"", ""exception_code"": ""NONE""}]}",PROJECT44_API,2025-01-01 00:12:00,2026-08-05 02:59:59,BATCH_202501_RAW_CARRIER_TELEMETRY
TRK-38041602,SHP-00000427,"{""status"": ""DELIVERED"", ""events"": [{""epoch_time"": 1775907000, ""event"": ""PO_CONFIRMED"", ""location"": ""Supplier ERP"", ""exception_code"": ""NONE""}, {""epoch_time"": 1777113000, ""event"": ""SUPPLIER_HANDOVER"", ""location"": ""SUP-005"", ""exception_code"": ""NONE""}, {""epoch_time"": 1777278600, ""event"": ""DESTINATION_ARRIVAL"", ""location"": ""WH-MUM-03"", ""exception_code"": ""NONE""}, {""epoch_time"": 1777285800, ""event"": ""DOCK_RECEIVED"", ""location"": ""WH-MUM-03"", ""exception_code"": ""NONE""}]}",PROJECT44_API,2025-01-01 02:47:00,2026-08-05 02:59:59,BATCH_202501_RAW_CARRIER_TELEMETRY
TRK-81537746,SHP-00000428,"{""status"": ""DELIVERED"", ""events"": [{""epoch_time"": 1776069000, ""event"": ""PO_CONFIRMED"", ""location"": ""Supplier ERP"", ""exception_code"": ""NONE""}, {""epoch_time"": 1777188600, ""event"": ""SUPPLIER_HANDOVER"", ""location"": ""SUP-003"", ""exception_code"": ""NONE""}, {""epoch_time"": 1777440600, ""event"": ""DESTINATION_ARRIVAL"", ""location"": ""WH-BLR-04"", ""exception_code"": ""NONE""}, {""epoch_time"": 1777447800, ""event"": ""DOCK_RECEIVED"", ""location"": ""WH-BLR-04"", ""exception_code"": ""NONE""}]}",PROJECT44_API,2025-01-01 00:09:00,2026-08-05 02:59:59,BATCH_202501_RAW_CARRIER_TELEMETRY
TRK-13556830,SHP-00000429,"{""status"": ""DELIVERED"", ""events"": [{""epoch_time"": 1776137400, ""event"": ""PO_CONFIRMED"", ""location"": ""Supplier ERP"", ""exception_code"": ""NONE""}, {""epoch_time"": 1777257000, ""event"": ""SUPPLIER_HANDOVER"", ""location"": ""SUP-001"", ""exception_code"": ""NONE""}, {""epoch_time"": 1777595400, ""event"": ""DESTINATION_ARRIVAL"", ""location"": ""WH-BLR-04"", ""exception_code"": ""NONE""}, {""epoch_time"": 1777602600, ""event"": ""DOCK_RECEIVED"", ""location"": ""WH-BLR-04"", ""exception_code"": ""NONE""}]}",PROJECT44_API,2025-01-01 00:06:00,2026-08-05 02:59:59,BATCH_202501_RAW_CARRIER_TELEMETRY
TRK-12153297,SHP-00000430,"{""status"": ""DELIVERED"", ""events"": [{""epoch_time"": 1776227400, ""event"": ""PO_CONFIRMED"", ""location"": ""Supplier ERP"", ""exception_code"": ""NONE""}, {""epoch_time"": 1777606200, ""event"": ""SUPPLIER_HANDOVER"", ""location"": ""SUP-001"", ""exception_code"": ""NONE""}, {""epoch_time"": 1778031000, ""event"": ""DESTINATION_ARRIVAL"", ""location"": ""WH-DEL-02"", ""exception_code"": ""NONE""}, {""epoch_time"": 1778038200, ""event"": ""DOCK_RECEIVED"", ""location"": ""WH-DEL-02"", ""exception_code"": ""NONE""}]}",PROJECT44_API,2025-01-01 02:53:00,2026-08-05 02:59:59,BATCH_202501_RAW_CARRIER_TELEMETRY
TRK-99429019,SHP-00000431,"{""status"": ""DELIVERED"", ""events"": [{""epoch_time"": 1776587400, ""event"": ""PO_CONFIRMED"", ""location"": ""Supplier ERP"", ""exception_code"": ""NONE""}, {""epoch_time"": 1777793400, ""event"": ""SUPPLIER_HANDOVER"", ""location"": ""SUP-002"", ""exception_code"": ""NONE""}, {""epoch_time"": 1778045400, ""event"": ""DESTINATION_ARRIVAL"", ""location"": ""WH-DEL-02"", ""exception_code"": ""NONE""}, {""epoch_time"": 1778052600, ""event"": ""DOCK_RECEIVED"", ""location"": ""WH-DEL-02"", ""exception_code"": ""NONE""}]}",PROJECT44_API,2025-01-01 01:49:00,2026-08-05 02:59:59,BATCH_202501_RAW_CARRIER_TELEMETRY
TRK-39714948,SHP-00000432,"{""status"": ""DELIVERED"", ""events"": [{""epoch_time"": 1776655800, ""event"": ""PO_CONFIRMED"", ""location"": ""Supplier ERP"", ""exception_code"": ""NONE""}, {""epoch_time"": 1778293800, ""event"": ""SUPPLIER_HANDOVER"", ""location"": ""SUP-007"", ""exception_code"": ""NONE""}, {""epoch_time"": 1778459400, ""event"": ""DESTINATION_ARRIVAL"", ""location"": ""WH-MUM-03"", ""exception_code"": ""NONE""}, {""epoch_time"": 1778466600, ""event"": ""DOCK_RECEIVED"", ""location"": ""WH-MUM-03"", ""exception_code"": ""NONE""}]}",PROJECT44_API,2025-01-01 01:16:00,2026-08-05 02:59:59,BATCH_202501_RAW_CARRIER_TELEMETRY
TRK-33529580,SHP-00000433,"{""status"": ""DELIVERED"", ""events"": [{""epoch_time"": 1776670200, ""event"": ""PO_CONFIRMED"", ""location"": ""Supplier ERP"", ""exception_code"": ""NONE""}, {""epoch_time"": 1777617000, ""event"": ""SUPPLIER_HANDOVER"", ""location"": ""SUP-005"", ""exception_code"": ""NONE""}, {""epoch_time"": 1777696200, ""event"": ""DESTINATION_ARRIVAL"", ""location"": ""WH-DEL-02"", ""exception_code"": ""NONE""}, {""epoch_time"": 1777703400, ""event"": ""DOCK_RECEIVED"", ""location"": ""WH-DEL-02"", ""exception_code"": ""NONE""}]}",PROJECT44_API,2025-01-05 02:20:00,2026-08-05 02:59:59,BATCH_202501_RAW_CARRIER_TELEMETRY
TRK-52941218,SHP-00000434,"{""status"": ""DELIVERED"", ""events"": [{""epoch_time"": 1776835800, ""event"": ""PO_CONFIRMED"", ""location"": ""Supplier ERP"", ""exception_code"": ""NONE""}, {""epoch_time"": 1777696200, ""event"": ""SUPPLIER_HANDOVER"", ""location"": ""SUP-005"", ""exception_code"": ""NONE""}, {""epoch_time"": 1778293800, ""event"": ""DESTINATION_ARRIVAL"", ""location"": ""WH-MUM-03"", ""exception_code"": ""NONE""}, {""epoch_time"": 1778301000, ""event"": ""DOCK_RECEIVED"", ""location"": ""WH-MUM-03"", ""exception_code"": ""NONE""}]}",PROJECT44_API,2025-01-01 01:27:00,2026-08-05 02:59:59,BATCH_202501_RAW_CARRIER_TELEMETRY
TRK-86403812,SHP-00000435,"{""status"": ""DELIVERED"", ""events"": [{""epoch_time"": 1777008600, ""event"": ""PO_CONFIRMED"", ""location"": ""Supplier ERP"", ""exception_code"": ""NONE""}, {""epoch_time"": 1778128200, ""event"": ""SUPPLIER_HANDOVER"", ""location"": ""SUP-005"", ""exception_code"": ""NONE""}, {""epoch_time"": 1778553000, ""event"": ""DESTINATION_ARRIVAL"", ""location"": ""WH-MUM-03"", ""exception_code"": ""NONE""}, {""epoch_time"": 1778560200, ""event"": ""DOCK_RECEIVED"", ""location"": ""WH-MUM-03"", ""exception_code"": ""NONE""}]}",PROJECT44_API,2025-01-01 01:57:00,2026-08-05 02:59:59,BATCH_202501_RAW_CARRIER_TELEMETRY
TRK-85158897,SHP-00000436,"{""status"": ""DELIVERED"", ""events"": [{""epoch_time"": 1777091400, ""event"": ""PO_CONFIRMED"", ""location"": ""Supplier ERP"", ""exception_code"": ""NONE""}, {""epoch_time"": 1778383800, ""event"": ""SUPPLIER_HANDOVER"", ""location"": ""SUP-007"", ""exception_code"": ""NONE""}, {""epoch_time"": 1778808600, ""event"": ""DESTINATION_ARRIVAL"", ""location"": ""WH-MUM-03"", ""exception_code"": ""NONE""}, {""epoch_time"": 1778815800, ""event"": ""DOCK_RECEIVED"", ""location"": ""WH-MUM-03"", ""exception_code"": ""NONE""}]}",PROJECT44_API,2025-01-01 01:12:00,2026-08-05 02:59:59,BATCH_202501_RAW_CARRIER_TELEMETRY
TRK-54090065,SHP-00000437,"{""status"": ""DELIVERED"", ""events"": [{""epoch_time"": 1777361400, ""event"": ""PO_CONFIRMED"", ""location"": ""Supplier ERP"", ""exception_code"": ""NONE""}, {""epoch_time"": 1778394600, ""event"": ""SUPPLIER_HANDOVER"", ""location"": ""SUP-005"", ""exception_code"": ""NONE""}, {""epoch_time"": 1779078600, ""event"": ""DESTINATION_ARRIVAL"", ""location"": ""WH-DEL-02"", ""exception_code"": ""NONE""}, {""epoch_time"": 1779085800, ""event"": ""DOCK_RECEIVED"", ""location"": ""WH-DEL-02"", ""exception_code"": ""NONE""}]}",PROJECT44_API,2025-01-01 00:56:00,2026-08-05 02:59:59,BATCH_202501_RAW_CARRIER_TELEMETRY
TRK-59226707,SHP-00000438,"{""status"": ""DELIVERED"", ""events"": [{""epoch_time"": 1777350600, ""event"": ""PO_CONFIRMED"", ""location"": ""Supplier ERP"", ""exception_code"": ""NONE""}, {""epoch_time"": 1778815800, ""event"": ""SUPPLIER_HANDOVER"", ""location"": ""SUP-007"", ""exception_code"": ""NONE""}, {""epoch_time"": 1779067800, ""event"": ""DESTINATION_ARRIVAL"", ""location"": ""WH-MUM-03"", ""exception_code"": ""NONE""}, {""epoch_time"": 1779075000, ""event"": ""DOCK_RECEIVED"", ""location"": ""WH-MUM-03"", ""exception_code"": ""NONE""}]}",PROJECT44_API,2025-01-01 00:09:00,2026-08-05 02:59:59,BATCH_202501_RAW_CARRIER_TELEMETRY
TRK-61946476,SHP-00000439,"{""status"": ""DELIVERED"", ""events"": [{""epoch_time"": 1777437000, ""event"": ""PO_CONFIRMED"", ""location"": ""Supplier ERP"", ""exception_code"": ""NONE""}, {""epoch_time"": 1778902200, ""event"": ""SUPPLIER_HANDOVER"", ""location"": ""SUP-002"", ""exception_code"": ""NONE""}, {""epoch_time"": 1779067800, ""event"": ""DESTINATION_ARRIVAL"", ""location"": ""WH-BLR-04"", ""exception_code"": ""NONE""}, {""epoch_time"": 1779075000, ""event"": ""DOCK_RECEIVED"", ""location"": ""WH-BLR-04"", ""exception_code"": ""NONE""}]}",PROJECT44_API,2025-01-01 01:44:00,2026-08-05 02:59:59,BATCH_202501_RAW_CARRIER_TELEMETRY
TRK-98628886,SHP-00000440,"{""status"": ""DELIVERED"", ""events"": [{""epoch_time"": 1777444200, ""event"": ""PO_CONFIRMED"", ""location"": ""Supplier ERP"", ""exception_code"": ""NONE""}, {""epoch_time"": 1778304600, ""event"": ""SUPPLIER_HANDOVER"", ""location"": ""SUP-003"", ""exception_code"": ""NONE""}, {""epoch_time"": 1778470200, ""event"": ""DESTINATION_ARRIVAL"", ""location"": ""WH-MUM-03"", ""exception_code"": ""NONE""}, {""epoch_time"": 1778477400, ""event"": ""DOCK_RECEIVED"", ""location"": ""WH-MUM-03"", ""exception_code"": ""NONE""}]}",PROJECT44_API,2025-01-01 00:48:00,2026-08-05 02:59:59,BATCH_202501_RAW_CARRIER_TELEMETRY
TRK-81409083,SHP-00000441,"{""status"": ""DELIVERED"", ""events"": [{""epoch_time"": 1777527000, ""event"": ""PO_CONFIRMED"", ""location"": ""Supplier ERP"", ""exception_code"": ""NONE""}, {""epoch_time"": 1779856200, ""event"": ""SUPPLIER_HANDOVER"", ""location"": ""SUP-004"", ""exception_code"": ""NONE""}, {""epoch_time"": 1779935400, ""event"": ""DESTINATION_ARRIVAL"", ""location"": ""WH-MUM-03"", ""exception_code"": ""NONE""}, {""epoch_time"": 1779942600, ""event"": ""DOCK_RECEIVED"", ""location"": ""WH-MUM-03"", ""exception_code"": ""NONE""}]}",PROJECT44_API,2025-01-01 02:05:00,2026-08-05 02:59:59,BATCH_202501_RAW_CARRIER_TELEMETRY
TRK-49391737,SHP-00000442,"{""status"": ""DELIVERED"", ""events"": [{""epoch_time"": 1777541400, ""event"": ""PO_CONFIRMED"", ""location"": ""Supplier ERP"", ""exception_code"": ""NONE""}, {""epoch_time"": 1778574600, ""event"": ""SUPPLIER_HANDOVER"", ""location"": ""SUP-003"", ""exception_code"": ""NONE""}, {""epoch_time"": 1778740200, ""event"": ""DESTINATION_ARRIVAL"", ""location"": ""WH-BLR-04"", ""exception_code"": ""NONE""}, {""epoch_time"": 1778747400, ""event"": ""DOCK_RECEIVED"", ""location"": ""WH-BLR-04"", ""exception_code"": ""NONE""}]}",PROJECT44_API,2025-01-01 02:51:00,2026-08-05 02:59:59,BATCH_202501_RAW_CARRIER_TELEMETRY
TRK-69782578,SHP-00000443,"{""status"": ""DELIVERED"", ""events"": [{""epoch_time"": 1777617000, ""event"": ""PO_CONFIRMED"", ""location"": ""Supplier ERP"", ""exception_code"": ""NONE""}, {""epoch_time"": 1778650200, ""event"": ""SUPPLIER_HANDOVER"", ""location"": ""SUP-006"", ""exception_code"": ""NONE""}, {""epoch_time"": 1779334200, ""event"": ""DESTINATION_ARRIVAL"", ""location"": ""WH-LKO-01"", ""exception_code"": ""NONE""}, {""epoch_time"": 1779341400, ""event"": ""DOCK_RECEIVED"", ""location"": ""WH-LKO-01"", ""exception_code"": ""NONE""}]}",PROJECT44_API,2025-01-01 01:00:00,2026-08-05 02:59:59,BATCH_202501_RAW_CARRIER_TELEMETRY
TRK-67746051,SHP-00000444,"{""status"": ""DELIVERED"", ""events"": [{""epoch_time"": 1777707000, ""event"": ""PO_CONFIRMED"", ""location"": ""Supplier ERP"", ""exception_code"": ""NONE""}, {""epoch_time"": 1778826600, ""event"": ""SUPPLIER_HANDOVER"", ""location"": ""SUP-001"", ""exception_code"": ""NONE""}, {""epoch_time"": 1779251400, ""event"": ""DESTINATION_ARRIVAL"", ""location"": ""WH-BLR-04"", ""exception_code"": ""NONE""}, {""epoch_time"": 1779258600, ""event"": ""DOCK_RECEIVED"", ""location"": ""WH-BLR-04"", ""exception_code"": ""NONE""}]}",PROJECT44_API,2025-01-01 00:11:00,2026-08-05 02:59:59,BATCH_202501_RAW_CARRIER_TELEMETRY
TRK-91305809,SHP-00000445,"{""status"": ""DELIVERED"", ""events"": [{""epoch_time"": 1777779000, ""event"": ""PO_CONFIRMED"", ""location"": ""Supplier ERP"", ""exception_code"": ""NONE""}, {""epoch_time"": 1778725800, ""event"": ""SUPPLIER_HANDOVER"", ""location"": ""SUP-007"", ""exception_code"": ""NONE""}, {""epoch_time"": 1779064200, ""event"": ""DESTINATION_ARRIVAL"", ""location"": ""WH-MUM-03"", ""exception_code"": ""NONE""}, {""epoch_time"": 1779071400, ""event"": ""DOCK_RECEIVED"", ""location"": ""WH-MUM-03"", ""exception_code"": ""NONE""}]}",PROJECT44_API,2025-01-01 01:49:00,2026-08-05 02:59:59,BATCH_202501_RAW_CARRIER_TELEMETRY
TRK-48001633,SHP-00000446,"{""status"": ""DELIVERED"", ""events"": [{""epoch_time"": 1777779000, ""event"": ""PO_CONFIRMED"", ""location"": ""Supplier ERP"", ""exception_code"": ""NONE""}, {""epoch_time"": 1778639400, ""event"": ""SUPPLIER_HANDOVER"", ""location"": ""SUP-006"", ""exception_code"": ""NONE""}, {""epoch_time"": 1778718600, ""event"": ""DESTINATION_ARRIVAL"", ""location"": ""WH-BLR-04"", ""exception_code"": ""NONE""}, {""epoch_time"": 1778725800, ""event"": ""DOCK_RECEIVED"", ""location"": ""WH-BLR-04"", ""exception_code"": ""NONE""}]}",PROJECT44_API,2025-01-01 00:23:00,2026-08-05 02:59:59,BATCH_202501_RAW_CARRIER_TELEMETRY
TRK-56629014,SHP-00000447,"{""status"": ""DELIVERED"", ""events"": [{""epoch_time"": 1777887000, ""event"": ""PO_CONFIRMED"", ""location"": ""Supplier ERP"", ""exception_code"": ""NONE""}, {""epoch_time"": 1779179400, ""event"": ""SUPPLIER_HANDOVER"", ""location"": ""SUP-007"", ""exception_code"": ""NONE""}, {""epoch_time"": 1779431400, ""event"": ""DESTINATION_ARRIVAL"", ""location"": ""WH-BLR-04"", ""exception_code"": ""NONE""}, {""epoch_time"": 1779438600, ""event"": ""DOCK_RECEIVED"", ""location"": ""WH-BLR-04"", ""exception_code"": ""NONE""}]}",PROJECT44_API,2025-01-01 01:20:00,2026-08-05 02:59:59,BATCH_202501_RAW_CARRIER_TELEMETRY
TRK-31721499,SHP-00000448,"{""status"": ""DELIVERED"", ""events"": [{""epoch_time"": 1778045400, ""event"": ""PO_CONFIRMED"", ""location"": ""Supplier ERP"", ""exception_code"": ""NONE""}, {""epoch_time"": 1780115400, ""event"": ""SUPPLIER_HANDOVER"", ""location"": ""SUP-007"", ""exception_code"": ""NONE""}, {""epoch_time"": 1780885800, ""event"": ""DESTINATION_ARRIVAL"", ""location"": ""WH-MUM-03"", ""exception_code"": ""NONE""}, {""epoch_time"": 1780893000, ""event"": ""DOCK_RECEIVED"", ""location"": ""WH-MUM-03"", ""exception_code"": ""NONE""}]}",PROJECT44_API,2025-01-01 00:27:00,2026-08-05 02:59:59,BATCH_202501_RAW_CARRIER_TELEMETRY
TRK-42326789,N/A,"{""status"": ""DELIVERED"", ""events"": [{""epoch_time"": 1778153400, ""event"": ""PO_CONFIRMED"", ""location"": ""Supplier ERP"", ""exception_code"": ""NONE""}, {""epoch_time"": 1779532200, ""event"": ""SUPPLIER_HANDOVER"", ""location"": ""SUP-001"", ""exception_code"": ""NONE""}, {""epoch_time"": 1779957000, ""event"": ""DESTINATION_ARRIVAL"", ""location"": ""WH-DEL-02"", ""exception_code"": ""NONE""}, {""epoch_time"": 1779964200, ""event"": ""DOCK_RECEIVED"", ""location"": ""WH-DEL-02"", ""exception_code"": ""NONE""}]}",PROJECT44_API,2025-01-01 02:24:00,2026-08-05 02:59:59,BATCH_202501_RAW_CARRIER_TELEMETRY
TRK-85483648,SHP-00000450,"{""status"": ""DELIVERED"", ""events"": [{""epoch_time"": 1778149800, ""event"": ""PO_CONFIRMED"", ""location"": ""Supplier ERP"", ""exception_code"": ""NONE""}, {""epoch_time"": 1779442200, ""event"": ""SUPPLIER_HANDOVER"", ""location"": ""SUP-005"", ""exception_code"": ""NONE""}, {""epoch_time"": 1780299000, ""event"": ""DESTINATION_ARRIVAL"", ""location"": ""WH-LKO-01"", ""exception_code"": ""NONE""}, {""epoch_time"": 1780306200, ""event"": ""DOCK_RECEIVED"", ""location"": ""WH-LKO-01"", ""exception_code"": ""NONE""}]}",PROJECT44_API,2025-01-01 00:18:00,2026-08-05 02:59:59,BATCH_202501_RAW_CARRIER_TELEMETRY
TRK-89683196,SHP-00000451,"{""status"": ""DELIVERED"", ""events"": [{""epoch_time"": 1778142600, ""event"": ""PO_CONFIRMED"", ""location"": ""Supplier ERP"", ""exception_code"": ""NONE""}, {""epoch_time"": 1779003000, ""event"": ""SUPPLIER_HANDOVER"", ""location"": ""SUP-007"", ""exception_code"": ""NONE""}, {""epoch_time"": 1779089400, ""event"": ""CUSTOMS_HOLD"", ""location"": ""Transshipment Hub"", ""exception_code"": ""CUSTOMS_HOLD""}, {""epoch_time"": 1779262200, ""event"": ""CUSTOMS_CLEARED"", ""location"": ""Transshipment Hub"", ""exception_code"": ""NONE""}, {""epoch_time"": 1779082200, ""event"": ""DESTINATION_ARRIVAL"", ""location"": ""WH-MUM-03"", ""exception_code"": ""NONE""}, {""epoch_time"": 1779089400, ""event"": ""DOCK_RECEIVED"", ""location"": ""WH-MUM-03"", ""exception_code"": ""NONE""}]}",PROJECT44_API,2025-01-01 01:11:00,2026-08-05 02:59:59,BATCH_202501_RAW_CARRIER_TELEMETRY
TRK-24558689,SHP-00000452,"{""status"": ""DELIVERED"", ""events"": [{""epoch_time"": 1778139000, ""event"": ""PO_CONFIRMED"", ""location"": ""Supplier ERP"", ""exception_code"": ""NONE""}, {""epoch_time"": 1779172200, ""event"": ""SUPPLIER_HANDOVER"", ""location"": ""SUP-002"", ""exception_code"": ""NONE""}, {""epoch_time"": 1779424200, ""event"": ""DESTINATION_ARRIVAL"", ""location"": ""WH-DEL-02"", ""exception_code"": ""NONE""}, {""epoch_time"": 1779431400, ""event"": ""DOCK_RECEIVED"", ""location"": ""WH-DEL-02"", ""exception_code"": ""NONE""}]}",PROJECT44_API,2025-01-01 00:14:00,2026-08-05 02:59:59,BATCH_202501_RAW_CARRIER_TELEMETRY
TRK-73849849, SHP-00000453 ,"{""status"": ""DELIVERED"", ""events"": [{""epoch_time"": 1778412600, ""event"": ""PO_CONFIRMED"", ""location"": ""Supplier ERP"", ""exception_code"": ""NONE""}, {""epoch_time"": 1779273000, ""event"": ""SUPPLIER_HANDOVER"", ""location"": ""SUP-003"", ""exception_code"": ""NONE""}, {""epoch_time"": 1779438600, ""event"": ""DESTINATION_ARRIVAL"", ""location"": ""WH-BLR-04"", ""exception_code"": ""NONE""}, {""epoch_time"": 1779445800, ""event"": ""DOCK_RECEIVED"", ""location"": ""WH-BLR-04"", ""exception_code"": ""NONE""}]}",PROJECT44_API,2025-01-01 00:52:00,2026-08-05 02:59:59,BATCH_202501_RAW_CARRIER_TELEMETRY
TRK-84769233,SHP-00000454,"{""status"": ""DELIVERED"", ""events"": [{""epoch_time"": 1778571000, ""event"": ""PO_CONFIRMED"", ""location"": ""Supplier ERP"", ""exception_code"": ""NONE""}, {""epoch_time"": 1779517800, ""event"": ""SUPPLIER_HANDOVER"", ""location"": ""SUP-003"", ""exception_code"": ""NONE""}, {""epoch_time"": 1779683400, ""event"": ""DESTINATION_ARRIVAL"", ""location"": ""WH-MUM-03"", ""exception_code"": ""NONE""}, {""epoch_time"": 1779690600, ""event"": ""DOCK_RECEIVED"", ""location"": ""WH-MUM-03"", ""exception_code"": ""NONE""}]}",PROJECT44_API,2025-01-01 02:38:00,2026-08-05 02:59:59,BATCH_202501_RAW_CARRIER_TELEMETRY
TRK-28528769,SHP-00000455,"{""status"": ""DELIVERED"", ""events"": [{""epoch_time"": 1778578200, ""event"": ""PO_CONFIRMED"", ""location"": ""Supplier ERP"", ""exception_code"": ""NONE""}, {""epoch_time"": 1780475400, ""event"": ""SUPPLIER_HANDOVER"", ""location"": ""SUP-007"", ""exception_code"": ""NONE""}, {""epoch_time"": 1780813800, ""event"": ""DESTINATION_ARRIVAL"", ""location"": ""WH-MUM-03"", ""exception_code"": ""NONE""}, {""epoch_time"": 1780821000, ""event"": ""DOCK_RECEIVED"", ""location"": ""WH-MUM-03"", ""exception_code"": ""NONE""}]}",PROJECT44_API,2025-01-02 01:41:00,2026-08-05 02:59:59,BATCH_202501_RAW_CARRIER_TELEMETRY
TRK-84793814,SHP-00000456,"{""status"": ""DELIVERED"", ""events"": [{""epoch_time"": 1778581800, ""event"": ""PO_CONFIRMED"", ""location"": ""Supplier ERP"", ""exception_code"": ""NONE""}, {""epoch_time"": 1779615000, ""event"": ""SUPPLIER_HANDOVER"", ""location"": ""SUP-008"", ""exception_code"": ""NONE""}, {""epoch_time"": 1779780600, ""event"": ""DESTINATION_ARRIVAL"", ""location"": ""WH-MUM-03"", ""exception_code"": ""NONE""}, {""epoch_time"": 1779787800, ""event"": ""DOCK_RECEIVED"", ""location"": ""WH-MUM-03"", ""exception_code"": ""NONE""}]}",PROJECT44_API,2025-01-01 00:45:00,2026-08-05 02:59:59,BATCH_202501_RAW_CARRIER_TELEMETRY
TRK-30859697,SHP-00000457,"{""status"": ""DELIVERED"", ""events"": [{""epoch_time"": 1778657400, ""event"": ""PO_CONFIRMED"", ""location"": ""Supplier ERP"", ""exception_code"": ""NONE""}, {""epoch_time"": 1780122600, ""event"": ""SUPPLIER_HANDOVER"", ""location"": ""SUP-006"", ""exception_code"": ""NONE""}, {""epoch_time"": 1780893000, ""event"": ""DESTINATION_ARRIVAL"", ""location"": ""WH-DEL-02"", ""exception_code"": ""NONE""}, {""epoch_time"": 1780900200, ""event"": ""DOCK_RECEIVED"", ""location"": ""WH-DEL-02"", ""exception_code"": ""NONE""}]}",PROJECT44_API,2025-01-01 01:38:00,2026-08-05 02:59:59,BATCH_202501_RAW_CARRIER_TELEMETRY
TRK-16502444,SHP-00000458,"{""status"": ""DELIVERED"", ""events"": [{""epoch_time"": 1778661000, ""event"": ""PO_CONFIRMED"", ""location"": ""Supplier ERP"", ""exception_code"": ""NONE""}, {""epoch_time"": 1780299000, ""event"": ""SUPPLIER_HANDOVER"", ""location"": ""SUP-001"", ""exception_code"": ""NONE""}, {""epoch_time"": 1780551000, ""event"": ""DESTINATION_ARRIVAL"", ""location"": ""WH-DEL-02"", ""exception_code"": ""NONE""}, {""epoch_time"": 1780558200, ""event"": ""DOCK_RECEIVED"", ""location"": ""WH-DEL-02"", ""exception_code"": ""NONE""}]}",PROJECT44_API,2025-01-01 00:44:00,2026-08-05 02:59:59,BATCH_202501_RAW_CARRIER_TELEMETRY
TRK-25694540,SHP-00000459,"{""status"": ""DELIVERED"", ""events"": [{""epoch_time"": 1778740200, ""event"": ""PO_CONFIRMED"", ""location"": ""Supplier ERP"", ""exception_code"": ""NONE""}, {""epoch_time"": 1780205400, ""event"": ""SUPPLIER_HANDOVER"", ""location"": ""SUP-005"", ""exception_code"": ""NONE""}, {""epoch_time"": 1780543800, ""event"": ""DESTINATION_ARRIVAL"", ""location"": ""WH-BLR-04"", ""exception_code"": ""NONE""}, {""epoch_time"": 1780551000, ""event"": ""DOCK_RECEIVED"", ""location"": ""WH-BLR-04"", ""exception_code"": ""NONE""}]}",PROJECT44_API,2025-01-01 01:59:00,2026-08-05 02:59:59,BATCH_202501_RAW_CARRIER_TELEMETRY
TRK-86961771,SHP-00000460,"{""status"": ""DELIVERED"", ""events"": [{""epoch_time"": 1778841000, ""event"": ""PO_CONFIRMED"", ""location"": ""Supplier ERP"", ""exception_code"": ""NONE""}, {""epoch_time"": 1780392600, ""event"": ""SUPPLIER_HANDOVER"", ""location"": ""SUP-007"", ""exception_code"": ""NONE""}, {""epoch_time"": 1780471800, ""event"": ""DESTINATION_ARRIVAL"", ""location"": ""WH-DEL-02"", ""exception_code"": ""NONE""}, {""epoch_time"": 1780479000, ""event"": ""DOCK_RECEIVED"", ""location"": ""WH-DEL-02"", ""exception_code"": ""NONE""}]}",PROJECT44_API,2025-01-01 01:44:00,2026-08-05 02:59:59,BATCH_202501_RAW_CARRIER_TELEMETRY
TRK-63352620,SHP-00000461,"{""status"": ""DELIVERED"", ""events"": [{""epoch_time"": 1778927400, ""event"": ""PO_CONFIRMED"", ""location"": ""Supplier ERP"", ""exception_code"": ""NONE""}, {""epoch_time"": 1780133400, ""event"": ""SUPPLIER_HANDOVER"", ""location"": ""SUP-002"", ""exception_code"": ""NONE""}, {""epoch_time"": 1780299000, ""event"": ""DESTINATION_ARRIVAL"", ""location"": ""WH-DEL-02"", ""exception_code"": ""NONE""}, {""epoch_time"": 1780306200, ""event"": ""DOCK_RECEIVED"", ""location"": ""WH-DEL-02"", ""exception_code"": ""NONE""}]}",PROJECT44_API,2025-01-01 01:13:00,2026-08-05 02:59:59,BATCH_202501_RAW_CARRIER_TELEMETRY
TRK-84069934,SHP-00000462,"{""status"": ""DELIVERED"", ""events"": [{""epoch_time"": 1779006600, ""event"": ""PO_CONFIRMED"", ""location"": ""Supplier ERP"", ""exception_code"": ""NONE""}, {""epoch_time"": 1780385400, ""event"": ""SUPPLIER_HANDOVER"", ""location"": ""SUP-006"", ""exception_code"": ""NONE""}, {""epoch_time"": 1780637400, ""event"": ""DESTINATION_ARRIVAL"", ""location"": ""WH-DEL-02"", ""exception_code"": ""NONE""}, {""epoch_time"": 1780644600, ""event"": ""DOCK_RECEIVED"", ""location"": ""WH-DEL-02"", ""exception_code"": ""NONE""}]}",PROJECT44_API,2025-01-01 00:05:00,2026-08-05 02:59:59,BATCH_202501_RAW_CARRIER_TELEMETRY
TRK-16879989,SHP-00000463,"{""status"": ""DELIVERED"", ""events"": [{""epoch_time"": 1779075000, ""event"": ""PO_CONFIRMED"", ""location"": ""Supplier ERP"", ""exception_code"": ""NONE""}, {""epoch_time"": 1780021800, ""event"": ""SUPPLIER_HANDOVER"", ""location"": ""SUP-003"", ""exception_code"": ""NONE""}, {""epoch_time"": 1780108200, ""event"": ""CUSTOMS_HOLD"", ""location"": ""Transshipment Hub"", ""exception_code"": ""CUSTOMS_HOLD""}, {""epoch_time"": 1780453800, ""event"": ""CUSTOMS_CLEARED"", ""location"": ""Transshipment Hub"", ""exception_code"": ""NONE""}, {""epoch_time"": 1780101000, ""event"": ""DESTINATION_ARRIVAL"", ""location"": ""WH-MUM-03"", ""exception_code"": ""NONE""}, {""epoch_time"": 1780108200, ""event"": ""DOCK_RECEIVED"", ""location"": ""WH-MUM-03"", ""exception_code"": ""NONE""}]}",PROJECT44_API,2025-01-01 00:48:00,2026-08-05 02:59:59,BATCH_202501_RAW_CARRIER_TELEMETRY
TRK-98128718,SHP-00000464,"{""status"": ""DELIVERED"", ""events"": [{""epoch_time"": 1779190200, ""event"": ""PO_CONFIRMED"", ""location"": ""Supplier ERP"", ""exception_code"": ""NONE""}, {""epoch_time"": 1780050600, ""event"": ""SUPPLIER_HANDOVER"", ""location"": ""SUP-005"", ""exception_code"": ""NONE""}, {""epoch_time"": 1780389000, ""event"": ""DESTINATION_ARRIVAL"", ""location"": ""WH-DEL-02"", ""exception_code"": ""NONE""}, {""epoch_time"": 1780396200, ""event"": ""DOCK_RECEIVED"", ""location"": ""WH-DEL-02"", ""exception_code"": ""NONE""}]}",PROJECT44_API,2025-01-01 02:42:00,2026-08-05 02:59:59,BATCH_202501_RAW_CARRIER_TELEMETRY
TRK-99388730,SHP-00000465,"{""status"": ""DELIVERED"", ""events"": [{""epoch_time"": 1779179400, ""event"": ""PO_CONFIRMED"", ""location"": ""Supplier ERP"", ""exception_code"": ""NONE""}, {""epoch_time"": 1780558200, ""event"": ""SUPPLIER_HANDOVER"", ""location"": ""SUP-007"", ""exception_code"": ""NONE""}, {""epoch_time"": 1780723800, ""event"": ""DESTINATION_ARRIVAL"", ""location"": ""WH-MUM-03"", ""exception_code"": ""NONE""}, {""epoch_time"": 1780731000, ""event"": ""DOCK_RECEIVED"", ""location"": ""WH-MUM-03"", ""exception_code"": ""NONE""}]}",PROJECT44_API,2025-01-01 02:40:00,2026-08-05 02:59:59,BATCH_202501_RAW_CARRIER_TELEMETRY
TRK-77166449,SHP-00000466,"{""status"": ""DELIVERED"", ""events"": [{""epoch_time"": 1779183000, ""event"": ""PO_CONFIRMED"", ""location"": ""Supplier ERP"", ""exception_code"": ""NONE""}, {""epoch_time"": 1780561800, ""event"": ""SUPPLIER_HANDOVER"", ""location"": ""SUP-007"", ""exception_code"": ""NONE""}, {""epoch_time"": 1781073000, ""event"": ""DESTINATION_ARRIVAL"", ""location"": ""WH-MUM-03"", ""exception_code"": ""NONE""}, {""epoch_time"": 1781080200, ""event"": ""DOCK_RECEIVED"", ""location"": ""WH-MUM-03"", ""exception_code"": ""NONE""}]}",PROJECT44_API,2025-01-01 01:39:00,2026-08-05 02:59:59,BATCH_202501_RAW_CARRIER_TELEMETRY
TRK-34143514,SHP-00000467,"{""status"": ""DELIVERED"", ""events"": [{""epoch_time"": 1779355800, ""event"": ""PO_CONFIRMED"", ""location"": ""Supplier ERP"", ""exception_code"": ""NONE""}, {""epoch_time"": 1780216200, ""event"": ""SUPPLIER_HANDOVER"", ""location"": ""SUP-006"", ""exception_code"": ""NONE""}, {""epoch_time"": 1780295400, ""event"": ""DESTINATION_ARRIVAL"", ""location"": ""WH-DEL-02"", ""exception_code"": ""NONE""}, {""epoch_time"": 1780302600, ""event"": ""DOCK_RECEIVED"", ""location"": ""WH-DEL-02"", ""exception_code"": ""NONE""}]}",PROJECT44_API,2025-01-01 02:14:00,2026-08-05 02:59:59,BATCH_202501_RAW_CARRIER_TELEMETRY
TRK-79532285,SHP-00000468,"{""status"": ""DELIVERED"", ""events"": [{""epoch_time"": 1779352200, ""event"": ""PO_CONFIRMED"", ""location"": ""Supplier ERP"", ""exception_code"": ""NONE""}, {""epoch_time"": 1781076600, ""event"": ""SUPPLIER_HANDOVER"", ""location"": ""SUP-001"", ""exception_code"": ""NONE""}, {""epoch_time"": 1781242200, ""event"": ""DESTINATION_ARRIVAL"", ""location"": ""WH-BLR-04"", ""exception_code"": ""NONE""}, {""epoch_time"": 1781249400, ""event"": ""DOCK_RECEIVED"", ""location"": ""WH-BLR-04"", ""exception_code"": ""NONE""}]}",PROJECT44_API,2025-01-01 02:13:00,2026-08-05 02:59:59,BATCH_202501_RAW_CARRIER_TELEMETRY
TRK-20994132,SHP-00000469,"{""status"": ""DELIVERED"", ""events"": [{""epoch_time"": 1779420600, ""event"": ""PO_CONFIRMED"", ""location"": ""Supplier ERP"", ""exception_code"": ""NONE""}, {""epoch_time"": 1780885800, ""event"": ""SUPPLIER_HANDOVER"", ""location"": ""SUP-003"", ""exception_code"": ""NONE""}, {""epoch_time"": 1781397000, ""event"": ""DESTINATION_ARRIVAL"", ""location"": ""WH-LKO-01"", ""exception_code"": ""NONE""}, {""epoch_time"": 1781404200, ""event"": ""DOCK_RECEIVED"", ""location"": ""WH-LKO-01"", ""exception_code"": ""NONE""}]}",PROJECT44_API,2025-01-01 01:24:00,2026-08-05 02:59:59,BATCH_202501_RAW_CARRIER_TELEMETRY
TRK-70523108,SHP-00000470,"{""status"": ""DELIVERED"", ""events"": [{""epoch_time"": 1779521400, ""event"": ""PO_CONFIRMED"", ""location"": ""Supplier ERP"", ""exception_code"": ""NONE""}, {""epoch_time"": 1780468200, ""event"": ""SUPPLIER_HANDOVER"", ""location"": ""SUP-003"", ""exception_code"": ""NONE""}, {""epoch_time"": 1780806600, ""event"": ""DESTINATION_ARRIVAL"", ""location"": ""WH-BLR-04"", ""exception_code"": ""NONE""}, {""epoch_time"": 1780813800, ""event"": ""DOCK_RECEIVED"", ""location"": ""WH-BLR-04"", ""exception_code"": ""NONE""}]}",PROJECT44_API,2025-01-23 00:30:00,2026-08-05 02:59:59,BATCH_202501_RAW_CARRIER_TELEMETRY
TRK-47539105,SHP-00000471,"{""status"": ""DELIVERED"", ""events"": [{""epoch_time"": 1779867000, ""event"": ""PO_CONFIRMED"", ""location"": ""Supplier ERP"", ""exception_code"": ""NONE""}, {""epoch_time"": 1781418600, ""event"": ""SUPPLIER_HANDOVER"", ""location"": ""SUP-004"", ""exception_code"": ""NONE""}, {""epoch_time"": 1782102600, ""event"": ""DESTINATION_ARRIVAL"", ""location"": ""WH-MUM-03"", ""exception_code"": ""NONE""}, {""epoch_time"": 1782109800, ""event"": ""DOCK_RECEIVED"", ""location"": ""WH-MUM-03"", ""exception_code"": ""NONE""}]}",PROJECT44_API,2025-01-01 00:33:00,2026-08-05 02:59:59,BATCH_202501_RAW_CARRIER_TELEMETRY
TRK-79108055,SHP-00000472,"{""status"": ""DELIVERED"", ""events"": [{""epoch_time"": 1779881400, ""event"": ""PO_CONFIRMED"", ""location"": ""Supplier ERP"", ""exception_code"": ""NONE""}, {""epoch_time"": 1781260200, ""event"": ""SUPPLIER_HANDOVER"", ""location"": ""SUP-008"", ""exception_code"": ""NONE""}, {""epoch_time"": 1781346600, ""event"": ""CUSTOMS_HOLD"", ""location"": ""Transshipment Hub"", ""exception_code"": ""CUSTOMS_HOLD""}, {""epoch_time"": 1781433000, ""event"": ""CUSTOMS_CLEARED"", ""location"": ""Transshipment Hub"", ""exception_code"": ""NONE""}, {""epoch_time"": 1781771400, ""event"": ""DESTINATION_ARRIVAL"", ""location"": ""WH-MUM-03"", ""exception_code"": ""NONE""}, {""epoch_time"": 1781778600, ""event"": ""DOCK_RECEIVED"", ""location"": ""WH-MUM-03"", ""exception_code"": ""NONE""}]}",PROJECT44_API,2025-01-01 02:22:00,2026-08-05 02:59:59,BATCH_202501_RAW_CARRIER_TELEMETRY
TRK-63951690,SHP-00000473,"{""status"": ""DELIVERED"", ""events"": [{""epoch_time"": 1780054200, ""event"": ""PO_CONFIRMED"", ""location"": ""Supplier ERP"", ""exception_code"": ""NONE""}, {""epoch_time"": 1782124200, ""event"": ""SUPPLIER_HANDOVER"", ""location"": ""SUP-004"", ""exception_code"": ""NONE""}, {""epoch_time"": 1782549000, ""event"": ""DESTINATION_ARRIVAL"", ""location"": ""WH-MUM-03"", ""exception_code"": ""NONE""}, {""epoch_time"": 1782556200, ""event"": ""DOCK_RECEIVED"", ""location"": ""WH-MUM-03"", ""exception_code"": ""NONE""}]}",PROJECT44_API,2025-01-01 01:07:00,2026-08-05 02:59:59,BATCH_202501_RAW_CARRIER_TELEMETRY
TRK-91424194,SHP-00000474,"{""status"": ""DELIVERED"", ""events"": [{""epoch_time"": 1780223400, ""event"": ""PO_CONFIRMED"", ""location"": ""Supplier ERP"", ""exception_code"": ""NONE""}, {""epoch_time"": 1781083800, ""event"": ""SUPPLIER_HANDOVER"", ""location"": ""SUP-003"", ""exception_code"": ""NONE""}, {""epoch_time"": 1781335800, ""event"": ""DESTINATION_ARRIVAL"", ""location"": ""WH-MUM-03"", ""exception_code"": ""NONE""}, {""epoch_time"": 1781343000, ""event"": ""DOCK_RECEIVED"", ""location"": ""WH-MUM-03"", ""exception_code"": ""NONE""}]}",PROJECT44_API,2025-01-01 00:50:00,2026-08-05 02:59:59,BATCH_202501_RAW_CARRIER_TELEMETRY
TRK-81897245,SHP-00000475,"{""status"": ""DELIVERED"", ""events"": [{""epoch_time"": 1780399800, ""event"": ""PO_CONFIRMED"", ""location"": ""Supplier ERP"", ""exception_code"": ""NONE""}, {""epoch_time"": 1781260200, ""event"": ""SUPPLIER_HANDOVER"", ""location"": ""SUP-006"", ""exception_code"": ""NONE""}, {""epoch_time"": 1781425800, ""event"": ""DESTINATION_ARRIVAL"", ""location"": ""WH-DEL-02"", ""exception_code"": ""NONE""}, {""epoch_time"": 1781433000, ""event"": ""DOCK_RECEIVED"", ""location"": ""WH-DEL-02"", ""exception_code"": ""NONE""}]}",PROJECT44_API,2025-01-01 02:47:00,2026-08-05 02:59:59,BATCH_202501_RAW_CARRIER_TELEMETRY
TRK-22774321,SHP-00000476,"{""status"": ""DELIVERED"", ""events"": [{""epoch_time"": 1780655400, ""event"": ""PO_CONFIRMED"", ""location"": ""Supplier ERP"", ""exception_code"": ""NONE""}, {""epoch_time"": 1782293400, ""event"": ""SUPPLIER_HANDOVER"", ""location"": ""SUP-005"", ""exception_code"": ""NONE""}, {""epoch_time"": 1782631800, ""event"": ""DESTINATION_ARRIVAL"", ""location"": ""WH-BLR-04"", ""exception_code"": ""NONE""}, {""epoch_time"": 1782639000, ""event"": ""DOCK_RECEIVED"", ""location"": ""WH-BLR-04"", ""exception_code"": ""NONE""}]}",PROJECT44_API,2025-01-01 01:23:00,2026-08-05 02:59:59,BATCH_202501_RAW_CARRIER_TELEMETRY
TRK-95131288,SHP-00000477,"{""status"": ""DELIVERED"", ""events"": [{""epoch_time"": 1780731000, ""event"": ""PO_CONFIRMED"", ""location"": ""Supplier ERP"", ""exception_code"": ""NONE""}, {""epoch_time"": 1782196200, ""event"": ""SUPPLIER_HANDOVER"", ""location"": ""SUP-006"", ""exception_code"": ""NONE""}, {""epoch_time"": 1782361800, ""event"": ""DESTINATION_ARRIVAL"", ""location"": ""WH-DEL-02"", ""exception_code"": ""NONE""}, {""epoch_time"": 1782369000, ""event"": ""DOCK_RECEIVED"", ""location"": ""WH-DEL-02"", ""exception_code"": ""NONE""}]}",PROJECT44_API,2025-01-01 02:52:00,2026-08-05 02:59:59,BATCH_202501_RAW_CARRIER_TELEMETRY
TRK-31346315,SHP-00000478,"{""status"": ""DELIVERED"", ""events"": [{""epoch_time"": 1780806600, ""event"": ""PO_CONFIRMED"", ""location"": ""Supplier ERP"", ""exception_code"": ""NONE""}, {""epoch_time"": 1782185400, ""event"": ""SUPPLIER_HANDOVER"", ""location"": ""SUP-001"", ""exception_code"": ""NONE""}, {""epoch_time"": 1782437400, ""event"": ""DESTINATION_ARRIVAL"", ""location"": ""WH-DEL-02"", ""exception_code"": ""NONE""}, {""epoch_time"": 1782444600, ""event"": ""DOCK_RECEIVED"", ""location"": ""WH-DEL-02"", ""exception_code"": ""NONE""}]}",PROJECT44_API,2025-01-01 01:18:00,2026-08-05 02:59:59,BATCH_202501_RAW_CARRIER_TELEMETRY
TRK-30126916,SHP-00000479,"{""status"": ""DELIVERED"", ""events"": [{""epoch_time"": 1780993800, ""event"": ""PO_CONFIRMED"", ""location"": ""Supplier ERP"", ""exception_code"": ""NONE""}, {""epoch_time"": 1782545400, ""event"": ""SUPPLIER_HANDOVER"", ""location"": ""SUP-006"", ""exception_code"": ""NONE""}, {""epoch_time"": 1782711000, ""event"": ""DESTINATION_ARRIVAL"", ""location"": ""WH-DEL-02"", ""exception_code"": ""NONE""}, {""epoch_time"": 1782718200, ""event"": ""DOCK_RECEIVED"", ""location"": ""WH-DEL-02"", ""exception_code"": ""NONE""}]}",PROJECT44_API,2025-01-01 02:12:00,2026-08-05 02:59:59,BATCH_202501_RAW_CARRIER_TELEMETRY
TRK-98462654,SHP-00000480,"{""status"": ""DELIVERED"", ""events"": [{""epoch_time"": 1780997400, ""event"": ""PO_CONFIRMED"", ""location"": ""Supplier ERP"", ""exception_code"": ""NONE""}, {""epoch_time"": 1782117000, ""event"": ""SUPPLIER_HANDOVER"", ""location"": ""SUP-007"", ""exception_code"": ""NONE""}, {""epoch_time"": 1782455400, ""event"": ""DESTINATION_ARRIVAL"", ""location"": ""WH-MUM-03"", ""exception_code"": ""NONE""}, {""epoch_time"": 1782462600, ""event"": ""DOCK_RECEIVED"", ""location"": ""WH-MUM-03"", ""exception_code"": ""NONE""}]}",PROJECT44_API,2025-01-01 01:01:00,2026-08-05 02:59:59,BATCH_202501_RAW_CARRIER_TELEMETRY
TRK-21873354,SHP-00000481,"{""status"": ""DELIVERED"", ""events"": [{""epoch_time"": 1780975800, ""event"": ""PO_CONFIRMED"", ""location"": ""Supplier ERP"", ""exception_code"": ""NONE""}, {""epoch_time"": 1782441000, ""event"": ""SUPPLIER_HANDOVER"", ""location"": ""SUP-005"", ""exception_code"": ""NONE""}, {""epoch_time"": 1782606600, ""event"": ""DESTINATION_ARRIVAL"", ""location"": ""WH-LKO-01"", ""exception_code"": ""NONE""}, {""epoch_time"": 1782613800, ""event"": ""DOCK_RECEIVED"", ""location"": ""WH-LKO-01"", ""exception_code"": ""NONE""}]}",PROJECT44_API,2025-01-01 01:42:00,2026-08-05 02:59:59,BATCH_202501_RAW_CARRIER_TELEMETRY
TRK-39824410,SHP-00000482,"{""status"": ""DELIVERED"", ""events"": [{""epoch_time"": 1781065800, ""event"": ""PO_CONFIRMED"", ""location"": ""Supplier ERP"", ""exception_code"": ""NONE""}, {""epoch_time"": 1782531000, ""event"": ""SUPPLIER_HANDOVER"", ""location"": ""SUP-006"", ""exception_code"": ""NONE""}, {""epoch_time"": 1783301400, ""event"": ""DESTINATION_ARRIVAL"", ""location"": ""WH-DEL-02"", ""exception_code"": ""NONE""}, {""epoch_time"": 1783308600, ""event"": ""DOCK_RECEIVED"", ""location"": ""WH-DEL-02"", ""exception_code"": ""NONE""}]}",PROJECT44_API,2025-01-01 00:55:00,2026-08-05 02:59:59,BATCH_202501_RAW_CARRIER_TELEMETRY
TRK-90767434,SHP-00000483,"{""status"": ""DELIVERED"", ""events"": [{""epoch_time"": 1781523000, ""event"": ""PO_CONFIRMED"", ""location"": ""Supplier ERP"", ""exception_code"": ""NONE""}, {""epoch_time"": 1782556200, ""event"": ""SUPPLIER_HANDOVER"", ""location"": ""SUP-001"", ""exception_code"": ""NONE""}, {""epoch_time"": 1782808200, ""event"": ""DESTINATION_ARRIVAL"", ""location"": ""WH-BLR-04"", ""exception_code"": ""NONE""}, {""epoch_time"": 1782815400, ""event"": ""DOCK_RECEIVED"", ""location"": ""WH-BLR-04"", ""exception_code"": ""NONE""}]}",PROJECT44_API,2025-01-01 02:07:00,2026-08-05 02:59:59,BATCH_202501_RAW_CARRIER_TELEMETRY
TRK-79564866,SHP-00000484,"{""status"": ""DELIVERED"", ""events"": [{""epoch_time"": 1781775000, ""event"": ""PO_CONFIRMED"", ""location"": ""Supplier ERP"", ""exception_code"": ""NONE""}, {""epoch_time"": 1783067400, ""event"": ""SUPPLIER_HANDOVER"", ""location"": ""SUP-003"", ""exception_code"": ""NONE""}, {""epoch_time"": 1783924200, ""event"": ""DESTINATION_ARRIVAL"", ""location"": ""WH-LKO-01"", ""exception_code"": ""NONE""}, {""epoch_time"": 1783931400, ""event"": ""DOCK_RECEIVED"", ""location"": ""WH-LKO-01"", ""exception_code"": ""NONE""}]}",PROJECT44_API,2025-01-01 02:56:00,2026-08-05 02:59:59,BATCH_202501_RAW_CARRIER_TELEMETRY
TRK-63551888,SHP-00000485,"{""status"": ""DELIVERED"", ""events"": [{""epoch_time"": 1781929800, ""event"": ""PO_CONFIRMED"", ""location"": ""Supplier ERP"", ""exception_code"": ""NONE""}, {""epoch_time"": 1782703800, ""event"": ""SUPPLIER_HANDOVER"", ""location"": ""SUP-007"", ""exception_code"": ""NONE""}, {""epoch_time"": 1782783000, ""event"": ""DESTINATION_ARRIVAL"", ""location"": ""WH-MUM-03"", ""exception_code"": ""NONE""}, {""epoch_time"": 1782790200, ""event"": ""DOCK_RECEIVED"", ""location"": ""WH-MUM-03"", ""exception_code"": ""NONE""}]}",PROJECT44_API,2025-01-01 00:17:00,2026-08-05 02:59:59,BATCH_202501_RAW_CARRIER_TELEMETRY
TRK-52265920,SHP-00000486,"{""status"": ""DELIVERED"", ""events"": [{""epoch_time"": 1781926200, ""event"": ""PO_CONFIRMED"", ""location"": ""Supplier ERP"", ""exception_code"": ""NONE""}, {""epoch_time"": 1783132200, ""event"": ""SUPPLIER_HANDOVER"", ""location"": ""SUP-006"", ""exception_code"": ""NONE""}, {""epoch_time"": 1783297800, ""event"": ""DESTINATION_ARRIVAL"", ""location"": ""WH-DEL-02"", ""exception_code"": ""NONE""}, {""epoch_time"": 1783305000, ""event"": ""DOCK_RECEIVED"", ""location"": ""WH-DEL-02"", ""exception_code"": ""NONE""}]}",PROJECT44_API,2025-01-01 02:53:00,2026-08-05 02:59:59,BATCH_202501_RAW_CARRIER_TELEMETRY
TRK-24993549,SHP-00000487,"{""status"": ""DELIVERED"", ""events"": [{""epoch_time"": 1782210600, ""event"": ""PO_CONFIRMED"", ""location"": ""Supplier ERP"", ""exception_code"": ""NONE""}, {""epoch_time"": 1784021400, ""event"": ""SUPPLIER_HANDOVER"", ""location"": ""SUP-004"", ""exception_code"": ""NONE""}, {""epoch_time"": 1784273400, ""event"": ""DESTINATION_ARRIVAL"", ""location"": ""WH-MUM-03"", ""exception_code"": ""NONE""}, {""epoch_time"": 1784280600, ""event"": ""DOCK_RECEIVED"", ""location"": ""WH-MUM-03"", ""exception_code"": ""NONE""}]}",PROJECT44_API,2025-01-01 01:41:00,2026-08-05 02:59:59,BATCH_202501_RAW_CARRIER_TELEMETRY
TRK-11016869,SHP-00000488,"{""status"": ""DELIVERED"", ""events"": [{""epoch_time"": 1782279000, ""event"": ""PO_CONFIRMED"", ""location"": ""Supplier ERP"", ""exception_code"": ""NONE""}, {""epoch_time"": 1783485000, ""event"": ""SUPPLIER_HANDOVER"", ""location"": ""SUP-006"", ""exception_code"": ""NONE""}, {""epoch_time"": 1784341800, ""event"": ""DESTINATION_ARRIVAL"", ""location"": ""WH-DEL-02"", ""exception_code"": ""NONE""}, {""epoch_time"": 1784349000, ""event"": ""DOCK_RECEIVED"", ""location"": ""WH-DEL-02"", ""exception_code"": ""NONE""}]}",PROJECT44_API,2025-01-01 00:08:00,2026-08-05 02:59:59,BATCH_202501_RAW_CARRIER_TELEMETRY
TRK-14464135,SHP-00000489,"{""status"": ""DELIVERED"", ""events"": [{""epoch_time"": 1782365400, ""event"": ""PO_CONFIRMED"", ""location"": ""Supplier ERP"", ""exception_code"": ""NONE""}, {""epoch_time"": 1783657800, ""event"": ""SUPPLIER_HANDOVER"", ""location"": ""SUP-006"", ""exception_code"": ""NONE""}, {""epoch_time"": 1783737000, ""event"": ""DESTINATION_ARRIVAL"", ""location"": ""WH-LKO-01"", ""exception_code"": ""NONE""}, {""epoch_time"": 1783744200, ""event"": ""DOCK_RECEIVED"", ""location"": ""WH-LKO-01"", ""exception_code"": ""NONE""}]}",PROJECT44_API,2025-01-01 01:07:00,2026-08-05 02:59:59,BATCH_202501_RAW_CARRIER_TELEMETRY
TRK-63240231,SHP-00000490,"{""status"": ""DELIVERED"", ""events"": [{""epoch_time"": 1782538200, ""event"": ""PO_CONFIRMED"", ""location"": ""Supplier ERP"", ""exception_code"": ""NONE""}, {""epoch_time"": 1784003400, ""event"": ""SUPPLIER_HANDOVER"", ""location"": ""SUP-001"", ""exception_code"": ""NONE""}, {""epoch_time"": 1784341800, ""event"": ""DESTINATION_ARRIVAL"", ""location"": ""WH-DEL-02"", ""exception_code"": ""NONE""}, {""epoch_time"": 1784349000, ""event"": ""DOCK_RECEIVED"", ""location"": ""WH-DEL-02"", ""exception_code"": ""NONE""}]}",PROJECT44_API,2025-01-01 02:32:00,2026-08-05 02:59:59,BATCH_202501_RAW_CARRIER_TELEMETRY
TRK-84488542,SHP-00000491,"{""status"": ""DELIVERED"", ""events"": [{""epoch_time"": 1782531000, ""event"": ""PO_CONFIRMED"", ""location"": ""Supplier ERP"", ""exception_code"": ""NONE""}, {""epoch_time"": 1784082600, ""event"": ""SUPPLIER_HANDOVER"", ""location"": ""SUP-008"", ""exception_code"": ""NONE""}, {""epoch_time"": 1784248200, ""event"": ""DESTINATION_ARRIVAL"", ""location"": ""WH-BLR-04"", ""exception_code"": ""NONE""}, {""epoch_time"": 1784255400, ""event"": ""DOCK_RECEIVED"", ""location"": ""WH-BLR-04"", ""exception_code"": ""NONE""}]}",PROJECT44_API,2025-01-01 01:07:00,2026-08-05 02:59:59,BATCH_202501_RAW_CARRIER_TELEMETRY
TRK-63395166,SHP-00000492,"{""status"": ""DELIVERED"", ""events"": [{""epoch_time"": 1782725400, ""event"": ""PO_CONFIRMED"", ""location"": ""Supplier ERP"", ""exception_code"": ""NONE""}, {""epoch_time"": 1784709000, ""event"": ""SUPPLIER_HANDOVER"", ""location"": ""SUP-004"", ""exception_code"": ""NONE""}, {""epoch_time"": 1784795400, ""event"": ""CUSTOMS_HOLD"", ""location"": ""Transshipment Hub"", ""exception_code"": ""CUSTOMS_HOLD""}, {""epoch_time"": 1784968200, ""event"": ""CUSTOMS_CLEARED"", ""location"": ""Transshipment Hub"", ""exception_code"": ""NONE""}, {""epoch_time"": 1785047400, ""event"": ""DESTINATION_ARRIVAL"", ""location"": ""WH-MUM-03"", ""exception_code"": ""NONE""}, {""epoch_time"": 1785054600, ""event"": ""DOCK_RECEIVED"", ""location"": ""WH-MUM-03"", ""exception_code"": ""NONE""}]}",PROJECT44_API,2025-01-01 01:23:00,2026-08-05 02:59:59,BATCH_202501_RAW_CARRIER_TELEMETRY
trk-39046400,SHP-00000493,"{""status"": ""DELIVERED"", ""events"": [{""epoch_time"": 1782703800, ""event"": ""PO_CONFIRMED"", ""location"": ""Supplier ERP"", ""exception_code"": ""NONE""}, {""epoch_time"": 1784255400, ""event"": ""SUPPLIER_HANDOVER"", ""location"": ""SUP-005"", ""exception_code"": ""NONE""}, {""epoch_time"": 1784421000, ""event"": ""DESTINATION_ARRIVAL"", ""location"": ""WH-LKO-01"", ""exception_code"": ""NONE""}, {""epoch_time"": 1784428200, ""event"": ""DOCK_RECEIVED"", ""location"": ""WH-LKO-01"", ""exception_code"": ""NONE""}]}",PROJECT44_API,2025-01-01 02:39:00,2026-08-05 02:59:59,BATCH_202501_RAW_CARRIER_TELEMETRY
TRK-31924411,SHP-00000494,"{""status"": ""DELIVERED"", ""events"": [{""epoch_time"": 1782725400, ""event"": ""PO_CONFIRMED"", ""location"": ""Supplier ERP"", ""exception_code"": ""NONE""}, {""epoch_time"": 1784104200, ""event"": ""SUPPLIER_HANDOVER"", ""location"": ""SUP-001"", ""exception_code"": ""NONE""}, {""epoch_time"": 1784874600, ""event"": ""DESTINATION_ARRIVAL"", ""location"": ""WH-LKO-01"", ""exception_code"": ""NONE""}, {""epoch_time"": 1784881800, ""event"": ""DOCK_RECEIVED"", ""location"": ""WH-LKO-01"", ""exception_code"": ""NONE""}]}",PROJECT44_API,2025-01-01 02:21:00,2026-08-05 02:59:59,BATCH_202501_RAW_CARRIER_TELEMETRY
TRK-23151052,SHP-00000495,"{""status"": ""DELIVERED"", ""events"": [{""epoch_time"": 1782801000, ""event"": ""PO_CONFIRMED"", ""location"": ""Supplier ERP"", ""exception_code"": ""NONE""}, {""epoch_time"": 1783575000, ""event"": ""SUPPLIER_HANDOVER"", ""location"": ""SUP-001"", ""exception_code"": ""NONE""}, {""epoch_time"": 1783654200, ""event"": ""DESTINATION_ARRIVAL"", ""location"": ""WH-DEL-02"", ""exception_code"": ""NONE""}, {""epoch_time"": 1783661400, ""event"": ""DOCK_RECEIVED"", ""location"": ""WH-DEL-02"", ""exception_code"": ""NONE""}]}",PROJECT44_API,2025-01-01 01:25:00,2026-08-05 02:59:59,BATCH_202501_RAW_CARRIER_TELEMETRY
TRK-25350342,SHP-00000496,"{""status"": ""DELIVERED"", ""events"": [{""epoch_time"": 1782797400, ""event"": ""PO_CONFIRMED"", ""location"": ""Supplier ERP"", ""exception_code"": ""NONE""}, {""epoch_time"": 1784608200, ""event"": ""SUPPLIER_HANDOVER"", ""location"": ""SUP-002"", ""exception_code"": ""NONE""}, {""epoch_time"": 1784860200, ""event"": ""DESTINATION_ARRIVAL"", ""location"": ""WH-BLR-04"", ""exception_code"": ""NONE""}, {""epoch_time"": 1784867400, ""event"": ""DOCK_RECEIVED"", ""location"": ""WH-BLR-04"", ""exception_code"": ""NONE""}]}",PROJECT44_API,2025-01-01 00:04:00,2026-08-05 02:59:59,BATCH_202501_RAW_CARRIER_TELEMETRY
